scan_id,facelet_idx,true_label,R,G,B,glare,lighting_gain
0,0,B,26,63,194,0,1.005
0,1,L,235,92,18,0,1.005
0,2,L,242,107,22,0,1.005
0,3,R,191,30,44,0,1.005
0,4,U,243,198,242,0,1.005
0,5,B,31,50,192,0,1.005
0,6,D,232,177,26,0,1.005
0,7,D,245,177,43,0,1.005
0,8,U,243,204,222,0,1.005
0,9,F,21,130,68,0,1.005
0,10,L,230,92,18,0,1.005
0,11,B,19,70,189,0,1.005
0,12,U,242,212,237,0,1.005
0,13,R,195,27,42,0,1.005
0,14,L,232,97,37,0,1.005
0,15,R,183,33,42,0,1.005
0,16,F,21,147,73,0,1.005
0,17,B,16,62,200,0,1.005
0,18,F,24,136,66,0,1.005
0,19,B,31,73,190,0,1.005
0,20,L,244,92,27,0,1.005
0,21,R,186,22,40,0,1.005
0,22,F,33,140,56,0,1.005
0,23,B,19,66,180,0,1.005
0,24,L,238,95,36,0,1.005
0,25,U,247,202,239,0,1.005
0,26,U,240,217,239,0,1.005
0,27,F,23,134,66,0,1.005
0,28,F,24,122,67,0,1.005
0,29,F,22,140,72,0,1.005
0,30,B,26,66,193,0,1.005
0,31,D,255,188,46,0,1.005
0,32,L,232,99,12,0,1.005
0,33,L,226,94,19,0,1.005
0,34,D,248,206,35,0,1.005
0,35,U,237,207,246,0,1.005
0,36,D,246,186,47,0,1.005
0,37,U,246,197,241,0,1.005
0,38,R,196,18,43,0,1.005
0,39,R,189,34,43,0,1.005
0,40,L,243,91,25,0,1.005
0,41,F,10,122,70,0,1.005
0,42,U,225,212,228,0,1.005
0,43,R,202,19,47,0,1.005
0,44,D,248,175,51,0,1.005
0,45,D,255,187,39,0,1.005
0,46,U,241,197,251,0,1.005
0,47,R,191,26,35,0,1.005
0,48,D,242,177,51,0,1.005
0,49,B,25,69,196,0,1.005
0,50,D,242,185,37,0,1.005
0,51,R,196,23,39,0,1.005
0,52,F,15,124,80,0,1.005
0,53,B,20,53,198,0,1.005
1,0,L,163,66,17,0,0.722
1,1,D,149,138,35,0,0.722
1,2,R,122,22,23,0,0.722
1,3,B,20,45,138,0,0.722
1,4,U,142,156,183,0,0.722
1,5,R,118,24,29,0,0.722
1,6,D,151,148,34,0,0.722
1,7,L,149,77,19,0,0.722
1,8,U,231,242,245,1,0.722
1,9,R,118,10,37,0,0.722
1,10,F,24,105,52,0,0.722
1,11,B,22,56,147,0,0.722
1,12,F,12,118,38,0,0.722
1,13,R,129,25,36,0,0.722
1,14,B,31,61,130,0,0.722
1,15,B,3,56,131,0,0.722
1,16,D,154,159,16,0,0.722
1,17,F,0,108,48,0,0.722
1,18,B,14,50,132,0,0.722
1,19,U,139,165,165,0,0.722
1,20,F,3,110,47,0,0.722
1,21,B,19,42,134,0,0.722
1,22,F,8,99,49,0,0.722
1,23,D,148,155,32,0,0.722
1,24,F,32,95,55,0,0.722
1,25,B,15,49,128,0,0.722
1,26,R,119,27,29,0,0.722
1,27,D,155,150,39,0,0.722
1,28,L,151,60,13,0,0.722
1,29,D,139,126,25,0,0.722
1,30,R,133,22,20,0,0.722
1,31,D,147,161,31,0,0.722
1,32,R,123,21,30,0,0.722
1,33,D,161,156,31,0,0.722
1,34,L,143,82,13,0,0.722
1,35,U,160,156,171,0,0.722
1,36,B,16,39,153,0,0.722
1,37,R,134,18,35,0,0.722
1,38,L,154,57,20,0,0.722
1,39,U,151,167,164,0,0.722
1,40,L,149,76,28,0,0.722
1,41,D,157,152,42,0,0.722
1,42,R,118,18,15,0,0.722
1,43,U,164,174,180,0,0.722
1,44,L,157,79,20,0,0.722
1,45,U,149,165,173,0,0.722
1,46,L,163,82,18,0,0.722
1,47,U,147,161,185,0,0.722
1,48,U,155,167,170,0,0.722
1,49,B,7,49,146,0,0.722
1,50,F,13,104,46,0,0.722
1,51,L,152,65,16,0,0.722
1,52,F,9,113,41,0,0.722
1,53,F,21,118,45,0,0.722
2,0,B,20,63,161,0,0.926
2,1,L,228,100,37,0,0.926
2,2,R,189,25,26,0,0.926
2,3,B,28,52,152,0,0.926
2,4,U,246,199,208,0,0.926
2,5,B,37,64,166,0,0.926
2,6,D,255,187,29,0,0.926
2,7,U,225,207,211,0,0.926
2,8,U,244,199,193,0,0.926
2,9,L,255,169,90,1,0.926
2,10,R,255,99,102,1,0.926
2,11,B,25,63,161,0,0.926
2,12,U,240,221,204,0,0.926
2,13,R,191,13,37,0,0.926
2,14,B,10,50,168,0,0.926
2,15,F,31,131,42,0,0.926
2,16,F,22,126,60,0,0.926
2,17,U,254,208,193,0,0.926
2,18,R,181,26,33,0,0.926
2,19,R,181,27,25,0,0.926
2,20,B,34,70,170,0,0.926
2,21,U,232,211,198,0,0.926
2,22,F,22,129,45,0,0.926
2,23,F,14,138,54,0,0.926
2,24,U,238,215,186,0,0.926
2,25,D,235,190,37,0,0.926
2,26,L,233,105,23,0,0.926
2,27,F,15,124,62,0,0.926
2,28,R,194,11,45,0,0.926
2,29,D,246,200,31,0,0.926
2,30,F,23,123,75,0,0.926
2,31,D,239,202,29,0,0.926
2,32,R,192,13,31,0,0.926
2,33,D,249,179,43,0,0.926
2,34,L,239,88,17,0,0.926
2,35,F,21,131,51,0,0.926
2,36,L,229,94,13,0,0.926
2,37,D,231,189,41,0,0.926
2,38,B,13,62,156,0,0.926
2,39,D,233,196,30,0,0.926
2,40,L,248,90,24,0,0.926
2,41,L,234,91,26,0,0.926
2,42,R,189,31,34,0,0.926
2,43,D,232,188,34,0,0.926
2,44,L,244,89,21,0,0.926
2,45,U,222,212,191,0,0.926
2,46,B,11,61,170,0,0.926
2,47,D,229,180,28,0,0.926
2,48,U,227,210,193,0,0.926
2,49,B,19,66,155,0,0.926
2,50,L,239,89,12,0,0.926
2,51,R,176,41,31,0,0.926
2,52,F,27,132,56,0,0.926
2,53,F,25,147,47,0,0.926
3,0,R,99,10,12,0,0.549
3,1,B,21,50,102,0,0.549
3,2,F,4,89,49,0,0.549
3,3,D,119,136,14,0,0.549
3,4,U,147,136,133,0,0.549
3,5,U,126,137,146,0,0.549
3,6,F,21,89,30,0,0.549
3,7,B,0,40,109,0,0.549
3,8,L,138,67,5,0,0.549
3,9,B,14,43,120,0,0.549
3,10,L,153,66,8,0,0.549
3,11,L,138,63,8,0,0.549
3,12,B,14,35,114,0,0.549
3,13,R,111,20,22,0,0.549
3,14,D,135,124,21,0,0.549
3,15,R,107,20,23,0,0.549
3,16,F,4,93,27,0,0.549
3,17,D,136,130,6,0,0.549
3,18,L,139,69,13,0,0.549
3,19,R,108,15,15,0,0.549
3,20,U,136,140,136,0,0.549
3,21,R,102,20,24,0,0.549
3,22,F,14,89,42,0,0.549
3,23,U,125,148,137,0,0.549
3,24,B,17,46,104,0,0.549
3,25,L,136,73,18,0,0.549
3,26,U,210,202,210,1,0.549
3,27,L,148,76,16,0,0.549
3,28,D,129,140,22,0,0.549
3,29,F,0,95,25,0,0.549
3,30,B,4,38,120,0,0.549
3,31,D,138,134,37,0,0.549
3,32,R,125,18,21,0,0.549
3,33,D,131,126,26,0,0.549
3,34,L,141,68,22,0,0.549
3,35,R,106,18,29,0,0.549
3,36,U,143,153,138,0,0.549
3,37,R,109,21,15,0,0.549
3,38,U,125,149,135,0,0.549
3,39,U,141,131,132,0,0.549
3,40,L,133,61,0,0,0.549
3,41,U,136,152,138,0,0.549
3,42,B,10,43,115,0,0.549
3,43,L,116,67,19,0,0.549
3,44,D,147,146,32,0,0.549
3,45,D,144,134,29,0,0.549
3,46,D,137,132,30,0,0.549
3,47,B,30,42,109,0,0.549
3,48,F,16,103,37,0,0.549
3,49,B,26,35,108,0,0.549
3,50,F,13,98,46,0,0.549
3,51,F,3,85,40,0,0.549
3,52,F,9,80,46,0,0.549
3,53,R,116,22,19,0,0.549
4,0,F,101,232,148,1,1.078
4,1,R,168,26,44,0,1.078
4,2,B,17,82,203,0,1.078
4,3,L,209,121,24,0,1.078
4,4,U,224,252,245,0,1.078
4,5,L,226,138,42,0,1.078
4,6,F,24,166,81,0,1.078
4,7,F,22,156,70,0,1.078
4,8,U,220,251,236,0,1.078
4,9,B,12,82,195,0,1.078
4,10,U,255,255,255,1,1.078
4,11,R,173,37,35,0,1.078
4,12,R,172,25,51,0,1.078
4,13,R,175,27,40,0,1.078
4,14,F,21,170,56,0,1.078
4,15,L,208,117,47,0,1.078
4,16,F,31,163,74,0,1.078
4,17,L,233,119,24,0,1.078
4,18,R,185,37,48,0,1.078
4,19,U,213,255,255,0,1.078
4,20,R,180,38,26,0,1.078
4,21,U,222,255,252,0,1.078
4,22,F,29,162,55,0,1.078
4,23,B,26,71,198,0,1.078
4,24,R,170,30,24,0,1.078
4,25,U,226,255,255,0,1.078
4,26,U,233,255,234,0,1.078
4,27,F,16,155,65,0,1.078
4,28,B,24,61,204,0,1.078
4,29,B,11,79,200,0,1.078
4,30,D,219,235,38,0,1.078
4,31,D,216,222,42,0,1.078
4,32,L,232,136,37,0,1.078
4,33,D,227,230,54,0,1.078
4,34,D,221,235,40,0,1.078
4,35,B,24,73,200,0,1.078
4,36,L,208,117,45,0,1.078
4,37,B,23,75,205,0,1.078
4,38,D,227,227,41,0,1.078
4,39,R,183,35,43,0,1.078
4,40,L,229,115,27,0,1.078
4,41,R,171,45,27,0,1.078
4,42,F,18,160,74,0,1.078
4,43,L,222,132,14,0,1.078
4,44,U,223,255,243,0,1.078
4,45,D,226,228,26,0,1.078
4,46,D,218,223,37,0,1.078
4,47,U,220,255,255,0,1.078
4,48,D,220,223,36,0,1.078
4,49,B,16,67,205,0,1.078
4,50,F,18,148,74,0,1.078
4,51,D,220,238,43,0,1.078
4,52,B,28,77,211,0,1.078
4,53,L,255,194,100,1,1.078
5,0,F,13,181,83,0,1.17
5,1,U,236,255,255,0,1.17
5,2,R,191,27,38,0,1.17
5,3,L,233,133,27,0,1.17
5,4,U,236,255,255,0,1.17
5,5,B,19,85,255,0,1.17
5,6,D,255,253,48,0,1.17
5,7,L,228,140,23,0,1.17
5,8,U,231,255,255,0,1.17
5,9,F,17,178,68,0,1.17
5,10,D,228,255,53,0,1.17
5,11,B,93,141,255,1,1.17
5,12,U,241,255,255,0,1.17
5,13,R,183,41,47,0,1.17
5,14,L,225,127,44,0,1.17
5,15,F,27,191,81,0,1.17
5,16,D,255,255,121,1,1.17
5,17,L,255,140,29,0,1.17
5,18,L,234,136,42,0,1.17
5,19,D,236,247,50,0,1.17
5,20,L,235,134,43,0,1.17
5,21,F,28,189,76,0,1.17
5,22,F,32,199,91,0,1.17
5,23,B,27,86,255,0,1.17
5,24,U,227,255,255,0,1.17
5,25,L,241,130,35,0,1.17
5,26,R,188,37,51,0,1.17
5,27,L,226,133,40,0,1.17
5,28,F,17,180,90,0,1.17
5,29,U,226,255,255,0,1.17
5,30,D,249,255,68,0,1.17
5,31,D,238,255,53,0,1.17
5,32,R,191,49,42,0,1.17
5,33,R,198,36,63,0,1.17
5,34,R,191,31,54,0,1.17
5,35,B,31,85,251,0,1.17
5,36,R,186,19,59,0,1.17
5,37,U,240,255,255,0,1.17
5,38,F,33,178,79,0,1.17
5,39,F,23,192,74,0,1.17
5,40,L,244,128,24,0,1.17
5,41,R,200,36,42,0,1.17
5,42,D,237,255,62,0,1.17
5,43,F,22,185,90,0,1.17
5,44,B,20,88,247,0,1.17
5,45,U,231,255,255,0,1.17
5,46,R,190,32,49,0,1.17
5,47,D,249,255,59,0,1.17
5,48,B,35,90,255,0,1.17
5,49,B,18,91,245,0,1.17
5,50,U,250,255,255,0,1.17
5,51,D,232,255,58,0,1.17
5,52,B,31,84,251,0,1.17
5,53,B,30,84,255,0,1.17
6,0,B,9,89,222,0,1.097
6,1,F,35,178,72,0,1.097
6,2,R,210,29,41,0,1.097
6,3,U,243,255,255,0,1.097
6,4,U,255,255,255,0,1.097
6,5,B,27,83,235,0,1.097
6,6,F,36,177,77,0,1.097
6,7,R,205,37,41,0,1.097
6,8,R,215,33,52,0,1.097
6,9,B,21,87,233,0,1.097
6,10,R,203,52,51,0,1.097
6,11,B,41,92,225,0,1.097
6,12,R,204,39,49,0,1.097
6,13,R,207,34,34,0,1.097
6,14,U,254,255,255,0,1.097
6,15,L,250,126,29,0,1.097
6,16,L,255,120,16,0,1.097
6,17,L,247,115,23,0,1.097
6,18,R,219,27,54,0,1.097
6,19,D,250,255,46,0,1.097
6,20,D,255,255,62,0,1.097
6,21,F,29,181,71,0,1.097
6,22,F,32,178,85,0,1.097
6,23,U,255,255,255,0,1.097
6,24,F,25,187,76,0,1.097
6,25,D,255,255,37,0,1.097
6,26,D,255,255,58,0,1.097
6,27,U,247,255,255,0,1.097
6,28,B,35,77,224,0,1.097
6,29,F,34,187,76,0,1.097
6,30,L,247,119,25,0,1.097
6,31,D,243,255,43,0,1.097
6,32,F,31,195,88,0,1.097
6,33,D,252,255,58,0,1.097
6,34,B,21,76,229,0,1.097
6,35,F,14,192,59,0,1.097
6,36,U,247,255,255,0,1.097
6,37,F,29,182,77,0,1.097
6,38,D,255,241,48,0,1.097
6,39,U,250,255,255,0,1.097
6,40,L,248,127,37,0,1.097
6,41,R,210,31,65,0,1.097
6,42,L,255,120,33,0,1.097
6,43,D,255,255,50,0,1.097
6,44,R,205,32,47,0,1.097
6,45,U,251,255,255,0,1.097
6,46,D,255,248,48,0,1.097
6,47,L,249,130,39,0,1.097
6,48,B,30,88,233,0,1.097
6,49,B,28,83,228,0,1.097
6,50,L,255,123,41,0,1.097
6,51,U,255,255,255,0,1.097
6,52,L,250,133,25,0,1.097
6,53,B,36,78,212,0,1.097
7,0,F,13,122,53,0,0.798
7,1,L,190,106,10,0,0.798
7,2,D,179,211,35,0,0.798
7,3,R,147,36,52,0,0.798
7,4,U,192,217,195,0,0.798
7,5,D,190,192,24,0,0.798
7,6,R,147,20,32,0,0.798
7,7,B,20,83,149,0,0.798
7,8,U,180,214,196,0,0.798
7,9,F,28,134,47,0,0.798
7,10,L,168,93,25,0,0.798
7,11,B,20,56,153,0,0.798
7,12,L,182,105,16,0,0.798
7,13,R,145,13,24,0,0.798
7,14,D,198,180,30,0,0.798
7,15,L,183,98,14,0,0.798
7,16,U,181,215,192,0,0.798
7,17,L,166,100,14,0,0.798
7,18,F,15,139,58,0,0.798
7,19,D,192,193,40,0,0.798
7,20,L,191,110,32,0,0.798
7,21,F,18,136,60,0,0.798
7,22,F,8,139,49,0,0.798
7,23,B,16,50,149,0,0.798
7,24,B,19,71,164,0,0.798
7,25,L,181,99,14,0,0.798
7,26,D,189,195,38,0,0.798
7,27,U,195,215,181,0,0.798
7,28,F,12,126,44,0,0.798
7,29,F,30,139,41,0,0.798
7,30,U,187,226,190,0,0.798
7,31,D,180,194,35,0,0.798
7,32,R,152,37,42,0,0.798
7,33,B,29,75,161,0,0.798
7,34,D,173,196,35,0,0.798
7,35,B,16,71,153,0,0.798
7,36,R,139,39,38,0,0.798
7,37,B,21,72,164,0,0.798
7,38,U,184,196,187,0,0.798
7,39,R,143,20,34,0,0.798
7,40,L,191,97,11,0,0.798
7,41,U,198,212,183,0,0.798
7,42,U,183,219,187,0,0.798
7,43,B,26,60,148,0,0.798
7,44,L,183,107,15,0,0.798
7,45,R,149,27,55,0,0.798
7,46,U,176,227,192,0,0.798
7,47,D,184,203,40,0,0.798
7,48,R,157,30,28,0,0.798
7,49,B,15,68,160,0,0.798
7,50,F,30,141,62,0,0.798
7,51,D,197,199,21,0,0.798
7,52,F,10,126,66,0,0.798
7,53,R,140,37,37,0,0.798
8,0,L,203,110,22,0,0.82
8,1,F,89,210,130,1,0.82
8,2,L,255,172,106,1,0.82
8,3,L,176,105,15,0,0.82
8,4,U,191,226,212,0,0.82
8,5,D,200,188,45,0,0.82
8,6,D,189,205,38,0,0.82
8,7,D,243,255,108,1,0.82
8,8,B,33,67,174,0,0.82
8,9,R,142,39,51,0,0.82
8,10,L,190,101,10,0,0.82
8,11,U,197,241,219,0,0.82
8,12,F,30,144,51,0,0.82
8,13,R,164,18,35,0,0.82
8,14,U,192,226,216,0,0.82
8,15,B,23,59,162,0,0.82
8,16,R,154,22,26,0,0.82
8,17,U,179,215,198,0,0.82
8,18,R,142,15,38,0,0.82
8,19,R,156,44,24,0,0.82
8,20,U,184,226,211,0,0.82
8,21,D,191,214,34,0,0.82
8,22,F,11,129,62,0,0.82
8,23,U,192,208,205,0,0.82
8,24,R,228,103,101,1,0.82
8,25,R,158,33,22,0,0.82
8,26,D,191,204,32,0,0.82
8,27,D,176,198,42,0,0.82
8,28,F,33,122,80,0,0.82
8,29,L,181,110,33,0,0.82
8,30,B,28,66,163,0,0.82
8,31,D,199,195,16,0,0.82
8,32,B,43,71,187,0,0.82
8,33,L,182,114,35,0,0.82
8,34,D,206,200,27,0,0.82
8,35,F,19,122,45,0,0.82
8,36,F,21,132,58,0,0.82
8,37,U,189,234,223,0,0.82
8,38,B,20,75,166,0,0.82
8,39,B,17,72,162,0,0.82
8,40,L,187,92,24,0,0.82
8,41,B,103,129,244,1,0.82
8,42,F,13,131,49,0,0.82
8,43,U,201,238,217,0,0.82
8,44,F,14,145,56,0,0.82
8,45,B,27,68,174,0,0.82
8,46,L,194,98,19,0,0.82
8,47,D,180,197,25,0,0.82
8,48,R,152,20,37,0,0.82
8,49,B,24,54,166,0,0.82
8,50,L,182,108,36,0,0.82
8,51,R,160,25,48,0,0.82
8,52,F,8,152,54,0,0.82
8,53,U,237,255,255,1,0.82
9,0,B,22,99,221,0,1.276
9,1,L,255,142,24,0,1.276
9,2,U,255,255,255,0,1.276
9,3,R,229,61,41,0,1.276
9,4,U,255,255,255,0,1.276
9,5,U,255,255,255,0,1.276
9,6,D,255,255,44,0,1.276
9,7,U,255,255,255,0,1.276
9,8,F,35,205,69,0,1.276
9,9,U,255,255,255,0,1.276
9,10,L,255,161,29,0,1.276
9,11,L,255,147,22,0,1.276
9,12,B,22,95,219,0,1.276
9,13,R,235,39,45,0,1.276
9,14,F,20,223,80,0,1.276
9,15,R,243,48,59,0,1.276
9,16,F,28,215,98,0,1.276
9,17,B,20,107,236,0,1.276
9,18,L,255,160,40,0,1.276
9,19,B,25,101,216,0,1.276
9,20,R,223,37,46,0,1.276
9,21,U,255,255,255,0,1.276
9,22,F,46,219,82,0,1.276
9,23,L,255,153,34,0,1.276
9,24,R,232,28,53,0,1.276
9,25,B,54,83,231,0,1.276
9,26,D,255,255,58,0,1.276
9,27,D,255,255,129,1,1.276
9,28,D,255,255,48,0,1.276
9,29,B,26,111,215,0,1.276
9,30,U,255,255,255,0,1.276
9,31,D,255,255,47,0,1.276
9,32,L,255,150,42,0,1.276
9,33,L,255,215,111,1,1.276
9,34,R,230,55,50,0,1.276
9,35,U,255,255,255,0,1.276
9,36,L,255,154,30,0,1.276
9,37,F,29,205,92,0,1.276
9,38,F,30,200,72,0,1.276
9,39,D,255,255,46,0,1.276
9,40,L,255,154,16,0,1.276
9,41,R,218,49,43,0,1.276
9,42,U,255,255,255,0,1.276
9,43,F,30,227,82,0,1.276
9,44,F,27,216,80,0,1.276
9,45,F,23,210,75,0,1.276
9,46,D,255,255,45,0,1.276
9,47,D,255,255,44,0,1.276
9,48,D,255,255,38,0,1.276
9,49,B,35,88,221,0,1.276
9,50,R,239,36,43,0,1.276
9,51,R,255,109,114,1,1.276
9,52,B,32,107,205,0,1.276
9,53,B,23,90,214,0,1.276
10,0,L,242,121,32,0,1.072
10,1,F,19,175,79,0,1.072
10,2,B,21,82,235,0,1.072
10,3,L,252,123,29,0,1.072
10,4,U,242,255,255,0,1.072
10,5,B,20,80,231,0,1.072
10,6,D,251,251,38,0,1.072
10,7,D,248,246,64,0,1.072
10,8,R,198,31,42,0,1.072
10,9,B,25,87,223,0,1.072
10,10,D,255,251,58,0,1.072
10,11,D,255,255,35,0,1.072
10,12,F,26,174,74,0,1.072
10,13,R,184,42,44,0,1.072
10,14,F,23,172,74,0,1.072
10,15,U,253,255,255,0,1.072
10,16,R,204,36,44,0,1.072
10,17,F,22,168,75,0,1.072
10,18,L,255,119,41,0,1.072
10,19,R,208,31,53,0,1.072
10,20,D,243,236,36,0,1.072
10,21,R,198,32,43,0,1.072
10,22,F,27,157,80,0,1.072
10,23,U,238,255,255,0,1.072
10,24,B,17,70,213,0,1.072
10,25,L,249,132,34,0,1.072
10,26,F,19,168,68,0,1.072
10,27,R,205,19,57,0,1.072
10,28,D,251,243,49,0,1.072
10,29,R,210,38,55,0,1.072
10,30,U,251,255,255,0,1.072
10,31,D,254,255,48,0,1.072
10,32,B,27,74,219,0,1.072
10,33,U,255,255,255,0,1.072
10,34,L,252,130,11,0,1.072
10,35,D,254,255,41,0,1.072
10,36,B,27,62,227,0,1.072
10,37,U,244,255,255,0,1.072
10,38,F,32,172,82,0,1.072
10,39,R,194,30,65,0,1.072
10,40,L,243,122,27,0,1.072
10,41,U,241,255,255,0,1.072
10,42,L,244,114,39,0,1.072
10,43,B,35,88,231,0,1.072
10,44,U,242,255,255,0,1.072
10,45,L,238,136,24,0,1.072
10,46,D,255,250,42,0,1.072
10,47,U,255,255,255,0,1.072
10,48,L,240,131,40,0,1.072
10,49,B,23,75,230,0,1.072
10,50,F,28,165,73,0,1.072
10,51,R,196,37,48,0,1.072
10,52,B,36,87,209,0,1.072
10,53,F,30,181,79,0,1.072
11,0,D,255,217,26,0,0.982
11,1,R,210,22,16,0,0.982
11,2,B,35,66,157,0,0.982
11,3,F,85,214,115,1,0.982
11,4,U,247,245,178,0,0.982
11,5,U,255,233,188,0,0.982
11,6,B,32,72,147,0,0.982
11,7,B,111,135,231,1,0.982
11,8,U,252,254,193,0,0.982
11,9,L,255,107,30,0,0.982
11,10,B,20,69,174,0,0.982
11,11,R,205,32,51,0,0.982
11,12,D,255,215,39,0,0.982
11,13,R,193,40,43,0,0.982
11,14,U,245,237,198,0,0.982
11,15,U,250,234,201,0,0.982
11,16,D,255,255,100,1,0.982
11,17,L,248,116,11,0,0.982
11,18,L,255,112,16,0,0.982
11,19,L,239,104,24,0,0.982
11,20,B,19,73,168,0,0.982
11,21,R,210,43,31,0,0.982
11,22,F,18,163,57,0,0.982
11,23,L,255,113,30,0,0.982
11,24,F,33,160,58,0,0.982
11,25,D,255,224,35,0,0.982
11,26,R,210,27,47,0,0.982
11,27,U,249,250,196,0,0.982
11,28,B,25,88,157,0,0.982
11,29,B,16,66,156,0,0.982
11,30,B,44,74,166,0,0.982
11,31,D,247,224,39,0,0.982
11,32,F,41,149,59,0,0.982
11,33,F,29,146,54,0,0.982
11,34,U,255,255,255,1,0.982
11,35,F,31,151,44,0,0.982
11,36,L,255,116,29,0,0.982
11,37,L,255,109,27,0,0.982
11,38,D,253,221,33,0,0.982
11,39,R,202,40,34,0,0.982
11,40,L,249,111,24,0,0.982
11,41,U,243,238,196,0,0.982
11,42,D,251,221,29,0,0.982
11,43,R,218,42,37,0,0.982
11,44,R,202,48,36,0,0.982
11,45,D,255,224,36,0,0.982
11,46,F,38,154,71,0,0.982
11,47,F,20,160,46,0,0.982
11,48,L,255,111,20,0,0.982
11,49,B,34,82,150,0,0.982
11,50,D,252,211,35,0,0.982
11,51,U,249,239,191,0,0.982
11,52,F,23,149,59,0,0.982
11,53,R,214,15,33,0,0.982
12,0,F,28,205,64,0,1.223
12,1,L,255,139,33,0,1.223
12,2,D,255,255,47,0,1.223
12,3,F,30,189,76,0,1.223
12,4,U,255,255,255,0,1.223
12,5,U,255,255,252,0,1.223
12,6,F,44,213,66,0,1.223
12,7,D,255,255,40,0,1.223
12,8,U,255,255,248,0,1.223
12,9,F,22,209,66,0,1.223
12,10,L,255,153,34,0,1.223
12,11,B,29,94,202,0,1.223
12,12,D,255,255,35,0,1.223
12,13,R,241,46,48,0,1.223
12,14,U,255,255,254,0,1.223
12,15,L,255,137,29,0,1.223
12,16,D,255,255,45,0,1.223
12,17,R,255,105,115,1,1.223
12,18,R,231,33,41,0,1.223
12,19,F,34,200,64,0,1.223
12,20,L,255,143,23,0,1.223
12,21,U,255,255,255,0,1.223
12,22,F,19,201,77,0,1.223
12,23,L,255,150,19,0,1.223
12,24,B,42,103,211,0,1.223
12,25,R,227,32,52,0,1.223
12,26,U,255,255,255,0,1.223
12,27,L,255,146,27,0,1.223
12,28,B,35,82,216,0,1.223
12,29,B,42,85,198,0,1.223
12,30,R,255,105,95,1,1.223
12,31,D,255,255,40,0,1.223
12,32,R,255,41,38,0,1.223
12,33,R,242,32,38,0,1.223
12,34,F,35,197,68,0,1.223
12,35,B,45,101,215,0,1.223
12,36,D,255,255,56,0,1.223
12,37,U,255,255,251,0,1.223
12,38,D,255,255,41,0,1.223
12,39,B,36,106,203,0,1.223
12,40,L,255,145,22,0,1.223
12,41,B,22,94,195,0,1.223
12,42,U,255,255,253,0,1.223
12,43,F,24,190,86,0,1.223
12,44,D,255,255,49,0,1.223
12,45,R,238,31,52,0,1.223
12,46,B,46,87,206,0,1.223
12,47,L,255,150,43,0,1.223
12,48,R,236,45,34,0,1.223
12,49,B,48,88,191,0,1.223
12,50,D,255,255,59,0,1.223
12,51,U,255,255,255,0,1.223
12,52,L,255,147,36,0,1.223
12,53,F,36,199,72,0,1.223
13,0,D,242,185,47,0,0.974
13,1,R,180,36,45,0,0.974
13,2,D,241,187,36,0,0.974
13,3,F,29,140,63,0,0.974
13,4,U,245,206,222,0,0.974
13,5,L,224,105,25,0,0.974
13,6,B,22,72,183,0,0.974
13,7,L,214,99,12,0,0.974
13,8,U,245,231,216,0,0.974
13,9,B,26,61,181,0,0.974
13,10,F,30,145,53,0,0.974
13,11,R,204,19,40,0,0.974
13,12,R,201,33,30,0,0.974
13,13,R,186,23,37,0,0.974
13,14,R,201,17,41,0,0.974
13,15,D,247,197,41,0,0.974
13,16,U,249,215,227,0,0.974
13,17,L,241,113,8,0,0.974
13,18,U,247,209,218,0,0.974
13,19,D,234,178,34,0,0.974
13,20,R,186,31,26,0,0.974
13,21,B,37,65,176,0,0.974
13,22,F,20,128,52,0,0.974
13,23,B,21,63,176,0,0.974
13,24,U,225,209,213,0,0.974
13,25,F,26,149,66,0,0.974
13,26,L,234,86,12,0,0.974
13,27,R,178,33,31,0,0.974
13,28,U,237,206,221,0,0.974
13,29,B,36,57,175,0,0.974
13,30,L,230,106,15,0,0.974
13,31,D,233,182,26,0,0.974
13,32,R,195,47,29,0,0.974
13,33,L,244,101,15,0,0.974
13,34,B,23,61,172,0,0.974
13,35,F,41,119,64,0,0.974
13,36,R,194,22,39,0,0.974
13,37,D,249,194,41,0,0.974
13,38,L,242,82,35,0,0.974
13,39,L,255,106,32,0,0.974
13,40,L,225,98,17,0,0.974
13,41,U,232,218,214,0,0.974
13,42,D,241,178,36,0,0.974
13,43,U,237,205,214,0,0.974
13,44,F,40,125,52,0,0.974
13,45,F,19,144,78,0,0.974
13,46,F,28,129,57,0,0.974
13,47,B,34,55,190,0,0.974
13,48,D,253,193,43,0,0.974
13,49,B,31,75,169,0,0.974
13,50,B,35,60,172,0,0.974
13,51,U,238,209,212,0,0.974
13,52,D,229,185,49,0,0.974
13,53,F,41,140,70,0,0.974
14,0,U,232,255,223,0,1.087
14,1,R,182,29,38,0,1.087
14,2,F,23,174,64,0,1.087
14,3,F,23,191,61,0,1.087
14,4,U,234,255,219,0,1.087
14,5,D,255,255,114,1,1.087
14,6,L,241,144,10,0,1.087
14,7,F,22,179,62,0,1.087
14,8,D,238,255,44,0,1.087
14,9,R,192,27,48,0,1.087
14,10,B,33,81,185,0,1.087
14,11,U,230,255,219,0,1.087
14,12,B,19,82,172,0,1.087
14,13,R,192,38,38,0,1.087
14,14,D,237,233,38,0,1.087
14,15,F,10,185,70,0,1.087
14,16,R,193,33,36,0,1.087
14,17,L,235,130,19,0,1.087
14,18,D,234,255,37,0,1.087
14,19,D,249,255,38,0,1.087
14,20,B,24,89,185,0,1.087
14,21,L,255,199,87,1,1.087
14,22,F,38,181,59,0,1.087
14,23,R,203,45,42,0,1.087
14,24,R,188,55,41,0,1.087
14,25,R,195,35,26,0,1.087
14,26,L,225,137,27,0,1.087
14,27,F,23,173,49,0,1.087
14,28,U,234,255,228,0,1.087
14,29,D,250,255,45,0,1.087
14,30,B,90,148,221,1,1.087
14,31,D,236,255,45,0,1.087
14,32,F,30,187,63,0,1.087
14,33,F,30,194,52,0,1.087
14,34,U,232,255,233,0,1.087
14,35,U,247,255,211,0,1.087
14,36,B,27,83,179,0,1.087
14,37,U,235,255,217,0,1.087
14,38,B,32,87,176,0,1.087
14,39,L,235,130,30,0,1.087
14,40,L,234,136,20,0,1.087
14,41,U,224,255,212,0,1.087
14,42,D,247,255,24,0,1.087
14,43,L,229,130,17,0,1.087
14,44,U,227,255,219,0,1.087
14,45,L,239,131,26,0,1.087
14,46,D,255,255,112,1,1.087
14,47,R,191,33,29,0,1.087
14,48,L,237,137,21,0,1.087
14,49,B,19,90,198,0,1.087
14,50,F,23,185,64,0,1.087
14,51,B,5,86,173,0,1.087
14,52,B,36,83,172,0,1.087
14,53,R,189,38,33,0,1.087
15,0,D,179,132,26,0,0.659
15,1,D,186,159,33,0,0.659
15,2,D,182,153,36,0,0.659
15,3,L,189,82,16,0,0.659
15,4,U,178,158,165,0,0.659
15,5,R,144,14,11,0,0.659
15,6,U,241,210,233,1,0.659
15,7,B,19,33,137,0,0.659
15,8,D,187,144,41,0,0.659
15,9,L,191,64,26,0,0.659
15,10,D,183,147,35,0,0.659
15,11,R,137,15,21,0,0.659
15,12,U,170,156,151,0,0.659
15,13,R,134,25,27,0,0.659
15,14,L,179,58,11,0,0.659
15,15,U,172,157,158,0,0.659
15,16,D,187,143,28,0,0.659
15,17,D,180,149,24,0,0.659
15,18,R,151,24,29,0,0.659
15,19,U,176,161,171,0,0.659
15,20,F,26,103,52,0,0.659
15,21,F,20,110,45,0,0.659
15,22,F,2,111,46,0,0.659
15,23,F,9,98,38,0,0.659
15,24,L,193,77,5,0,0.659
15,25,L,180,70,33,0,0.659
15,26,R,134,2,28,0,0.659
15,27,U,173,153,145,0,0.659
15,28,U,180,170,147,0,0.659
15,29,B,28,42,150,0,0.659
15,30,U,180,155,171,0,0.659
15,31,D,184,138,33,0,0.659
15,32,B,15,32,148,0,0.659
15,33,U,173,152,165,0,0.659
15,34,D,167,132,24,0,0.659
15,35,B,15,47,140,0,0.659
15,36,B,15,51,136,0,0.659
15,37,F,10,102,37,0,0.659
15,38,F,27,104,45,0,0.659
15,39,B,8,48,125,0,0.659
15,40,L,182,72,11,0,0.659
15,41,R,150,26,23,0,0.659
15,42,B,28,44,129,0,0.659
15,43,R,143,14,24,0,0.659
15,44,F,17,112,57,0,0.659
15,45,F,17,113,45,0,0.659
15,46,L,179,80,20,0,0.659
15,47,L,195,75,8,0,0.659
15,48,B,29,43,129,0,0.659
15,49,B,0,55,138,0,0.659
15,50,R,149,28,41,0,0.659
15,51,R,142,27,22,0,0.659
15,52,F,16,108,48,0,0.659
15,53,L,165,76,16,0,0.659
16,0,R,158,34,30,0,0.901
16,1,L,191,102,35,0,0.901
16,2,F,10,152,59,0,0.901
16,3,F,27,141,51,0,0.901
16,4,U,205,243,190,0,0.901
16,5,F,12,159,63,0,0.901
16,6,U,207,231,198,0,0.901
16,7,U,205,243,185,0,0.901
16,8,L,205,109,12,0,0.901
16,9,D,210,216,30,0,0.901
16,10,U,207,225,194,0,0.901
16,11,L,208,113,29,0,0.901
16,12,U,194,224,197,0,0.901
16,13,R,169,47,38,0,0.901
16,14,L,197,117,14,0,0.901
16,15,F,10,172,56,0,0.901
16,16,D,214,221,48,0,0.901
16,17,B,24,80,149,0,0.901
16,18,L,193,122,33,0,0.901
16,19,L,208,112,22,0,0.901
16,20,B,16,83,163,0,0.901
16,21,R,169,33,42,0,0.901
16,22,F,26,157,45,0,0.901
16,23,B,26,88,153,0,0.901
16,24,U,203,243,202,0,0.901
16,25,F,27,138,58,0,0.901
16,26,U,195,230,199,0,0.901
16,27,B,19,77,183,0,0.901
16,28,L,210,116,14,0,0.901
16,29,L,199,102,16,0,0.901
16,30,F,13,145,52,0,0.901
16,31,D,200,205,22,0,0.901
16,32,B,25,71,166,0,0.901
16,33,D,217,213,39,0,0.901
16,34,R,153,48,43,0,0.901
16,35,R,163,21,36,0,0.901
16,36,F,7,144,60,0,0.901
16,37,D,209,212,41,0,0.901
16,38,B,13,73,154,0,0.901
16,39,R,158,34,25,0,0.901
16,40,L,219,106,37,0,0.901
16,41,D,200,221,24,0,0.901
16,42,R,154,31,39,0,0.901
16,43,R,155,40,27,0,0.901
16,44,R,166,33,38,0,0.901
16,45,D,194,229,38,0,0.901
16,46,B,88,132,214,1,0.901
16,47,U,193,240,192,0,0.901
16,48,D,199,212,46,0,0.901
16,49,B,19,66,168,0,0.901
16,50,U,208,236,190,0,0.901
16,51,D,196,207,29,0,0.901
16,52,B,20,73,162,0,0.901
16,53,F,23,152,46,0,0.901
17,0,L,208,108,18,0,0.915
17,1,U,255,255,255,1,0.915
17,2,F,15,152,67,0,0.915
17,3,L,220,116,24,0,0.915
17,4,U,217,239,255,0,0.915
17,5,R,177,40,52,0,0.915
17,6,D,242,212,57,0,0.915
17,7,B,25,69,192,0,0.915
17,8,U,230,239,239,0,0.915
17,9,L,236,106,17,0,0.915
17,10,D,236,224,50,0,0.915
17,11,L,217,121,29,0,0.915
17,12,B,38,61,196,0,0.915
17,13,R,180,18,35,0,0.915
17,14,D,239,215,35,0,0.915
17,15,F,101,230,144,1,0.915
17,16,L,219,111,34,0,0.915
17,17,R,177,25,48,0,0.915
17,18,R,195,21,20,0,0.915
17,19,R,171,22,40,0,0.915
17,20,B,29,70,189,0,0.915
17,21,F,25,145,66,0,0.915
17,22,F,19,174,73,0,0.915
17,23,U,219,231,237,0,0.915
17,24,L,212,106,20,0,0.915
17,25,D,237,215,35,0,0.915
17,26,D,219,209,40,0,0.915
17,27,D,228,228,36,0,0.915
17,28,L,234,114,26,0,0.915
17,29,R,166,20,47,0,0.915
17,30,D,241,220,47,0,0.915
17,31,D,227,216,36,0,0.915
17,32,F,32,155,65,0,0.915
17,33,F,21,157,69,0,0.915
17,34,F,17,166,69,0,0.915
17,35,B,24,83,203,0,0.915
17,36,U,225,243,232,0,0.915
17,37,B,19,53,204,0,0.915
17,38,B,9,77,188,0,0.915
17,39,U,217,237,242,0,0.915
17,40,L,230,126,28,0,0.915
17,41,R,189,26,47,0,0.915
17,42,R,183,27,40,0,0.915
17,43,B,23,73,198,0,0.915
17,44,B,20,65,200,0,0.915
17,45,D,217,214,53,0,0.915
17,46,L,204,106,31,0,0.915
17,47,F,11,173,46,0,0.915
17,48,F,35,165,74,0,0.915
17,49,B,22,74,187,0,0.915
17,50,R,189,22,39,0,0.915
17,51,U,233,230,237,0,0.915
17,52,U,227,228,250,0,0.915
17,53,U,228,227,240,0,0.915
18,0,D,230,244,46,0,1.027
18,1,R,181,43,40,0,1.027
18,2,L,239,127,35,0,1.027
18,3,D,232,245,36,0,1.027
18,4,U,236,255,255,0,1.027
18,5,F,35,176,72,0,1.027
18,6,R,190,35,57,0,1.027
18,7,F,102,237,138,1,1.027
18,8,R,255,107,114,1,1.027
18,9,U,241,255,255,0,1.027
18,10,U,228,255,255,0,1.027
18,11,F,15,169,68,0,1.027
18,12,B,30,81,216,0,1.027
18,13,R,174,34,34,0,1.027
18,14,U,234,255,255,0,1.027
18,15,L,248,132,33,0,1.027
18,16,D,238,248,53,0,1.027
18,17,L,240,117,37,0,1.027
18,18,F,29,182,78,0,1.027
18,19,L,222,118,43,0,1.027
18,20,B,27,70,219,0,1.027
18,21,U,229,255,249,0,1.027
18,22,F,12,176,73,0,1.027
18,23,R,185,37,50,0,1.027
18,24,B,8,79,209,0,1.027
18,25,U,222,255,255,0,1.027
18,26,B,22,70,212,0,1.027
18,27,D,253,241,32,0,1.027
18,28,L,234,132,32,0,1.027
18,29,D,227,255,39,0,1.027
18,30,L,222,123,28,0,1.027
18,31,D,242,254,45,0,1.027
18,32,F,32,175,81,0,1.027
18,33,L,220,115,35,0,1.027
18,34,R,176,32,45,0,1.027
18,35,U,228,255,255,0,1.027
18,36,F,4,181,92,0,1.027
18,37,B,25,81,222,0,1.027
18,38,U,246,255,255,0,1.027
18,39,L,230,132,30,0,1.027
18,40,L,237,124,29,0,1.027
18,41,B,19,76,215,0,1.027
18,42,D,235,240,58,0,1.027
18,43,B,24,70,225,0,1.027
18,44,R,181,39,45,0,1.027
18,45,U,233,255,255,0,1.027
18,46,D,255,255,98,1,1.027
18,47,R,188,38,37,0,1.027
18,48,R,176,52,42,0,1.027
18,49,B,41,85,217,0,1.027
18,50,D,240,254,55,0,1.027
18,51,B,28,82,217,0,1.027
18,52,F,35,180,66,0,1.027
18,53,F,20,177,69,0,1.027
19,0,F,18,130,49,0,0.838
19,1,F,25,146,51,0,0.838
19,2,F,38,137,77,0,0.838
19,3,D,212,202,27,0,0.838
19,4,U,178,215,186,0,0.838
19,5,D,220,187,47,0,0.838
19,6,L,198,107,0,0,0.838
19,7,R,163,25,37,0,0.838
19,8,D,205,189,39,0,0.838
19,9,R,167,32,40,0,0.838
19,10,F,30,138,40,0,0.838
19,11,R,151,38,37,0,0.838
19,12,L,201,98,20,0,0.838
19,13,R,162,25,26,0,0.838
19,14,U,217,218,180,0,0.838
19,15,B,11,59,155,0,0.838
19,16,B,27,63,150,0,0.838
19,17,D,202,189,42,0,0.838
19,18,U,203,236,179,0,0.838
19,19,U,199,223,183,0,0.838
19,20,B,80,127,220,1,0.838
19,21,R,165,27,39,0,0.838
19,22,F,29,141,51,0,0.838
19,23,F,19,142,58,0,0.838
19,24,L,201,105,17,0,0.838
19,25,B,10,56,155,0,0.838
19,26,L,204,114,20,0,0.838
19,27,D,211,208,39,0,0.838
19,28,L,195,100,21,0,0.838
19,29,U,192,220,193,0,0.838
19,30,R,158,43,29,0,0.838
19,31,D,203,196,26,0,0.838
19,32,D,208,198,45,0,0.838
19,33,R,167,32,30,0,0.838
19,34,U,189,215,178,0,0.838
19,35,F,29,138,64,0,0.838
19,36,R,168,34,33,0,0.838
19,37,L,202,106,27,0,0.838
19,38,F,16,142,72,0,0.838
19,39,R,231,96,96,1,0.838
19,40,L,189,111,20,0,0.838
19,41,B,24,79,169,0,0.838
19,42,B,14,73,154,0,0.838
19,43,D,208,202,31,0,0.838
19,44,B,34,69,152,0,0.838
19,45,U,210,223,188,0,0.838
19,46,U,203,230,189,0,0.838
19,47,D,204,191,29,0,0.838
19,48,L,192,102,22,0,0.838
19,49,B,5,65,155,0,0.838
19,50,F,23,130,61,0,0.838
19,51,L,195,91,11,0,0.838
19,52,B,21,72,159,0,0.838
19,53,U,202,207,179,0,0.838
20,0,B,29,81,203,0,1.289
20,1,F,37,182,73,0,1.289
20,2,D,255,246,34,0,1.289
20,3,D,255,255,54,0,1.289
20,4,U,255,255,255,0,1.289
20,5,B,48,86,214,0,1.289
20,6,R,255,29,38,0,1.289
20,7,D,255,255,45,0,1.289
20,8,F,35,174,86,0,1.289
20,9,D,255,248,56,0,1.289
20,10,L,255,133,15,0,1.289
20,11,R,255,40,46,0,1.289
20,12,L,255,119,34,0,1.289
20,13,R,255,46,45,0,1.289
20,14,U,255,255,255,0,1.289
20,15,L,255,125,20,0,1.289
20,16,F,45,188,76,0,1.289
20,17,R,255,34,40,0,1.289
20,18,B,117,155,255,1,1.289
20,19,B,33,67,211,0,1.289
20,20,L,255,133,29,0,1.289
20,21,R,255,32,58,0,1.289
20,22,F,28,170,72,0,1.289
20,23,D,255,250,50,0,1.289
20,24,D,255,240,46,0,1.289
20,25,R,255,35,44,0,1.289
20,26,F,33,185,71,0,1.289
20,27,B,35,83,218,0,1.289
20,28,B,34,91,217,0,1.289
20,29,U,255,255,255,0,1.289
20,30,F,29,169,76,0,1.289
20,31,D,255,245,48,0,1.289
20,32,U,255,255,255,0,1.289
20,33,L,255,129,37,0,1.289
20,34,L,255,125,46,0,1.289
20,35,U,255,255,255,0,1.289
20,36,R,255,35,49,0,1.289
20,37,R,255,28,45,0,1.289
20,38,D,255,254,36,0,1.289
20,39,D,255,255,49,0,1.289
20,40,L,255,138,32,0,1.289
20,41,U,255,255,255,0,1.289
20,42,U,255,255,255,0,1.289
20,43,R,255,48,63,0,1.289
20,44,L,255,133,27,0,1.289
20,45,F,46,181,75,0,1.289
20,46,L,255,131,21,0,1.289
20,47,U,255,255,255,0,1.289
20,48,B,37,91,217,0,1.289
20,49,B,44,75,222,0,1.289
20,50,F,34,179,75,0,1.289
20,51,F,43,161,77,0,1.289
20,52,U,255,255,255,1,1.289
20,53,B,28,69,230,0,1.289
21,0,B,13,64,188,0,0.932
21,1,R,162,24,46,0,0.932
21,2,F,22,142,63,0,0.932
21,3,F,23,132,69,0,0.932
21,4,U,233,214,239,0,0.932
21,5,R,171,21,52,0,0.932
21,6,U,209,204,237,0,0.932
21,7,B,20,79,173,0,0.932
21,8,R,249,103,102,1,0.932
21,9,D,217,197,54,0,0.932
21,10,D,215,181,48,0,0.932
21,11,R,188,24,23,0,0.932
21,12,U,230,210,247,0,0.932
21,13,R,176,24,37,0,0.932
21,14,U,230,223,221,0,0.932
21,15,U,211,225,235,0,0.932
21,16,U,207,211,237,0,0.932
21,17,D,222,189,38,0,0.932
21,18,F,20,138,59,0,0.932
21,19,R,174,26,51,0,0.932
21,20,F,26,134,70,0,0.932
21,21,L,221,108,29,0,0.932
21,22,F,38,146,65,0,0.932
21,23,F,20,142,70,0,0.932
21,24,B,22,51,178,0,0.932
21,25,L,221,105,32,0,0.932
21,26,B,13,71,188,0,0.932
21,27,R,179,30,34,0,0.932
21,28,D,218,177,33,0,0.932
21,29,L,204,102,26,0,0.932
21,30,L,225,102,20,0,0.932
21,31,D,225,190,45,0,0.932
21,32,B,26,55,192,0,0.932
21,33,F,24,132,73,0,0.932
21,34,B,37,60,190,0,0.932
21,35,B,5,62,189,0,0.932
21,36,L,201,101,30,0,0.932
21,37,D,255,255,103,1,0.932
21,38,L,224,87,23,0,0.932
21,39,U,234,212,242,0,0.932
21,40,L,217,89,25,0,0.932
21,41,B,26,55,195,0,0.932
21,42,L,228,107,13,0,0.932
21,43,F,15,122,74,0,0.932
21,44,U,223,217,231,0,0.932
21,45,U,209,212,239,0,0.932
21,46,F,16,136,71,0,0.932
21,47,D,224,185,24,0,0.932
21,48,R,174,28,38,0,0.932
21,49,B,20,57,198,0,0.932
21,50,L,218,100,18,0,0.932
21,51,R,171,28,32,0,0.932
21,52,D,213,191,50,0,0.932
21,53,D,224,205,39,0,0.932
22,0,L,179,97,20,0,0.859
22,1,R,228,102,115,1,0.859
22,2,U,187,230,230,0,0.859
22,3,B,20,74,191,0,0.859
22,4,U,185,231,225,0,0.859
22,5,F,17,139,72,0,0.859
22,6,R,130,28,59,0,0.859
22,7,L,178,99,24,0,0.859
22,8,F,30,146,69,0,0.859
22,9,D,186,207,65,0,0.859
22,10,D,186,206,35,0,0.859
22,11,R,150,33,46,0,0.859
22,12,U,182,219,236,0,0.859
22,13,R,144,27,28,0,0.859
22,14,F,15,141,64,0,0.859
22,15,D,173,211,40,0,0.859
22,16,D,176,205,33,0,0.859
22,17,U,188,210,229,0,0.859
22,18,D,172,207,46,0,0.859
22,19,F,14,148,57,0,0.859
22,20,L,197,115,34,0,0.859
22,21,U,171,221,240,0,0.859
22,22,F,18,145,67,0,0.859
22,23,B,9,75,187,0,0.859
22,24,L,185,102,29,0,0.859
22,25,L,176,115,34,0,0.859
22,26,B,27,73,192,0,0.859
22,27,U,160,237,229,0,0.859
22,28,D,186,208,28,0,0.859
22,29,R,212,105,121,1,0.859
22,30,U,176,223,243,0,0.859
22,31,D,178,227,40,0,0.859
22,32,R,209,107,123,1,0.859
22,33,B,8,81,185,0,0.859
22,34,U,193,227,219,0,0.859
22,35,F,23,154,81,0,0.859
22,36,B,33,74,185,0,0.859
22,37,L,177,105,18,0,0.859
22,38,F,17,126,65,0,0.859
22,39,B,19,89,193,0,0.859
22,40,L,177,112,15,0,0.859
22,41,R,142,14,51,0,0.859
22,42,D,190,201,39,0,0.859
22,43,F,27,151,67,0,0.859
22,44,F,12,142,65,0,0.859
22,45,B,27,62,178,0,0.859
22,46,B,28,61,196,0,0.859
22,47,U,183,237,246,0,0.859
22,48,R,152,36,32,0,0.859
22,49,B,14,74,199,0,0.859
22,50,D,196,229,42,0,0.859
22,51,R,148,37,40,0,0.859
22,52,L,181,99,33,0,0.859
22,53,L,173,112,13,0,0.859
23,0,B,36,71,201,0,1.005
23,1,B,15,76,204,0,1.005
23,2,R,201,35,37,0,1.005
23,3,F,9,172,70,0,1.005
23,4,U,248,255,234,0,1.005
23,5,B,19,79,189,0,1.005
23,6,F,46,158,72,0,1.005
23,7,D,255,228,27,0,1.005
23,8,L,255,121,29,0,1.005
23,9,B,36,76,186,0,1.005
23,10,R,186,36,33,0,1.005
23,11,D,255,245,30,0,1.005
23,12,B,41,88,201,0,1.005
23,13,R,198,31,37,0,1.005
23,14,F,24,161,70,0,1.005
23,15,D,255,247,37,0,1.005
23,16,D,255,245,19,0,1.005
23,17,R,202,34,49,0,1.005
23,18,D,255,242,36,0,1.005
23,19,L,255,121,21,0,1.005
23,20,U,251,255,236,0,1.005
23,21,R,194,39,35,0,1.005
23,22,F,30,173,76,0,1.005
23,23,D,255,239,40,0,1.005
23,24,L,246,138,29,0,1.005
23,25,F,38,167,50,0,1.005
23,26,R,220,35,42,0,1.005
23,27,U,255,255,245,0,1.005
23,28,U,244,255,236,0,1.005
23,29,F,24,184,74,0,1.005
23,30,L,254,110,27,0,1.005
23,31,D,255,243,31,0,1.005
23,32,R,201,24,43,0,1.005
23,33,F,34,178,61,0,1.005
23,34,L,255,129,21,0,1.005
23,35,B,26,96,196,0,1.005
23,36,L,255,121,26,0,1.005
23,37,R,194,34,50,0,1.005
23,38,L,255,134,31,0,1.005
23,39,F,28,165,65,0,1.005
23,40,L,255,118,33,0,1.005
23,41,U,249,252,232,0,1.005
23,42,R,255,93,120,1,1.005
23,43,B,26,81,204,0,1.005
23,44,F,37,166,77,0,1.005
23,45,B,30,79,198,0,1.005
23,46,U,245,255,240,0,1.005
23,47,D,255,241,40,0,1.005
23,48,D,255,255,47,0,1.005
23,49,B,37,76,192,0,1.005
23,50,L,255,122,22,0,1.005
23,51,U,255,255,233,0,1.005
23,52,U,255,255,241,0,1.005
23,53,U,255,255,236,0,1.005
24,0,B,81,124,222,1,0.733
24,1,R,114,37,21,0,0.733
24,2,D,153,175,34,0,0.733
24,3,U,154,171,172,0,0.733
24,4,U,144,205,168,0,0.733
24,5,B,18,46,133,0,0.733
24,6,L,142,94,16,0,0.733
24,7,D,160,163,25,0,0.733
24,8,U,162,176,155,0,0.733
24,9,R,126,14,25,0,0.733
24,10,U,229,248,247,1,0.733
24,11,B,11,67,148,0,0.733
24,12,R,119,22,22,0,0.733
24,13,R,125,33,17,0,0.733
24,14,R,130,13,22,0,0.733
24,15,F,2,134,47,0,0.733
24,16,L,154,81,27,0,0.733
24,17,F,0,118,65,0,0.733
24,18,F,13,118,52,0,0.733
24,19,B,10,55,145,0,0.733
24,20,F,18,121,44,0,0.733
24,21,F,19,118,59,0,0.733
24,22,F,22,116,27,0,0.733
24,23,D,161,175,22,0,0.733
24,24,L,136,77,25,0,0.733
24,25,B,8,51,139,0,0.733
24,26,D,165,168,28,0,0.733
24,27,B,12,68,146,0,0.733
24,28,L,151,75,12,0,0.733
24,29,R,128,18,36,0,0.733
24,30,L,155,89,23,0,0.733
24,31,D,159,162,26,0,0.733
24,32,D,174,159,25,0,0.733
24,33,U,161,183,163,0,0.733
24,34,F,6,122,55,0,0.733
24,35,U,163,185,178,0,0.733
24,36,L,214,158,83,1,0.733
24,37,L,153,92,27,0,0.733
24,38,D,147,179,25,0,0.733
24,39,D,147,167,17,0,0.733
24,40,L,152,89,16,0,0.733
24,41,R,197,91,99,1,0.733
24,42,R,111,24,22,0,0.733
24,43,F,13,117,48,0,0.733
24,44,U,139,172,167,0,0.733
24,45,R,127,26,36,0,0.733
24,46,B,27,59,137,0,0.733
24,47,D,147,161,25,0,0.733
24,48,U,154,186,170,0,0.733
24,49,B,15,60,139,0,0.733
24,50,F,19,120,43,0,0.733
24,51,L,144,90,21,0,0.733
24,52,U,150,181,188,0,0.733
24,53,B,10,53,139,0,0.733
25,0,L,255,160,48,0,1.276
25,1,D,255,255,58,0,1.276
25,2,R,255,51,52,0,1.276
25,3,U,255,255,255,1,1.276
25,4,U,255,255,255,0,1.276
25,5,U,255,255,255,0,1.276
25,6,L,255,152,35,0,1.276
25,7,L,255,165,29,0,1.276
25,8,U,255,255,255,0,1.276
25,9,R,255,38,42,0,1.276
25,10,F,30,215,95,0,1.276
25,11,B,22,109,255,0,1.276
25,12,R,255,48,53,0,1.276
25,13,R,253,48,56,0,1.276
25,14,D,255,255,59,0,1.276
25,15,L,255,171,22,0,1.276
25,16,B,25,98,247,0,1.276
25,17,L,255,156,47,0,1.276
25,18,F,47,223,83,0,1.276
25,19,F,39,223,78,0,1.276
25,20,F,37,222,88,0,1.276
25,21,F,47,226,80,0,1.276
25,22,F,36,210,91,0,1.276
25,23,B,28,108,255,0,1.276
25,24,B,42,100,240,0,1.276
25,25,L,255,157,44,0,1.276
25,26,F,38,222,101,0,1.276
25,27,D,255,255,41,0,1.276
25,28,D,255,255,52,0,1.276
25,29,U,255,255,255,0,1.276
25,30,F,20,217,81,0,1.276
25,31,D,255,255,57,0,1.276
25,32,U,255,255,255,0,1.276
25,33,F,31,217,75,0,1.276
25,34,B,37,108,248,0,1.276
25,35,B,44,84,237,0,1.276
25,36,B,23,97,252,0,1.276
25,37,L,255,158,39,0,1.276
25,38,D,255,255,43,0,1.276
25,39,U,255,255,255,0,1.276
25,40,L,255,163,27,0,1.276
25,41,R,255,50,63,0,1.276
25,42,D,255,255,55,0,1.276
25,43,D,255,255,50,0,1.276
25,44,R,251,46,67,0,1.276
25,45,U,255,255,255,0,1.276
25,46,R,254,51,49,0,1.276
25,47,U,255,255,255,0,1.276
25,48,B,27,97,239,0,1.276
25,49,B,38,97,255,0,1.276
25,50,R,255,110,131,1,1.276
25,51,D,255,255,57,0,1.276
25,52,L,255,146,41,0,1.276
25,53,R,255,51,37,0,1.276
26,0,R,245,27,43,0,1.291
26,1,D,255,255,50,0,1.291
26,2,D,255,255,48,0,1.291
26,3,F,37,220,64,0,1.291
26,4,U,255,255,255,0,1.291
26,5,U,255,255,255,0,1.291
26,6,F,43,217,74,0,1.291
26,7,B,9,98,224,0,1.291
26,8,B,19,109,245,0,1.291
26,9,D,255,255,54,0,1.291
26,10,L,255,166,18,0,1.291
26,11,L,255,149,23,0,1.291
26,12,B,41,92,230,0,1.291
26,13,R,251,45,48,0,1.291
26,14,L,255,155,21,0,1.291
26,15,F,30,219,74,0,1.291
26,16,B,36,117,235,0,1.291
26,17,U,255,255,255,0,1.291
26,18,R,252,35,53,0,1.291
26,19,R,255,42,51,0,1.291
26,20,R,255,51,39,0,1.291
26,21,U,255,255,255,0,1.291
26,22,F,32,214,78,0,1.291
26,23,U,255,255,255,0,1.291
26,24,L,255,152,28,0,1.291
26,25,D,255,255,56,0,1.291
26,26,U,255,255,255,0,1.291
26,27,F,34,205,78,0,1.291
26,28,F,30,223,83,0,1.291
26,29,L,255,167,33,0,1.291
26,30,F,38,225,81,0,1.291
26,31,D,255,255,47,0,1.291
26,32,L,255,169,38,0,1.291
26,33,R,255,33,50,0,1.291
26,34,D,255,255,117,1,1.291
26,35,B,32,108,235,0,1.291
26,36,F,32,232,93,0,1.291
26,37,U,255,255,255,0,1.291
26,38,D,255,255,52,0,1.291
26,39,D,255,255,49,0,1.291
26,40,L,255,172,34,0,1.291
26,41,R,245,36,37,0,1.291
26,42,B,27,106,242,0,1.291
26,43,R,253,46,44,0,1.291
26,44,D,255,255,43,0,1.291
26,45,B,45,91,249,0,1.291
26,46,B,44,100,238,0,1.291
26,47,U,255,255,255,0,1.291
26,48,F,34,226,91,0,1.291
26,49,B,36,104,238,0,1.291
26,50,R,255,34,53,0,1.291
26,51,L,255,153,48,0,1.291
26,52,L,255,153,33,0,1.291
26,53,U,255,255,255,1,1.291
27,0,U,188,196,217,0,0.821
27,1,R,167,31,46,0,0.821
27,2,R,163,21,45,0,0.821
27,3,F,17,121,71,0,0.821
27,4,U,202,198,220,0,0.821
27,5,D,207,169,35,0,0.821
27,6,F,11,126,54,0,0.821
27,7,D,211,184,30,0,0.821
27,8,D,200,170,36,0,0.821
27,9,R,163,27,21,0,0.821
27,10,L,193,96,25,0,0.821
27,11,B,30,48,177,0,0.821
27,12,B,15,60,176,0,0.821
27,13,R,164,20,38,0,0.821
27,14,D,191,169,41,0,0.821
27,15,F,20,112,52,0,0.821
27,16,U,196,209,223,0,0.821
27,17,D,207,166,35,0,0.821
27,18,U,200,200,218,0,0.821
27,19,R,156,39,48,0,0.821
27,20,B,20,50,190,0,0.821
27,21,F,16,135,74,0,0.821
27,22,F,13,128,56,0,0.821
27,23,D,204,182,52,0,0.821
27,24,F,25,125,68,0,0.821
27,25,R,156,22,54,0,0.821
27,26,D,194,176,36,0,0.821
27,27,D,192,163,45,0,0.821
27,28,U,190,192,211,0,0.821
27,29,R,150,16,37,0,0.821
27,30,U,215,203,220,0,0.821
27,31,D,188,180,27,0,0.821
27,32,B,27,56,174,0,0.821
27,33,L,195,87,10,0,0.821
27,34,L,201,81,13,0,0.821
27,35,L,194,86,24,0,0.821
27,36,F,99,197,131,1,0.821
27,37,L,196,99,8,0,0.821
27,38,R,161,17,26,0,0.821
27,39,F,20,122,64,0,0.821
27,40,L,205,73,22,0,0.821
27,41,U,212,204,226,0,0.821
27,42,U,197,185,205,0,0.821
27,43,L,202,99,17,0,0.821
27,44,L,194,94,8,0,0.821
27,45,U,193,210,232,0,0.821
27,46,B,20,73,169,0,0.821
27,47,L,189,74,30,0,0.821
27,48,F,17,144,62,0,0.821
27,49,B,22,44,185,0,0.821
27,50,R,155,23,18,0,0.821
27,51,B,28,66,168,0,0.821
27,52,B,21,61,181,0,0.821
27,53,B,21,72,171,0,0.821
28,0,F,10,79,19,0,0.544
28,1,F,8,91,42,0,0.544
28,2,D,139,122,8,0,0.544
28,3,U,140,135,151,0,0.544
28,4,U,136,138,160,0,0.544
28,5,B,11,44,105,0,0.544
28,6,B,0,43,117,0,0.544
28,7,R,117,12,22,0,0.544
28,8,D,152,133,23,0,0.544
28,9,L,129,71,20,0,0.544
28,10,L,148,62,34,0,0.544
28,11,L,143,65,0,0,0.544
28,12,U,138,125,145,0,0.544
28,13,R,118,10,38,0,0.544
28,14,R,106,13,26,0,0.544
28,15,D,135,124,29,0,0.544
28,16,R,113,32,25,0,0.544
28,17,R,117,9,11,0,0.544
28,18,D,140,117,21,0,0.544
28,19,B,21,19,108,0,0.544
28,20,F,0,94,35,0,0.544
28,21,F,11,74,47,0,0.544
28,22,F,11,85,24,0,0.544
28,23,F,24,86,44,0,0.544
28,24,U,152,129,144,0,0.544
28,25,L,148,64,13,0,0.544
28,26,R,115,12,30,0,0.544
28,27,F,22,83,55,0,0.544
28,28,F,2,81,54,0,0.544
28,29,F,11,70,51,0,0.544
28,30,U,147,121,151,0,0.544
28,31,D,137,109,23,0,0.544
28,32,D,142,111,21,0,0.544
28,33,B,7,39,117,0,0.544
28,34,D,151,116,14,0,0.544
28,35,B,4,37,129,0,0.544
28,36,U,149,125,153,0,0.544
28,37,L,133,69,12,0,0.544
28,38,R,121,21,22,0,0.544
28,39,D,148,111,24,0,0.544
28,40,L,151,94,21,0,0.544
28,41,R,186,78,103,1,0.544
28,42,L,129,54,18,0,0.544
28,43,B,5,51,126,0,0.544
28,44,L,138,56,5,0,0.544
28,45,B,4,42,122,0,0.544
28,46,D,148,122,20,0,0.544
28,47,R,118,5,24,0,0.544
28,48,U,154,141,141,0,0.544
28,49,B,12,50,132,0,0.544
28,50,L,130,58,17,0,0.544
28,51,U,152,124,150,0,0.544
28,52,B,12,58,121,0,0.544
28,53,U,141,128,154,0,0.544
29,0,L,209,102,24,0,0.934
29,1,F,11,145,48,0,0.934
29,2,R,154,24,28,0,0.934
29,3,R,169,36,34,0,0.934
29,4,U,195,244,195,0,0.934
29,5,R,149,36,41,0,0.934
29,6,R,173,28,26,0,0.934
29,7,L,200,115,16,0,0.934
29,8,F,16,140,49,0,0.934
29,9,R,172,34,26,0,0.934
29,10,F,13,147,63,0,0.934
29,11,D,199,215,18,0,0.934
29,12,D,198,220,43,0,0.934
29,13,R,156,24,42,0,0.934
29,14,R,162,26,40,0,0.934
29,15,F,23,160,65,0,0.934
29,16,F,17,150,58,0,0.934
29,17,B,10,63,179,0,0.934
29,18,U,191,245,214,0,0.934
29,19,B,20,75,175,0,0.934
29,20,D,218,214,34,0,0.934
29,21,B,19,85,179,0,0.934
29,22,F,14,149,53,0,0.934
29,23,L,204,113,41,0,0.934
29,24,U,189,245,215,0,0.934
29,25,B,16,69,167,0,0.934
29,26,U,204,245,199,0,0.934
29,27,R,245,97,118,1,0.934
29,28,U,207,247,216,0,0.934
29,29,L,213,111,16,0,0.934
29,30,F,27,157,75,0,0.934
29,31,D,192,215,44,0,0.934
29,32,U,194,235,229,0,0.934
29,33,F,33,144,70,0,0.934
29,34,L,214,117,25,0,0.934
29,35,L,206,104,18,0,0.934
29,36,D,214,218,51,0,0.934
29,37,D,206,198,33,0,0.934
29,38,B,24,74,172,0,0.934
29,39,U,198,249,206,0,0.934
29,40,L,210,109,13,0,0.934
29,41,D,220,197,29,0,0.934
29,42,L,208,108,28,0,0.934
29,43,L,203,107,40,0,0.934
29,44,F,90,220,120,1,0.934
29,45,B,16,76,176,0,0.934
29,46,D,209,211,41,0,0.934
29,47,B,8,68,169,0,0.934
29,48,B,15,72,166,0,0.934
29,49,B,15,85,177,0,0.934
29,50,R,175,31,44,0,0.934
29,51,U,211,247,231,0,0.934
29,52,U,202,239,211,0,0.934
29,53,D,181,206,36,0,0.934
30,0,R,238,38,62,0,1.257
30,1,B,41,96,255,0,1.257
30,2,L,255,160,25,0,1.257
30,3,R,245,41,50,0,1.257
30,4,U,255,255,255,0,1.257
30,5,U,255,255,255,0,1.257
30,6,F,24,212,93,0,1.257
30,7,R,230,66,51,0,1.257
30,8,L,255,165,39,0,1.257
30,9,B,30,98,255,0,1.257
30,10,L,255,162,31,0,1.257
30,11,D,255,255,59,0,1.257
30,12,U,255,255,255,0,1.257
30,13,R,232,44,61,0,1.257
30,14,B,36,98,253,0,1.257
30,15,D,255,255,56,0,1.257
30,16,D,255,255,37,0,1.257
30,17,B,34,96,252,0,1.257
30,18,U,255,255,255,0,1.257
30,19,D,255,255,54,0,1.257
30,20,U,255,255,255,0,1.257
30,21,R,230,43,46,0,1.257
30,22,F,21,223,84,0,1.257
30,23,F,31,212,87,0,1.257
30,24,F,31,213,80,0,1.257
30,25,L,255,151,42,0,1.257
30,26,L,255,148,41,0,1.257
30,27,L,255,151,36,0,1.257
30,28,D,255,255,35,0,1.257
30,29,B,27,94,255,0,1.257
30,30,B,38,93,255,0,1.257
30,31,D,255,255,34,0,1.257
30,32,F,43,212,81,0,1.257
30,33,F,25,204,97,0,1.257
30,34,L,255,170,32,0,1.257
30,35,U,255,255,255,0,1.257
30,36,B,29,112,250,0,1.257
30,37,B,40,99,247,0,1.257
30,38,R,237,38,63,0,1.257
30,39,F,38,213,91,0,1.257
30,40,L,255,154,40,0,1.257
30,41,U,255,255,255,0,1.257
30,42,D,255,255,47,0,1.257
30,43,U,255,255,255,0,1.257
30,44,U,255,255,255,0,1.257
30,45,F,34,200,87,0,1.257
30,46,L,255,154,42,0,1.257
30,47,D,255,255,51,0,1.257
30,48,D,255,255,54,0,1.257
30,49,B,35,103,250,0,1.257
30,50,R,234,46,40,0,1.257
30,51,R,227,36,52,0,1.257
30,52,F,29,211,80,0,1.257
30,53,R,239,45,40,0,1.257
31,0,L,155,52,32,0,0.652
31,1,B,13,36,140,0,0.652
31,2,R,124,16,42,0,0.652
31,3,R,127,23,39,0,0.652
31,4,U,148,144,178,0,0.652
31,5,D,166,113,36,0,0.652
31,6,L,159,57,37,0,0.652
31,7,R,200,85,101,1,0.652
31,8,B,24,48,144,0,0.652
31,9,L,165,73,9,0,0.652
31,10,F,13,76,49,0,0.652
31,11,F,28,89,39,0,0.652
31,12,U,153,139,168,0,0.652
31,13,R,125,19,15,0,0.652
31,14,F,23,86,52,0,0.652
31,15,U,147,125,168,0,0.652
31,16,L,157,62,20,0,0.652
31,17,B,31,50,134,0,0.652
31,18,F,11,97,45,0,0.652
31,19,D,170,132,25,0,0.652
31,20,D,156,120,23,0,0.652
31,21,F,9,80,55,0,0.652
31,22,F,13,82,44,0,0.652
31,23,L,144,73,0,0,0.652
31,24,B,11,44,128,0,0.652
31,25,B,22,49,133,0,0.652
31,26,R,127,8,34,0,0.652
31,27,D,159,121,40,0,0.652
31,28,R,129,28,35,0,0.652
31,29,B,7,41,144,0,0.652
31,30,U,144,141,173,0,0.652
31,31,D,162,112,30,0,0.652
31,32,D,161,117,30,0,0.652
31,33,R,109,28,21,0,0.652
31,34,U,138,123,166,0,0.652
31,35,L,160,54,21,0,0.652
31,36,U,148,148,177,0,0.652
31,37,F,32,75,53,0,0.652
31,38,D,151,124,35,0,0.652
31,39,B,4,30,130,0,0.652
31,40,L,143,55,11,0,0.652
31,41,L,144,62,23,0,0.652
31,42,U,145,126,173,0,0.652
31,43,B,15,33,146,0,0.652
31,44,R,132,22,28,0,0.652
31,45,D,174,133,26,0,0.652
31,46,L,224,141,82,1,0.652
31,47,F,20,84,42,0,0.652
31,48,U,153,118,168,0,0.652
31,49,B,1,57,152,0,0.652
31,50,D,238,192,107,1,0.652
31,51,U,165,139,180,0,0.652
31,52,R,118,20,25,0,0.652
31,53,F,7,74,51,0,0.652
32,0,U,185,193,214,0,0.759
32,1,U,188,201,197,0,0.759
32,2,R,142,34,31,0,0.759
32,3,B,10,63,145,0,0.759
32,4,U,177,213,203,0,0.759
32,5,L,182,99,27,0,0.759
32,6,F,20,123,54,0,0.759
32,7,D,179,196,47,0,0.759
32,8,B,22,55,156,0,0.759
32,9,D,178,197,37,0,0.759
32,10,U,176,197,207,0,0.759
32,11,F,21,130,56,0,0.759
32,12,F,32,129,69,0,0.759
32,13,R,152,26,41,0,0.759
32,14,F,18,123,53,0,0.759
32,15,R,135,30,34,0,0.759
32,16,R,217,103,79,1,0.759
32,17,L,179,81,23,0,0.759
32,18,U,169,204,211,0,0.759
32,19,B,5,62,161,0,0.759
32,20,R,127,31,34,0,0.759
32,21,R,138,20,60,0,0.759
32,22,F,16,116,48,0,0.759
32,23,L,173,92,21,0,0.759
32,24,D,172,191,30,0,0.759
32,25,U,165,197,197,0,0.759
32,26,B,26,65,159,0,0.759
32,27,B,19,62,178,0,0.759
32,28,F,14,134,61,0,0.759
32,29,U,169,205,202,0,0.759
32,30,D,176,191,42,0,0.759
32,31,D,189,185,36,0,0.759
32,32,B,38,52,164,0,0.759
32,33,F,26,131,61,0,0.759
32,34,B,20,67,172,0,0.759
32,35,U,174,205,200,0,0.759
32,36,F,16,130,46,0,0.759
32,37,U,182,217,214,0,0.759
32,38,R,153,18,46,0,0.759
32,39,L,171,95,36,0,0.759
32,40,L,168,102,24,0,0.759
32,41,D,179,179,37,0,0.759
32,42,L,173,104,31,0,0.759
32,43,F,8,126,53,0,0.759
32,44,L,167,86,22,0,0.759
32,45,D,178,173,30,0,0.759
32,46,R,147,16,27,0,0.759
32,47,L,189,106,8,0,0.759
32,48,R,132,29,25,0,0.759
32,49,B,17,57,166,0,0.759
32,50,D,160,169,24,0,0.759
32,51,B,27,59,148,0,0.759
32,52,L,180,101,19,0,0.759
32,53,D,177,190,44,0,0.759
33,0,L,246,135,27,0,1.066
33,1,F,23,171,74,0,1.066
33,2,U,243,255,255,0,1.066
33,3,B,30,90,197,0,1.066
33,4,U,249,255,253,0,1.066
33,5,D,243,255,51,0,1.066
33,6,D,244,247,44,0,1.066
33,7,R,194,49,32,0,1.066
33,8,U,230,255,255,0,1.066
33,9,L,246,137,44,0,1.066
33,10,L,242,127,14,0,1.066
33,11,R,200,43,42,0,1.066
33,12,D,255,255,56,0,1.066
33,13,R,201,27,39,0,1.066
33,14,B,14,69,212,0,1.066
33,15,F,33,194,71,0,1.066
33,16,U,243,255,255,0,1.066
33,17,R,201,31,50,0,1.066
33,18,R,203,21,50,0,1.066
33,19,U,246,255,255,0,1.066
33,20,B,40,96,224,0,1.066
33,21,B,17,78,217,0,1.066
33,22,F,16,173,57,0,1.066
33,23,R,213,44,48,0,1.066
33,24,F,28,175,69,0,1.066
33,25,F,31,173,82,0,1.066
33,26,U,241,255,255,0,1.066
33,27,R,197,40,41,0,1.066
33,28,R,180,40,33,0,1.066
33,29,L,255,189,83,1,1.066
33,30,F,29,182,73,0,1.066
33,31,D,240,255,32,0,1.066
33,32,F,22,172,69,0,1.066
33,33,D,255,251,49,0,1.066
33,34,B,32,70,201,0,1.066
33,35,U,242,255,255,0,1.066
33,36,D,235,255,50,0,1.066
33,37,U,244,255,255,0,1.066
33,38,B,22,88,209,0,1.066
33,39,L,251,127,39,0,1.066
33,40,L,226,123,32,0,1.066
33,41,D,238,255,34,0,1.066
33,42,F,27,171,68,0,1.066
33,43,D,255,255,111,1,1.066
33,44,D,255,255,36,0,1.066
33,45,B,33,90,220,0,1.066
33,46,L,255,123,36,0,1.066
33,47,B,35,83,212,0,1.066
33,48,L,221,126,42,0,1.066
33,49,B,12,79,212,0,1.066
33,50,U,250,255,245,0,1.066
33,51,F,26,185,61,0,1.066
33,52,R,198,51,55,0,1.066
33,53,L,249,110,27,0,1.066
34,0,U,183,163,166,0,0.768
34,1,R,170,19,21,0,0.768
34,2,F,21,103,44,0,0.768
34,3,F,18,112,48,0,0.768
34,4,U,170,165,171,0,0.768
34,5,R,142,30,35,0,0.768
34,6,L,172,80,34,0,0.768
34,7,L,192,77,25,0,0.768
34,8,R,140,10,33,0,0.768
34,9,D,185,156,28,0,0.768
34,10,U,182,162,171,0,0.768
34,11,U,186,165,173,0,0.768
34,12,B,5,43,147,0,0.768
34,13,R,159,23,28,0,0.768
34,14,F,9,109,52,0,0.768
34,15,R,133,26,32,0,0.768
34,16,B,23,40,139,0,0.768
34,17,L,168,90,19,0,0.768
34,18,F,10,117,55,0,0.768
34,19,F,14,123,38,0,0.768
34,20,F,22,115,28,0,0.768
34,21,R,153,21,28,0,0.768
34,22,F,10,108,37,0,0.768
34,23,L,172,74,8,0,0.768
34,24,R,158,11,22,0,0.768
34,25,L,177,78,24,0,0.768
34,26,D,190,149,25,0,0.768
34,27,F,19,112,52,0,0.768
34,28,U,176,149,184,0,0.768
34,29,B,27,51,138,0,0.768
34,30,B,15,41,132,0,0.768
34,31,D,182,147,17,0,0.768
34,32,U,177,170,163,0,0.768
34,33,B,19,33,133,0,0.768
34,34,L,179,68,4,0,0.768
34,35,U,183,159,171,0,0.768
34,36,B,16,54,132,0,0.768
34,37,R,133,20,26,0,0.768
34,38,D,189,148,25,0,0.768
34,39,U,187,175,173,0,0.768
34,40,L,188,81,24,0,0.768
34,41,B,26,53,135,0,0.768
34,42,D,185,171,29,0,0.768
34,43,D,182,149,28,0,0.768
34,44,U,182,157,151,0,0.768
34,45,L,182,65,20,0,0.768
34,46,D,185,161,42,0,0.768
34,47,R,148,17,19,0,0.768
34,48,D,177,152,12,0,0.768
34,49,B,20,49,140,0,0.768
34,50,F,16,107,40,0,0.768
34,51,B,15,35,136,0,0.768
34,52,D,196,153,31,0,0.768
34,53,L,172,89,12,0,0.768
35,0,U,160,145,156,0,0.675
35,1,B,25,43,134,0,0.675
35,2,F,20,92,42,0,0.675
35,3,U,157,141,164,0,0.675
35,4,U,148,132,158,0,0.675
35,5,U,150,144,173,0,0.675
35,6,D,144,133,10,0,0.675
35,7,D,149,128,10,0,0.675
35,8,B,1,44,133,0,0.675
35,9,U,153,138,181,0,0.675
35,10,F,15,85,59,0,0.675
35,11,R,129,15,37,0,0.675
35,12,R,126,24,30,0,0.675
35,13,R,116,26,29,0,0.675
35,14,F,8,86,53,0,0.675
35,15,B,13,43,137,0,0.675
35,16,F,17,80,50,0,0.675
35,17,F,24,99,58,0,0.675
35,18,B,19,49,145,0,0.675
35,19,L,151,81,31,0,0.675
35,20,L,160,82,24,0,0.675
35,21,B,9,52,135,0,0.675
35,22,F,20,93,56,0,0.675
35,23,U,158,139,167,0,0.675
35,24,L,160,62,14,0,0.675
35,25,R,121,14,31,0,0.675
35,26,R,132,34,37,0,0.675
35,27,U,162,153,174,0,0.675
35,28,D,154,138,30,0,0.675
35,29,D,156,128,24,0,0.675
35,30,L,152,58,22,0,0.675
35,31,D,157,133,31,0,0.675
35,32,D,233,197,97,1,0.675
35,33,F,3,74,30,0,0.675
35,34,R,137,4,32,0,0.675
35,35,D,169,128,41,0,0.675
35,36,B,31,51,151,0,0.675
35,37,B,21,37,136,0,0.675
35,38,L,150,57,7,0,0.675
35,39,R,143,14,28,0,0.675
35,40,L,149,69,16,0,0.675
35,41,D,154,122,17,0,0.675
35,42,L,148,70,34,0,0.675
35,43,U,162,159,167,0,0.675
35,44,F,16,82,45,0,0.675
35,45,U,137,142,177,0,0.675
35,46,L,157,77,14,0,0.675
35,47,R,113,15,25,0,0.675
35,48,L,164,84,12,0,0.675
35,49,B,14,42,130,0,0.675
35,50,F,7,93,48,0,0.675
35,51,R,128,9,27,0,0.675
35,52,B,3,50,124,0,0.675
35,53,D,155,129,23,0,0.675
36,0,L,220,90,39,0,1.105
36,1,U,230,225,248,0,1.105
36,2,L,227,109,25,0,1.105
36,3,U,238,227,234,0,1.105
36,4,U,226,225,241,0,1.105
36,5,L,211,104,22,0,1.105
36,6,R,182,13,45,0,1.105
36,7,U,221,221,227,0,1.105
36,8,F,11,139,49,0,1.105
36,9,U,221,221,231,0,1.105
36,10,F,25,141,81,0,1.105
36,11,B,98,127,252,1,1.105
36,12,D,228,203,35,0,1.105
36,13,R,178,42,40,0,1.105
36,14,L,225,103,23,0,1.105
36,15,U,239,227,240,0,1.105
36,16,R,159,31,48,0,1.105
36,17,R,200,29,26,0,1.105
36,18,B,29,62,173,0,1.105
36,19,F,20,151,74,0,1.105
36,20,R,190,20,60,0,1.105
36,21,D,224,204,28,0,1.105
36,22,F,35,146,71,0,1.105
36,23,L,229,104,26,0,1.105
36,24,L,213,113,32,0,1.105
36,25,F,21,143,67,0,1.105
36,26,B,37,70,188,0,1.105
36,27,F,20,131,60,0,1.105
36,28,R,185,27,40,0,1.105
36,29,L,234,108,27,0,1.105
36,30,R,190,30,39,0,1.105
36,31,D,237,191,50,0,1.105
36,32,B,14,73,187,0,1.105
36,33,F,33,143,57,0,1.105
36,34,B,33,68,188,0,1.105
36,35,B,25,75,194,0,1.105
36,36,U,230,211,228,0,1.105
36,37,R,185,43,43,0,1.105
36,38,D,232,214,39,0,1.105
36,39,F,24,144,52,0,1.105
36,40,L,236,108,23,0,1.105
36,41,B,16,69,199,0,1.105
36,42,D,228,196,43,0,1.105
36,43,D,220,187,36,0,1.105
36,44,D,228,202,35,0,1.105
36,45,D,236,203,35,0,1.105
36,46,B,21,72,195,0,1.105
36,47,F,32,148,38,0,1.105
36,48,U,220,221,233,0,1.105
36,49,B,12,78,190,0,1.105
36,50,D,228,206,37,0,1.105
36,51,U,222,227,228,0,1.105
36,52,L,217,100,24,0,1.105
36,53,R,176,39,31,0,1.105
37,0,R,141,24,15,0,0.621
37,1,L,158,70,13,0,0.621
37,2,R,117,18,39,0,0.621
37,3,B,5,43,107,0,0.621
37,4,U,156,126,129,0,0.621
37,5,B,25,44,99,0,0.621
37,6,D,173,107,28,0,0.621
37,7,U,228,208,205,1,0.621
37,8,R,135,17,31,0,0.621
37,9,B,20,56,101,0,0.621
37,10,D,170,122,24,0,0.621
37,11,B,83,112,165,1,0.621
37,12,B,6,44,94,0,0.621
37,13,R,138,15,25,0,0.621
37,14,L,157,64,12,0,0.621
37,15,D,157,117,31,0,0.621
37,16,R,206,97,96,1,0.621
37,17,D,159,104,28,0,0.621
37,18,L,164,57,21,0,0.621
37,19,F,28,83,45,0,0.621
37,20,D,163,104,19,0,0.621
37,21,F,14,87,30,0,0.621
37,22,F,14,75,37,0,0.621
37,23,L,157,68,21,0,0.621
37,24,L,158,63,15,0,0.621
37,25,U,158,141,112,0,0.621
37,26,R,125,19,32,0,0.621
37,27,B,8,42,114,0,0.621
37,28,B,14,24,104,0,0.621
37,29,F,8,88,30,0,0.621
37,30,D,174,119,17,0,0.621
37,31,D,156,109,26,0,0.621
37,32,U,169,127,139,0,0.621
37,33,U,149,131,150,0,0.621
37,34,U,146,139,141,0,0.621
37,35,L,142,49,7,0,0.621
37,36,F,25,79,36,0,0.621
37,37,R,133,18,25,0,0.621
37,38,F,15,91,31,0,0.621
37,39,F,31,80,31,0,0.621
37,40,L,162,64,0,0,0.621
37,41,R,129,6,16,0,0.621
37,42,L,163,54,17,0,0.621
37,43,R,124,32,22,0,0.621
37,44,U,147,120,125,0,0.621
37,45,U,158,129,140,0,0.621
37,46,F,19,83,39,0,0.621
37,47,U,226,201,208,1,0.621
37,48,D,166,113,9,0,0.621
37,49,B,11,41,87,0,0.621
37,50,D,156,121,18,0,0.621
37,51,B,8,53,118,0,0.621
37,52,L,155,71,25,0,0.621
37,53,F,8,104,29,0,0.621
38,0,F,21,153,53,0,0.939
38,1,D,203,231,41,0,0.939
38,2,F,24,159,65,0,0.939
38,3,R,162,40,30,0,0.939
38,4,U,211,253,189,0,0.939
38,5,D,213,225,28,0,0.939
38,6,U,212,251,179,0,0.939
38,7,B,17,70,152,0,0.939
38,8,D,215,232,27,0,0.939
38,9,B,23,64,129,0,0.939
38,10,F,22,148,45,0,0.939
38,11,U,199,255,178,0,0.939
38,12,U,211,248,178,0,0.939
38,13,R,156,36,35,0,0.939
38,14,R,175,47,34,0,0.939
38,15,D,215,230,33,0,0.939
38,16,U,206,245,204,0,0.939
38,17,U,194,254,191,0,0.939
38,18,B,24,67,150,0,0.939
38,19,U,205,243,187,0,0.939
38,20,L,205,114,25,0,0.939
38,21,B,14,79,147,0,0.939
38,22,F,26,161,54,0,0.939
38,23,F,14,155,45,0,0.939
38,24,R,170,38,41,0,0.939
38,25,L,204,119,7,0,0.939
38,26,F,4,154,47,0,0.939
38,27,B,10,61,156,0,0.939
38,28,D,206,217,50,0,0.939
38,29,L,210,115,25,0,0.939
38,30,L,202,130,8,0,0.939
38,31,D,202,229,26,0,0.939
38,32,R,180,19,26,0,0.939
38,33,F,24,165,60,0,0.939
38,34,R,171,50,28,0,0.939
38,35,B,23,82,149,0,0.939
38,36,U,206,248,182,0,0.939
38,37,B,13,70,139,0,0.939
38,38,R,171,19,48,0,0.939
38,39,L,222,126,18,0,0.939
38,40,L,203,127,21,0,0.939
38,41,L,213,112,28,0,0.939
38,42,D,206,231,18,0,0.939
38,43,U,203,255,184,0,0.939
38,44,D,209,236,31,0,0.939
38,45,L,218,98,24,0,0.939
38,46,B,26,62,141,0,0.939
38,47,R,175,23,26,0,0.939
38,48,F,27,158,55,0,0.939
38,49,B,15,77,160,0,0.939
38,50,F,24,143,57,0,0.939
38,51,L,209,110,31,0,0.939
38,52,D,199,245,26,0,0.939
38,53,R,181,31,21,0,0.939
39,0,L,109,59,16,0,0.501
39,1,B,20,28,93,0,0.501
39,2,B,17,33,82,0,0.501
39,3,L,101,62,18,0,0.501
39,4,U,102,110,120,0,0.501
39,5,D,99,111,12,0,0.501
39,6,D,97,111,17,0,0.501
39,7,L,120,74,10,0,0.501
39,8,U,117,129,106,0,0.501
39,9,F,4,90,27,0,0.501
39,10,F,11,74,29,0,0.501
39,11,R,83,21,28,0,0.501
39,12,B,8,25,90,0,0.501
39,13,R,76,10,28,0,0.501
39,14,L,127,59,3,0,0.501
39,15,U,115,103,105,0,0.501
39,16,R,100,21,7,0,0.501
39,17,U,95,127,110,0,0.501
39,18,B,6,39,85,0,0.501
39,19,F,0,83,25,0,0.501
39,20,L,101,46,13,0,0.501
39,21,U,102,125,108,0,0.501
39,22,F,20,74,25,0,0.501
39,23,D,95,101,24,0,0.501
39,24,D,135,100,10,0,0.501
39,25,B,14,39,84,0,0.501
39,26,R,88,2,16,0,0.501
39,27,F,18,90,29,0,0.501
39,28,U,107,124,119,0,0.501
39,29,B,15,30,92,0,0.501
39,30,F,19,71,20,0,0.501
39,31,D,115,113,26,0,0.501
39,32,D,112,105,15,0,0.501
39,33,F,3,69,26,0,0.501
39,34,D,107,119,9,0,0.501
39,35,B,11,31,101,0,0.501
39,36,F,13,74,37,0,0.501
39,37,B,12,32,101,0,0.501
39,38,L,114,70,21,0,0.501
39,39,R,94,16,10,0,0.501
39,40,L,114,57,17,0,0.501
39,41,F,11,71,22,0,0.501
39,42,R,93,25,16,0,0.501
39,43,R,92,26,12,0,0.501
39,44,R,85,6,28,0,0.501
39,45,D,113,107,5,0,0.501
39,46,R,86,23,16,0,0.501
39,47,D,108,115,9,0,0.501
39,48,U,109,125,104,0,0.501
39,49,B,5,38,88,0,0.501
39,50,U,107,122,112,0,0.501
39,51,L,102,51,15,0,0.501
39,52,L,118,67,5,0,0.501
39,53,U,118,127,110,0,0.501
40,0,U,250,255,253,0,1.175
40,1,B,18,84,192,0,1.175
40,2,F,24,180,72,0,1.175
40,3,U,238,255,240,0,1.175
40,4,U,235,255,238,0,1.175
40,5,L,247,128,39,0,1.175
40,6,R,199,31,54,0,1.175
40,7,D,247,241,29,0,1.175
40,8,L,255,128,29,0,1.175
40,9,B,27,79,187,0,1.175
40,10,B,20,83,194,0,1.175
40,11,L,255,119,21,0,1.175
40,12,U,238,255,229,0,1.175
40,13,R,205,45,39,0,1.175
40,14,L,252,109,22,0,1.175
40,15,F,13,172,66,0,1.175
40,16,U,240,255,241,0,1.175
40,17,R,195,30,29,0,1.175
40,18,B,25,96,187,0,1.175
40,19,L,249,121,32,0,1.175
40,20,U,250,255,225,0,1.175
40,21,B,22,89,191,0,1.175
40,22,F,31,167,51,0,1.175
40,23,L,249,128,21,0,1.175
40,24,B,23,82,188,0,1.175
40,25,D,254,244,22,0,1.175
40,26,U,245,255,232,0,1.175
40,27,L,249,122,29,0,1.175
40,28,F,35,172,54,0,1.175
40,29,L,240,133,23,0,1.175
40,30,D,245,245,44,0,1.175
40,31,D,253,250,34,0,1.175
40,32,F,24,169,66,0,1.175
40,33,U,255,255,255,1,1.175
40,34,F,37,183,79,0,1.175
40,35,F,32,167,73,0,1.175
40,36,B,24,85,186,0,1.175
40,37,R,255,108,125,1,1.175
40,38,D,251,255,62,0,1.175
40,39,U,236,255,231,0,1.175
40,40,L,245,121,25,0,1.175
40,41,R,207,42,43,0,1.175
40,42,F,26,172,67,0,1.175
40,43,R,204,34,45,0,1.175
40,44,D,241,252,54,0,1.175
40,45,D,253,234,51,0,1.175
40,46,D,249,222,39,0,1.175
40,47,R,204,37,50,0,1.175
40,48,F,31,172,50,0,1.175
40,49,B,17,81,198,0,1.175
40,50,B,18,75,197,0,1.175
40,51,D,236,230,39,0,1.175
40,52,R,201,30,22,0,1.175
40,53,R,199,24,46,0,1.175
41,0,B,23,83,211,0,1.027
41,1,F,20,179,80,0,1.027
41,2,B,27,91,201,0,1.027
41,3,B,31,83,198,0,1.027
41,4,U,223,255,250,0,1.027
41,5,B,24,89,203,0,1.027
41,6,F,25,161,71,0,1.027
41,7,U,233,255,255,0,1.027
41,8,R,177,27,43,0,1.027
41,9,U,213,255,255,0,1.027
41,10,L,216,141,16,0,1.027
41,11,D,232,238,45,0,1.027
41,12,F,15,173,69,0,1.027
41,13,R,177,39,55,0,1.027
41,14,B,19,88,207,0,1.027
41,15,D,228,255,26,0,1.027
41,16,R,175,20,41,0,1.027
41,17,B,22,111,209,0,1.027
41,18,R,255,115,110,1,1.027
41,19,R,185,48,45,0,1.027
41,20,B,25,85,194,0,1.027
41,21,L,217,129,31,0,1.027
41,22,F,16,170,69,0,1.027
41,23,U,223,255,255,0,1.027
41,24,U,225,255,246,0,1.027
41,25,L,226,114,29,0,1.027
41,26,F,18,166,76,0,1.027
41,27,R,175,28,38,0,1.027
41,28,F,24,194,54,0,1.027
41,29,L,224,125,35,0,1.027
41,30,R,178,15,54,0,1.027
41,31,D,220,247,32,0,1.027
41,32,F,15,169,77,0,1.027
41,33,U,230,255,255,0,1.027
41,34,U,221,255,255,0,1.027
41,35,L,229,122,26,0,1.027
41,36,D,230,248,37,0,1.027
41,37,D,242,244,49,0,1.027
41,38,D,230,255,26,0,1.027
41,39,U,240,255,245,0,1.027
41,40,L,225,144,31,0,1.027
41,41,D,219,244,54,0,1.027
41,42,L,212,125,25,0,1.027
41,43,D,246,245,54,0,1.027
41,44,F,18,166,78,0,1.027
41,45,L,229,113,32,0,1.027
41,46,D,233,243,45,0,1.027
41,47,R,183,30,38,0,1.027
41,48,R,175,32,33,0,1.027
41,49,B,23,69,206,0,1.027
41,50,L,223,118,34,0,1.027
41,51,U,239,255,244,0,1.027
41,52,B,104,152,255,1,1.027
41,53,F,19,173,81,0,1.027
42,0,B,33,75,179,0,1.13
42,1,R,217,38,53,0,1.13
42,2,B,20,78,181,0,1.13
42,3,U,255,255,233,0,1.13
42,4,U,255,254,238,0,1.13
42,5,B,31,82,180,0,1.13
42,6,R,218,37,35,0,1.13
42,7,R,212,33,46,0,1.13
42,8,L,255,131,30,0,1.13
42,9,F,22,167,63,0,1.13
42,10,D,255,245,28,0,1.13
42,11,D,255,248,40,0,1.13
42,12,F,32,170,75,0,1.13
42,13,R,211,42,32,0,1.13
42,14,U,255,255,217,0,1.13
42,15,R,224,31,36,0,1.13
42,16,L,255,114,16,0,1.13
42,17,B,34,85,180,0,1.13
42,18,B,17,96,193,0,1.13
42,19,D,255,232,34,0,1.13
42,20,D,255,232,51,0,1.13
42,21,U,255,255,220,0,1.13
42,22,F,22,161,65,0,1.13
42,23,D,255,238,41,0,1.13
42,24,U,255,255,227,0,1.13
42,25,L,255,123,36,0,1.13
42,26,U,255,255,225,0,1.13
42,27,F,32,169,57,0,1.13
42,28,D,255,247,47,0,1.13
42,29,F,36,174,60,0,1.13
42,30,R,218,41,29,0,1.13
42,31,D,255,225,36,0,1.13
42,32,F,23,158,67,0,1.13
42,33,F,23,164,61,0,1.13
42,34,B,23,89,181,0,1.13
42,35,L,255,182,90,1,1.13
42,36,R,218,31,34,0,1.13
42,37,F,30,180,62,0,1.13
42,38,D,255,237,59,0,1.13
42,39,L,255,127,30,0,1.13
42,40,L,255,121,26,0,1.13
42,41,L,255,116,18,0,1.13
42,42,D,255,242,22,0,1.13
42,43,B,30,88,179,0,1.13
42,44,L,255,111,31,0,1.13
42,45,L,255,183,92,1,1.13
42,46,F,47,163,53,0,1.13
42,47,U,255,255,241,0,1.13
42,48,R,211,21,36,0,1.13
42,49,B,32,81,193,0,1.13
42,50,B,17,71,183,0,1.13
42,51,U,255,255,225,0,1.13
42,52,U,255,255,236,0,1.13
42,53,R,242,32,51,0,1.13
43,0,L,210,105,18,0,1.043
43,1,D,220,207,33,0,1.043
43,2,F,23,145,65,0,1.043
43,3,D,223,214,49,0,1.043
43,4,U,222,235,218,0,1.043
43,5,B,24,74,170,0,1.043
43,6,F,32,161,69,0,1.043
43,7,L,215,97,20,0,1.043
43,8,U,220,240,217,0,1.043
43,9,F,21,161,55,0,1.043
43,10,R,186,37,27,0,1.043
43,11,R,179,25,30,0,1.043
43,12,D,209,201,40,0,1.043
43,13,R,174,32,29,0,1.043
43,14,B,21,67,164,0,1.043
43,15,B,10,73,178,0,1.043
43,16,F,16,148,65,0,1.043
43,17,D,238,207,42,0,1.043
43,18,D,241,214,48,0,1.043
43,19,U,199,245,218,0,1.043
43,20,L,205,115,31,0,1.043
43,21,R,187,39,37,0,1.043
43,22,F,17,145,60,0,1.043
43,23,L,222,105,23,0,1.043
43,24,R,184,32,55,0,1.043
43,25,U,236,224,214,0,1.043
43,26,L,209,100,27,0,1.043
43,27,B,15,61,174,0,1.043
43,28,B,29,67,174,0,1.043
43,29,U,226,237,222,0,1.043
43,30,F,31,141,62,0,1.043
43,31,D,219,222,43,0,1.043
43,32,U,211,244,209,0,1.043
43,33,R,186,31,30,0,1.043
43,34,B,14,67,176,0,1.043
43,35,R,172,34,26,0,1.043
43,36,D,224,214,22,0,1.043
43,37,F,26,139,41,0,1.043
43,38,L,214,107,30,0,1.043
43,39,R,173,41,48,0,1.043
43,40,L,228,120,26,0,1.043
43,41,F,19,154,68,0,1.043
43,42,B,25,67,164,0,1.043
43,43,L,225,112,13,0,1.043
43,44,D,225,219,36,0,1.043
43,45,U,225,239,207,0,1.043
43,46,R,175,33,44,0,1.043
43,47,B,34,54,176,0,1.043
43,48,D,230,223,50,0,1.043
43,49,B,16,66,168,0,1.043
43,50,U,226,223,228,0,1.043
43,51,F,31,153,43,0,1.043
43,52,L,214,115,12,0,1.043
43,53,U,217,233,225,0,1.043
44,0,D,134,122,16,0,0.566
44,1,L,129,60,18,0,0.566
44,2,F,12,92,18,0,0.566
44,3,B,23,38,101,0,0.566
44,4,U,129,138,126,0,0.566
44,5,B,9,40,91,0,0.566
44,6,L,130,49,11,0,0.566
44,7,L,127,55,10,0,0.566
44,8,R,92,28,23,0,0.566
44,9,F,28,77,22,0,0.566
44,10,L,131,48,14,0,0.566
44,11,U,123,129,116,0,0.566
44,12,U,129,146,119,0,0.566
44,13,R,94,24,9,0,0.566
44,14,B,14,29,86,0,0.566
44,15,D,142,116,14,0,0.566
44,16,R,99,14,31,0,0.566
44,17,R,95,7,24,0,0.566
44,18,D,119,117,28,0,0.566
44,19,D,131,116,14,0,0.566
44,20,U,121,127,115,0,0.566
44,21,D,141,128,15,0,0.566
44,22,F,8,89,17,0,0.566
44,23,R,100,14,10,0,0.566
44,24,B,5,42,79,0,0.566
44,25,F,6,79,32,0,0.566
44,26,B,2,47,90,0,0.566
44,27,U,196,198,179,1,0.566
44,28,R,96,25,21,0,0.566
44,29,R,103,24,13,0,0.566
44,30,U,133,131,107,0,0.566
44,31,D,137,108,24,0,0.566
44,32,D,124,123,30,0,0.566
44,33,D,136,115,19,0,0.566
44,34,B,10,29,83,0,0.566
44,35,B,13,43,78,0,0.566
44,36,L,128,65,12,0,0.566
44,37,D,123,128,9,0,0.566
44,38,B,18,51,76,0,0.566
44,39,U,130,134,116,0,0.566
44,40,L,122,59,0,0,0.566
44,41,F,14,88,26,0,0.566
44,42,R,96,12,19,0,0.566
44,43,L,129,60,12,0,0.566
44,44,L,118,39,16,0,0.566
44,45,L,139,50,6,0,0.566
44,46,F,15,91,36,0,0.566
44,47,F,23,83,34,0,0.566
44,48,R,107,13,28,0,0.566
44,49,B,18,46,89,0,0.566
44,50,F,21,75,34,0,0.566
44,51,U,108,123,119,0,0.566
44,52,U,125,132,101,0,0.566
44,53,F,25,88,31,0,0.566
45,0,B,32,95,255,0,1.298
45,1,L,255,134,34,0,1.298
45,2,R,232,44,55,0,1.298
45,3,U,255,255,255,1,1.298
45,4,U,255,255,255,0,1.298
45,5,B,27,95,255,0,1.298
45,6,U,255,255,255,0,1.298
45,7,D,255,255,47,0,1.298
45,8,L,255,157,36,0,1.298
45,9,U,255,255,255,0,1.298
45,10,D,255,255,49,0,1.298
45,11,D,255,255,60,0,1.298
45,12,F,48,200,109,0,1.298
45,13,R,219,44,59,0,1.298
45,14,U,255,255,255,0,1.298
45,15,F,31,187,89,0,1.298
45,16,L,255,141,29,0,1.298
45,17,F,20,200,93,0,1.298
45,18,B,30,91,255,0,1.298
45,19,L,255,131,37,0,1.298
45,20,F,29,200,83,0,1.298
45,21,B,37,92,255,0,1.298
45,22,F,16,203,95,0,1.298
45,23,L,255,143,27,0,1.298
45,24,F,29,192,99,0,1.298
45,25,D,255,255,57,0,1.298
45,26,L,255,142,30,0,1.298
45,27,R,221,35,60,0,1.298
45,28,F,26,182,95,0,1.298
45,29,D,255,255,63,0,1.298
45,30,F,32,196,85,0,1.298
45,31,D,255,255,63,0,1.298
45,32,B,32,96,255,0,1.298
45,33,B,31,93,255,0,1.298
45,34,D,255,255,63,0,1.298
45,35,R,219,21,60,0,1.298
45,36,U,255,255,255,0,1.298
45,37,F,34,194,87,0,1.298
45,38,R,220,39,53,0,1.298
45,39,U,255,255,255,0,1.298
45,40,L,255,129,36,0,1.298
45,41,R,217,43,71,0,1.298
45,42,D,255,255,67,0,1.298
45,43,R,234,40,61,0,1.298
45,44,D,255,255,55,0,1.298
45,45,B,23,93,255,0,1.298
45,46,U,255,255,255,0,1.298
45,47,L,255,136,45,0,1.298
45,48,R,219,50,63,0,1.298
45,49,B,28,98,255,0,1.298
45,50,B,31,96,255,0,1.298
45,51,U,255,255,255,0,1.298
45,52,R,213,44,62,0,1.298
45,53,L,255,142,60,0,1.298
46,0,D,255,242,47,0,1.244
46,1,D,255,237,60,0,1.244
46,2,U,255,255,255,0,1.244
46,3,F,35,166,79,0,1.244
46,4,U,255,254,255,0,1.244
46,5,L,255,109,39,0,1.244
46,6,F,25,161,88,0,1.244
46,7,R,217,29,51,0,1.244
46,8,L,255,129,32,0,1.244
46,9,D,255,234,48,0,1.244
46,10,F,33,173,88,0,1.244
46,11,B,38,76,249,0,1.244
46,12,L,255,138,17,0,1.244
46,13,R,215,37,53,0,1.244
46,14,B,45,87,255,0,1.244
46,15,L,255,127,30,0,1.244
46,16,B,28,80,248,0,1.244
46,17,D,255,254,61,0,1.244
46,18,U,255,249,255,0,1.244
46,19,D,255,240,49,0,1.244
46,20,B,103,142,255,1,1.244
46,21,B,20,72,252,0,1.244
46,22,F,17,168,90,0,1.244
46,23,D,255,248,49,0,1.244
46,24,U,255,255,255,0,1.244
46,25,U,255,251,255,0,1.244
46,26,F,22,181,94,0,1.244
46,27,B,18,85,254,0,1.244
46,28,R,210,37,59,0,1.244
46,29,U,255,255,255,0,1.244
46,30,L,255,125,33,0,1.244
46,31,D,255,235,55,0,1.244
46,32,U,255,255,255,0,1.244
46,33,F,34,170,91,0,1.244
46,34,F,37,162,85,0,1.244
46,35,R,255,97,138,1,1.244
46,36,R,220,20,56,0,1.244
46,37,U,255,255,255,0,1.244
46,38,R,211,35,56,0,1.244
46,39,F,28,167,85,0,1.244
46,40,L,255,115,33,0,1.244
46,41,L,255,120,39,0,1.244
46,42,L,253,121,27,0,1.244
46,43,U,255,255,255,0,1.244
46,44,R,216,22,56,0,1.244
46,45,L,255,122,32,0,1.244
46,46,B,34,84,255,0,1.244
46,47,B,29,75,248,0,1.244
46,48,R,218,46,56,0,1.244
46,49,B,24,81,254,0,1.244
46,50,D,255,236,34,0,1.244
46,51,F,24,176,88,0,1.244
46,52,R,196,34,39,0,1.244
46,53,D,255,243,44,0,1.244
47,0,L,133,61,18,0,0.588
47,1,D,130,123,27,0,0.588
47,2,U,117,154,132,0,0.588
47,3,L,119,54,26,0,0.588
47,4,U,138,134,144,0,0.588
47,5,R,104,17,22,0,0.588
47,6,B,11,53,108,0,0.588
47,7,F,0,107,43,0,0.588
47,8,D,191,199,86,1,0.588
47,9,L,127,70,16,0,0.588
47,10,F,79,156,113,1,0.588
47,11,L,126,84,8,0,0.588
47,12,B,19,43,101,0,0.588
47,13,R,113,19,16,0,0.588
47,14,D,127,139,13,0,0.588
47,15,F,24,97,34,0,0.588
47,16,R,113,31,27,0,0.588
47,17,U,128,157,143,0,0.588
47,18,D,123,130,21,0,0.588
47,19,D,126,120,29,0,0.588
47,20,F,14,92,47,0,0.588
47,21,L,123,67,16,0,0.588
47,22,F,10,91,42,0,0.588
47,23,D,129,141,17,0,0.588
47,24,F,15,81,36,0,0.588
47,25,B,8,53,112,0,0.588
47,26,R,106,32,33,0,0.588
47,27,R,108,13,12,0,0.588
47,28,R,102,16,18,0,0.588
47,29,U,125,131,143,0,0.588
47,30,B,5,38,111,0,0.588
47,31,D,117,138,29,0,0.588
47,32,U,124,136,128,0,0.588
47,33,B,0,53,107,0,0.588
47,34,F,8,85,41,0,0.588
47,35,B,25,33,102,0,0.588
47,36,D,116,137,24,0,0.588
47,37,F,31,91,33,0,0.588
47,38,R,97,25,10,0,0.588
47,39,L,133,69,10,0,0.588
47,40,L,120,75,28,0,0.588
47,41,U,123,148,145,0,0.588
47,42,U,122,142,122,0,0.588
47,43,U,126,143,128,0,0.588
47,44,D,124,119,12,0,0.588
47,45,F,6,97,33,0,0.588
47,46,L,120,72,18,0,0.588
47,47,B,8,38,111,0,0.588
47,48,R,105,12,24,0,0.588
47,49,B,13,51,100,0,0.588
47,50,B,20,46,99,0,0.588
47,51,L,135,74,4,0,0.588
47,52,U,142,135,125,0,0.588
47,53,R,100,24,27,0,0.588
48,0,U,123,159,139,0,0.585
48,1,U,134,171,138,0,0.585
48,2,D,106,133,15,0,0.585
48,3,B,14,45,101,0,0.585
48,4,U,114,147,135,0,0.585
48,5,L,103,77,15,0,0.585
48,6,L,123,72,7,0,0.585
48,7,R,99,27,32,0,0.585
48,8,R,103,17,17,0,0.585
48,9,U,133,153,133,0,0.585
48,10,F,0,88,23,0,0.585
48,11,B,93,116,174,1,0.585
48,12,B,11,65,120,0,0.585
48,13,R,89,18,14,0,0.585
48,14,L,110,71,33,0,0.585
48,15,F,25,95,35,0,0.585
48,16,U,125,157,125,0,0.585
48,17,D,111,151,25,0,0.585
48,18,B,26,46,122,0,0.585
48,19,D,121,140,35,0,0.585
48,20,B,21,41,117,0,0.585
48,21,U,118,138,141,0,0.585
48,22,F,24,102,28,0,0.585
48,23,D,133,142,20,0,0.585
48,24,L,104,78,22,0,0.585
48,25,R,104,5,11,0,0.585
48,26,L,201,146,88,1,0.585
48,27,D,124,139,19,0,0.585
48,28,F,11,88,40,0,0.585
48,29,D,123,144,29,0,0.585
48,30,D,119,151,14,0,0.585
48,31,D,129,145,33,0,0.585
48,32,F,0,103,47,0,0.585
48,33,F,25,77,32,0,0.585
48,34,L,122,66,25,0,0.585
48,35,R,94,29,28,0,0.585
48,36,R,88,11,19,0,0.585
48,37,R,100,27,22,0,0.585
48,38,U,131,136,112,0,0.585
48,39,L,121,73,12,0,0.585
48,40,L,115,73,30,0,0.585
48,41,R,99,13,16,0,0.585
48,42,U,139,149,141,0,0.585
48,43,F,23,104,30,0,0.585
48,44,B,21,51,114,0,0.585
48,45,R,108,15,23,0,0.585
48,46,B,9,50,105,0,0.585
48,47,F,16,86,37,0,0.585
48,48,U,120,148,137,0,0.585
48,49,B,12,43,94,0,0.585
48,50,D,135,131,21,0,0.585
48,51,F,6,103,30,0,0.585
48,52,B,17,54,123,0,0.585
48,53,L,133,75,5,0,0.585
49,0,F,23,101,39,0,0.539
49,1,F,19,92,28,0,0.539
49,2,L,125,77,4,0,0.539
49,3,U,124,145,123,0,0.539
49,4,U,119,152,124,0,0.539
49,5,D,126,120,26,0,0.539
49,6,F,83,152,108,1,0.539
49,7,F,2,99,46,0,0.539
49,8,D,115,138,23,0,0.539
49,9,L,122,56,17,0,0.539
49,10,R,96,24,20,0,0.539
49,11,U,126,145,122,0,0.539
49,12,D,130,132,28,0,0.539
49,13,R,96,23,16,0,0.539
49,14,L,123,77,12,0,0.539
49,15,U,123,147,107,0,0.539
49,16,L,120,78,9,0,0.539
49,17,B,0,44,89,0,0.539
49,18,U,132,143,116,0,0.539
49,19,U,182,215,182,1,0.539
49,20,F,6,91,26,0,0.539
49,21,B,23,34,93,0,0.539
49,22,F,7,81,45,0,0.539
49,23,F,0,103,21,0,0.539
49,24,F,13,109,16,0,0.539
49,25,B,2,53,95,0,0.539
49,26,R,90,18,12,0,0.539
49,27,L,118,79,10,0,0.539
49,28,D,121,141,36,0,0.539
49,29,B,8,45,90,0,0.539
49,30,U,112,140,111,0,0.539
49,31,D,106,116,14,0,0.539
49,32,D,191,211,86,1,0.539
49,33,B,11,48,100,0,0.539
49,34,R,164,88,105,1,0.539
49,35,D,117,127,7,0,0.539
49,36,R,98,16,35,0,0.539
49,37,R,92,25,27,0,0.539
49,38,R,108,8,32,0,0.539
49,39,U,117,142,114,0,0.539
49,40,L,114,65,0,0,0.539
49,41,L,121,68,5,0,0.539
49,42,R,94,37,23,0,0.539
49,43,L,114,81,6,0,0.539
49,44,U,116,139,114,0,0.539
49,45,B,18,47,88,0,0.539
49,46,R,94,19,17,0,0.539
49,47,D,119,125,14,0,0.539
49,48,F,13,83,36,0,0.539
49,49,B,11,36,89,0,0.539
49,50,B,9,42,95,0,0.539
49,51,L,115,60,24,0,0.539
49,52,B,20,44,101,0,0.539
49,53,D,122,129,21,0,0.539
50,0,U,255,236,255,0,1.13
50,1,R,234,34,61,0,1.13
50,2,F,35,154,81,0,1.13
50,3,U,255,240,255,0,1.13
50,4,U,255,223,255,0,1.13
50,5,D,255,210,55,0,1.13
50,6,B,28,68,201,0,1.13
50,7,L,255,104,32,0,1.13
50,8,L,255,102,25,0,1.13
50,9,B,30,64,215,0,1.13
50,10,R,255,100,105,1,1.13
50,11,D,255,199,45,0,1.13
50,12,L,255,102,21,0,1.13
50,13,R,232,45,42,0,1.13
50,14,D,255,216,47,0,1.13
50,15,F,40,136,63,0,1.13
50,16,L,255,177,95,1,1.13
50,17,U,255,236,247,0,1.13
50,18,D,255,209,49,0,1.13
50,19,F,33,142,64,0,1.13
50,20,U,255,236,245,0,1.13
50,21,B,28,81,204,0,1.13
50,22,F,36,144,76,0,1.13
50,23,U,255,224,255,0,1.13
50,24,D,255,199,41,0,1.13
50,25,U,255,220,255,0,1.13
50,26,R,243,46,39,0,1.13
50,27,L,255,94,24,0,1.13
50,28,F,32,149,71,0,1.13
50,29,U,255,223,253,0,1.13
50,30,D,255,213,49,0,1.13
50,31,D,255,218,30,0,1.13
50,32,B,27,67,202,0,1.13
50,33,L,255,113,27,0,1.13
50,34,B,32,78,205,0,1.13
50,35,R,235,36,47,0,1.13
50,36,F,42,149,77,0,1.13
50,37,R,233,22,44,0,1.13
50,38,R,217,32,51,0,1.13
50,39,D,255,207,52,0,1.13
50,40,L,255,114,44,0,1.13
50,41,R,243,37,48,0,1.13
50,42,B,33,70,208,0,1.13
50,43,L,255,95,25,0,1.13
50,44,F,36,139,70,0,1.13
50,45,R,232,33,50,0,1.13
50,46,F,43,150,66,0,1.13
50,47,L,255,111,38,0,1.13
50,48,F,15,149,57,0,1.13
50,49,B,37,72,211,0,1.13
50,50,B,38,71,202,0,1.13
50,51,B,34,77,206,0,1.13
50,52,U,255,219,255,0,1.13
50,53,D,255,203,40,0,1.13
51,0,R,158,20,47,0,0.816
51,1,L,209,92,35,0,0.816
51,2,L,196,85,35,0,0.816
51,3,L,221,70,13,0,0.816
51,4,U,207,171,212,0,0.816
51,5,B,25,46,161,0,0.816
51,6,U,203,174,225,0,0.816
51,7,L,210,83,22,0,0.816
51,8,L,198,69,20,0,0.816
51,9,F,29,116,77,0,0.816
51,10,R,163,9,44,0,0.816
51,11,F,30,102,49,0,0.816
51,12,R,165,28,29,0,0.816
51,13,R,162,16,29,0,0.816
51,14,L,193,82,21,0,0.816
51,15,D,202,138,51,0,0.816
51,16,F,15,109,52,0,0.816
51,17,F,25,99,62,0,0.816
51,18,L,202,88,15,0,0.816
51,19,F,17,109,77,0,0.816
51,20,D,196,161,33,0,0.816
51,21,U,206,178,221,0,0.816
51,22,F,24,113,56,0,0.816
51,23,U,201,160,217,0,0.816
51,24,U,197,171,226,0,0.816
51,25,U,206,177,228,0,0.816
51,26,L,185,84,23,0,0.816
51,27,R,163,12,42,0,0.816
51,28,F,30,118,60,0,0.816
51,29,B,27,59,192,0,0.816
51,30,D,217,159,38,0,0.816
51,31,D,209,160,34,0,0.816
51,32,D,213,153,31,0,0.816
51,33,U,206,169,218,0,0.816
51,34,F,6,116,61,0,0.816
51,35,D,206,162,39,0,0.816
51,36,B,16,67,174,0,0.816
51,37,B,29,66,173,0,0.816
51,38,B,22,45,186,0,0.816
51,39,R,162,14,47,0,0.816
51,40,L,210,74,32,0,0.816
51,41,B,23,72,191,0,0.816
51,42,R,160,20,31,0,0.816
51,43,B,23,52,183,0,0.816
51,44,F,92,169,125,1,0.816
51,45,U,214,182,219,0,0.816
51,46,U,202,172,220,0,0.816
51,47,D,195,165,32,0,0.816
51,48,D,208,139,39,0,0.816
51,49,B,32,34,189,0,0.816
51,50,D,211,153,25,0,0.816
51,51,R,173,24,42,0,0.816
51,52,R,232,86,114,1,0.816
51,53,B,14,58,165,0,0.816
52,0,L,136,59,25,0,0.653
52,1,D,132,129,29,0,0.653
52,2,U,144,168,155,0,0.653
52,3,U,147,156,127,0,0.653
52,4,U,136,148,140,0,0.653
52,5,R,105,12,18,0,0.653
52,6,D,154,141,22,0,0.653
52,7,R,113,21,19,0,0.653
52,8,L,141,57,20,0,0.653
52,9,U,150,154,145,0,0.653
52,10,F,18,112,41,0,0.653
52,11,F,5,88,45,0,0.653
52,12,L,151,76,21,0,0.653
52,13,R,117,8,19,0,0.653
52,14,B,1,42,104,0,0.653
52,15,R,116,18,9,0,0.653
52,16,D,151,144,13,0,0.653
52,17,F,16,102,37,0,0.653
52,18,F,22,98,47,0,0.653
52,19,U,144,149,145,0,0.653
52,20,F,21,98,36,0,0.653
52,21,L,136,68,11,0,0.653
52,22,F,17,97,38,0,0.653
52,23,D,146,139,36,0,0.653
52,24,R,124,15,27,0,0.653
52,25,L,140,70,13,0,0.653
52,26,B,10,34,95,0,0.653
52,27,B,17,54,107,0,0.653
52,28,F,19,93,41,0,0.653
52,29,U,136,149,140,0,0.653
52,30,D,127,139,23,0,0.653
52,31,D,126,143,24,0,0.653
52,32,B,17,48,111,0,0.653
52,33,D,137,134,21,0,0.653
52,34,R,132,33,20,0,0.653
52,35,L,139,73,19,0,0.653
52,36,B,80,107,199,1,0.653
52,37,B,23,33,100,0,0.653
52,38,R,109,21,28,0,0.653
52,39,F,12,84,41,0,0.653
52,40,L,147,70,11,0,0.653
52,41,U,147,150,132,0,0.653
52,42,L,143,60,22,0,0.653
52,43,R,119,11,25,0,0.653
52,44,D,155,121,23,0,0.653
52,45,R,128,7,23,0,0.653
52,46,F,4,95,20,0,0.653
52,47,U,130,146,142,0,0.653
52,48,L,145,74,24,0,0.653
52,49,B,20,50,106,0,0.653
52,50,U,211,245,229,1,0.653
52,51,D,152,144,32,0,0.653
52,52,B,12,60,111,0,0.653
52,53,B,14,62,98,0,0.653
53,0,L,217,107,17,0,0.997
53,1,U,213,255,214,0,0.997
53,2,D,213,235,27,0,0.997
53,3,B,20,66,177,0,0.997
53,4,U,204,255,210,0,0.997
53,5,D,216,245,37,0,0.997
53,6,U,199,255,190,0,0.997
53,7,F,25,161,48,0,0.997
53,8,D,255,255,122,1,0.997
53,9,L,211,136,33,0,0.997
53,10,B,18,70,183,0,0.997
53,11,R,172,34,34,0,0.997
53,12,D,255,255,98,1,0.997
53,13,R,161,30,50,0,0.997
53,14,U,227,255,214,0,0.997
53,15,D,223,246,39,0,0.997
53,16,L,210,117,31,0,0.997
53,17,D,239,231,20,0,0.997
53,18,L,221,120,24,0,0.997
53,19,D,229,236,26,0,0.997
53,20,F,7,164,50,0,0.997
53,21,L,216,110,20,0,0.997
53,22,F,11,161,55,0,0.997
53,23,L,219,131,21,0,0.997
53,24,R,166,48,39,0,0.997
53,25,U,219,255,225,0,0.997
53,26,L,222,126,29,0,0.997
53,27,F,16,159,58,0,0.997
53,28,F,23,164,61,0,0.997
53,29,B,23,73,159,0,0.997
53,30,F,29,169,52,0,0.997
53,31,D,223,239,37,0,0.997
53,32,F,8,155,54,0,0.997
53,33,R,186,26,33,0,0.997
53,34,L,205,117,25,0,0.997
53,35,B,6,54,178,0,0.997
53,36,U,214,253,221,0,0.997
53,37,R,181,16,35,0,0.997
53,38,B,31,71,170,0,0.997
53,39,R,181,31,27,0,0.997
53,40,L,209,110,27,0,0.997
53,41,U,200,255,200,0,0.997
53,42,B,23,65,170,0,0.997
53,43,R,251,112,117,1,0.997
53,44,U,213,255,215,0,0.997
53,45,F,28,161,68,0,0.997
53,46,B,25,86,176,0,0.997
53,47,F,28,158,55,0,0.997
53,48,R,163,30,35,0,0.997
53,49,B,29,66,198,0,0.997
53,50,D,218,246,44,0,0.997
53,51,R,153,31,48,0,0.997
53,52,B,3,83,165,0,0.997
53,53,U,210,255,198,0,0.997
54,0,L,255,92,20,0,1.038
54,1,D,255,218,44,0,1.038
54,2,D,255,190,35,0,1.038
54,3,R,217,38,42,0,1.038
54,4,U,255,206,255,0,1.038
54,5,D,255,195,45,0,1.038
54,6,L,255,88,16,0,1.038
54,7,D,255,191,31,0,1.038
54,8,B,19,66,204,0,1.038
54,9,D,255,184,35,0,1.038
54,10,B,48,66,195,0,1.038
54,11,R,223,45,50,0,1.038
54,12,F,17,132,63,0,1.038
54,13,R,212,17,38,0,1.038
54,14,F,19,135,67,0,1.038
54,15,D,255,176,37,0,1.038
54,16,U,255,212,241,0,1.038
54,17,U,239,204,236,0,1.038
54,18,B,25,52,192,0,1.038
54,19,R,209,48,47,0,1.038
54,20,R,213,26,40,0,1.038
54,21,F,29,129,66,0,1.038
54,22,F,36,139,69,0,1.038
54,23,U,255,209,234,0,1.038
54,24,B,14,56,195,0,1.038
54,25,L,255,106,21,0,1.038
54,26,L,255,103,35,0,1.038
54,27,R,211,29,52,0,1.038
54,28,D,255,190,24,0,1.038
54,29,B,39,67,196,0,1.038
54,30,L,255,87,25,0,1.038
54,31,D,255,199,31,0,1.038
54,32,R,226,27,50,0,1.038
54,33,F,20,135,76,0,1.038
54,34,U,255,196,239,0,1.038
54,35,F,102,191,125,1,1.038
54,36,U,255,200,247,0,1.038
54,37,B,19,47,189,0,1.038
54,38,U,255,201,242,0,1.038
54,39,B,30,54,204,0,1.038
54,40,L,255,101,12,0,1.038
54,41,L,251,75,24,0,1.038
54,42,L,255,103,37,0,1.038
54,43,B,26,59,199,0,1.038
54,44,U,255,201,247,0,1.038
54,45,F,26,130,73,0,1.038
54,46,F,22,124,72,0,1.038
54,47,F,28,130,66,0,1.038
54,48,R,219,23,47,0,1.038
54,49,B,31,74,206,0,1.038
54,50,U,255,206,243,0,1.038
54,51,R,210,49,39,0,1.038
54,52,L,255,108,15,0,1.038
54,53,D,255,187,33,0,1.038
55,0,U,128,142,148,0,0.619
55,1,F,20,93,38,0,0.619
55,2,D,128,139,27,0,0.619
55,3,D,132,135,22,0,0.619
55,4,U,134,138,132,0,0.619
55,5,F,7,97,41,0,0.619
55,6,B,17,42,108,0,0.619
55,7,U,154,131,147,0,0.619
55,8,B,17,44,107,0,0.619
55,9,L,136,59,3,0,0.619
55,10,R,111,5,30,0,0.619
55,11,F,23,66,25,0,0.619
55,12,R,114,20,24,0,0.619
55,13,R,115,24,30,0,0.619
55,14,L,152,69,21,0,0.619
55,15,L,125,67,5,0,0.619
55,16,U,149,165,142,0,0.619
55,17,F,4,92,38,0,0.619
55,18,R,113,27,31,0,0.619
55,19,B,0,54,107,0,0.619
55,20,D,137,145,21,0,0.619
55,21,B,4,33,112,0,0.619
55,22,F,22,105,37,0,0.619
55,23,D,137,147,20,0,0.619
55,24,R,123,20,25,0,0.619
55,25,D,139,136,20,0,0.619
55,26,U,133,145,132,0,0.619
55,27,B,17,44,109,0,0.619
55,28,F,13,91,52,0,0.619
55,29,B,14,39,109,0,0.619
55,30,L,143,67,13,0,0.619
55,31,D,139,135,26,0,0.619
55,32,L,142,55,6,0,0.619
55,33,U,117,153,146,0,0.619
55,34,U,148,147,147,0,0.619
55,35,D,141,133,11,0,0.619
55,36,F,8,89,45,0,0.619
55,37,B,28,40,114,0,0.619
55,38,U,140,140,124,0,0.619
55,39,R,106,7,21,0,0.619
55,40,L,137,67,13,0,0.619
55,41,L,142,61,22,0,0.619
55,42,F,1,94,41,0,0.619
55,43,F,8,81,43,0,0.619
55,44,D,136,140,29,0,0.619
55,45,L,208,138,92,1,0.619
55,46,U,141,139,139,0,0.619
55,47,L,142,70,16,0,0.619
55,48,D,140,133,16,0,0.619
55,49,B,3,52,106,0,0.619
55,50,B,16,31,112,0,0.619
55,51,R,105,42,15,0,0.619
55,52,R,104,26,32,0,0.619
55,53,R,95,20,30,0,0.619
56,0,R,116,23,18,0,0.64
56,1,U,148,136,125,0,0.64
56,2,U,145,157,125,0,0.64
56,3,D,153,134,21,0,0.64
56,4,U,167,137,132,0,0.64
56,5,B,17,42,103,0,0.64
56,6,R,125,31,16,0,0.64
56,7,R,122,15,26,0,0.64
56,8,R,129,25,11,0,0.64
56,9,D,161,125,19,0,0.64
56,10,L,157,49,16,0,0.64
56,11,B,18,30,104,0,0.64
56,12,D,172,124,26,0,0.64
56,13,R,124,11,14,0,0.64
56,14,R,123,28,28,0,0.64
56,15,D,154,135,21,0,0.64
56,16,F,11,92,28,0,0.64
56,17,D,147,137,7,0,0.64
56,18,F,21,76,35,0,0.64
56,19,F,15,85,18,0,0.64
56,20,F,16,88,28,0,0.64
56,21,F,16,96,30,0,0.64
56,22,F,18,79,39,0,0.64
56,23,L,161,84,21,0,0.64
56,24,R,130,29,14,0,0.64
56,25,F,25,84,31,0,0.64
56,26,F,25,90,46,0,0.64
56,27,U,145,141,125,0,0.64
56,28,D,157,112,29,0,0.64
56,29,L,158,57,3,0,0.64
56,30,D,153,138,21,0,0.64
56,31,D,157,131,22,0,0.64
56,32,L,158,71,16,0,0.64
56,33,L,233,126,84,1,0.64
56,34,U,153,140,129,0,0.64
56,35,L,151,62,21,0,0.64
56,36,B,12,32,109,0,0.64
56,37,R,134,16,23,0,0.64
56,38,U,150,137,138,0,0.64
56,39,R,133,19,20,0,0.64
56,40,L,143,67,17,0,0.64
56,41,U,165,155,132,0,0.64
56,42,F,24,80,45,0,0.64
56,43,B,93,122,180,1,0.64
56,44,B,20,53,99,0,0.64
56,45,L,161,74,8,0,0.64
56,46,B,8,45,106,0,0.64
56,47,D,164,132,16,0,0.64
56,48,B,19,50,102,0,0.64
56,49,B,14,33,111,0,0.64
56,50,U,172,128,135,0,0.64
56,51,B,24,37,102,0,0.64
56,52,L,148,59,15,0,0.64
56,53,U,161,140,136,0,0.64
57,0,L,255,134,37,0,1.194
57,1,R,237,34,55,0,1.194
57,2,B,34,92,210,0,1.194
57,3,F,11,183,72,0,1.194
57,4,U,255,255,253,0,1.194
57,5,L,255,133,21,0,1.194
57,6,F,37,209,51,0,1.194
57,7,L,255,140,12,0,1.194
57,8,U,255,255,237,0,1.194
57,9,F,43,200,73,0,1.194
57,10,F,35,198,74,0,1.194
57,11,R,255,106,118,1,1.194
57,12,R,222,36,51,0,1.194
57,13,R,240,35,35,0,1.194
57,14,B,35,94,190,0,1.194
57,15,L,255,148,27,0,1.194
57,16,L,255,224,102,1,1.194
57,17,R,255,132,120,1,1.194
57,18,U,255,255,242,0,1.194
57,19,U,255,255,243,0,1.194
57,20,L,255,140,32,0,1.194
57,21,D,255,255,41,0,1.194
57,22,F,32,177,80,0,1.194
57,23,U,255,255,246,0,1.194
57,24,L,255,140,8,0,1.194
57,25,B,27,93,200,0,1.194
57,26,B,28,93,198,0,1.194
57,27,F,25,190,82,0,1.194
57,28,U,255,255,255,1,1.194
57,29,D,255,255,45,0,1.194
57,30,L,255,142,28,0,1.194
57,31,D,255,255,38,0,1.194
57,32,D,255,255,30,0,1.194
57,33,F,27,195,60,0,1.194
57,34,D,255,255,48,0,1.194
57,35,B,24,88,203,0,1.194
57,36,B,19,94,196,0,1.194
57,37,U,255,255,233,0,1.194
57,38,R,230,30,31,0,1.194
57,39,R,239,34,25,0,1.194
57,40,L,255,138,0,0,1.194
57,41,B,30,99,198,0,1.194
57,42,D,255,255,46,0,1.194
57,43,B,22,93,207,0,1.194
57,44,D,255,255,26,0,1.194
57,45,D,255,255,47,0,1.194
57,46,D,255,255,33,0,1.194
57,47,U,255,255,242,0,1.194
57,48,R,249,41,34,0,1.194
57,49,B,35,99,202,0,1.194
57,50,F,15,197,50,0,1.194
57,51,U,255,255,238,0,1.194
57,52,F,36,200,58,0,1.194
57,53,R,241,38,28,0,1.194
58,0,D,255,253,57,0,1.188
58,1,D,255,234,55,0,1.188
58,2,D,255,248,60,0,1.188
58,3,R,229,42,55,0,1.188
58,4,U,255,251,255,0,1.188
58,5,U,255,255,255,0,1.188
58,6,L,255,123,31,0,1.188
58,7,D,255,245,47,0,1.188
58,8,D,255,238,54,0,1.188
58,9,R,232,47,47,0,1.188
58,10,F,34,162,74,0,1.188
58,11,F,33,169,72,0,1.188
58,12,U,255,255,255,0,1.188
58,13,R,240,44,45,0,1.188
58,14,F,16,167,62,0,1.188
58,15,R,255,112,122,1,1.188
58,16,D,255,236,47,0,1.188
58,17,R,222,38,45,0,1.188
58,18,B,46,70,233,0,1.188
58,19,B,26,87,217,0,1.188
58,20,B,37,75,218,0,1.188
58,21,R,234,38,51,0,1.188
58,22,F,44,175,56,0,1.188
58,23,R,232,18,45,0,1.188
58,24,F,36,158,68,0,1.188
58,25,B,33,77,237,0,1.188
58,26,F,34,173,91,0,1.188
58,27,L,255,194,92,1,1.188
58,28,L,255,132,41,0,1.188
58,29,D,255,236,42,0,1.188
58,30,B,20,80,235,0,1.188
58,31,D,255,224,59,0,1.188
58,32,R,223,37,38,0,1.188
58,33,U,255,255,255,0,1.188
58,34,L,255,124,34,0,1.188
58,35,U,255,255,255,0,1.188
58,36,B,25,77,223,0,1.188
58,37,F,32,164,82,0,1.188
58,38,U,255,255,255,0,1.188
58,39,U,255,254,255,0,1.188
58,40,L,255,127,35,0,1.188
58,41,B,40,85,227,0,1.188
58,42,R,234,21,49,0,1.188
58,43,U,255,255,255,0,1.188
58,44,U,255,255,255,0,1.188
58,45,L,255,134,20,0,1.188
58,46,L,255,129,28,0,1.188
58,47,L,255,126,32,0,1.188
58,48,D,255,239,49,0,1.188
58,49,B,26,79,221,0,1.188
58,50,L,255,113,18,0,1.188
58,51,F,105,241,140,1,1.188
58,52,F,30,160,94,0,1.188
58,53,B,19,93,218,0,1.188
59,0,D,255,252,40,0,1.143
59,1,U,255,255,248,0,1.143
59,2,R,206,53,54,0,1.143
59,3,B,30,81,204,0,1.143
59,4,U,255,255,242,0,1.143
59,5,F,99,241,150,1,1.143
59,6,D,255,253,47,0,1.143
59,7,F,40,175,62,0,1.143
59,8,F,37,181,68,0,1.143
59,9,L,255,132,13,0,1.143
59,10,L,255,130,42,0,1.143
59,11,U,255,255,253,0,1.143
59,12,U,255,255,251,0,1.143
59,13,R,210,47,62,0,1.143
59,14,L,254,123,21,0,1.143
59,15,B,23,78,203,0,1.143
59,16,D,255,244,31,0,1.143
59,17,B,14,92,213,0,1.143
59,18,F,16,164,71,0,1.143
59,19,D,255,255,45,0,1.143
59,20,U,255,255,245,0,1.143
59,21,L,255,130,18,0,1.143
59,22,F,25,165,70,0,1.143
59,23,R,222,26,52,0,1.143
59,24,R,230,39,34,0,1.143
59,25,B,22,81,192,0,1.143
59,26,L,253,128,26,0,1.143
59,27,U,255,255,255,0,1.143
59,28,R,221,43,38,0,1.143
59,29,U,255,255,255,0,1.143
59,30,U,255,255,246,0,1.143
59,31,D,255,255,42,0,1.143
59,32,R,215,38,37,0,1.143
59,33,D,255,249,40,0,1.143
59,34,U,255,255,255,0,1.143
59,35,R,214,42,50,0,1.143
59,36,B,39,88,208,0,1.143
59,37,D,255,255,36,0,1.143
59,38,R,211,42,43,0,1.143
59,39,R,216,28,54,0,1.143
59,40,L,255,133,27,0,1.143
59,41,D,255,251,35,0,1.143
59,42,F,13,175,60,0,1.143
59,43,B,33,95,184,0,1.143
59,44,B,18,86,212,0,1.143
59,45,F,31,180,74,0,1.143
59,46,L,255,143,32,0,1.143
59,47,L,253,127,29,0,1.143
59,48,B,22,81,198,0,1.143
59,49,B,23,89,199,0,1.143
59,50,F,20,172,70,0,1.143
59,51,D,255,255,55,0,1.143
59,52,F,33,160,73,0,1.143
59,53,L,255,119,19,0,1.143
60,0,R,246,19,48,0,1.191
60,1,D,255,224,40,0,1.191
60,2,F,30,149,85,0,1.191
60,3,B,37,67,248,0,1.191
60,4,U,255,224,255,0,1.191
60,5,U,255,229,255,0,1.191
60,6,U,255,241,255,0,1.191
60,7,F,38,161,87,0,1.191
60,8,U,255,241,255,0,1.191
60,9,F,21,162,88,0,1.191
60,10,F,38,142,93,0,1.191
60,11,L,255,117,22,0,1.191
60,12,L,255,112,35,0,1.191
60,13,R,230,35,50,0,1.191
60,14,B,33,66,252,0,1.191
60,15,B,39,68,255,0,1.191
60,16,L,255,109,32,0,1.191
60,17,D,255,213,63,0,1.191
60,18,B,19,70,255,0,1.191
60,19,R,238,23,43,0,1.191
60,20,L,255,102,38,0,1.191
60,21,D,255,219,72,0,1.191
60,22,F,44,160,75,0,1.191
60,23,U,255,240,255,0,1.191
60,24,F,42,139,89,0,1.191
60,25,B,102,136,255,1,1.191
60,26,R,222,31,54,0,1.191
60,27,U,255,228,255,0,1.191
60,28,U,255,247,255,0,1.191
60,29,D,255,201,55,0,1.191
60,30,D,255,228,64,0,1.191
60,31,D,255,225,60,0,1.191
60,32,F,23,154,76,0,1.191
60,33,U,255,229,255,0,1.191
60,34,U,255,235,255,0,1.191
60,35,L,255,114,25,0,1.191
60,36,D,255,214,61,0,1.191
60,37,L,255,93,25,0,1.191
60,38,R,230,41,49,0,1.191
60,39,R,235,25,58,0,1.191
60,40,L,255,119,9,0,1.191
60,41,R,217,46,55,0,1.191
60,42,B,24,90,255,0,1.191
60,43,L,255,109,39,0,1.191
60,44,R,236,18,58,0,1.191
60,45,D,255,229,64,0,1.191
60,46,F,26,148,88,0,1.191
60,47,F,36,149,85,0,1.191
60,48,D,255,222,63,0,1.191
60,49,B,33,64,236,0,1.191
60,50,B,38,69,248,0,1.191
60,51,B,99,129,255,1,1.191
60,52,R,211,28,46,0,1.191
60,53,L,255,116,32,0,1.191
61,0,U,123,156,141,0,0.599
61,1,R,96,17,46,0,0.599
61,2,R,99,4,32,0,0.599
61,3,U,142,142,175,0,0.599
61,4,U,121,158,142,0,0.599
61,5,L,119,60,7,0,0.599
61,6,D,106,147,16,0,0.599
61,7,D,127,140,20,0,0.599
61,8,L,122,70,12,0,0.599
61,9,F,14,96,33,0,0.599
61,10,F,3,89,42,0,0.599
61,11,D,135,150,28,0,0.599
61,12,D,132,138,35,0,0.599
61,13,R,99,23,23,0,0.599
61,14,L,121,86,6,0,0.599
61,15,U,121,145,155,0,0.599
61,16,U,136,148,124,0,0.599
61,17,R,103,25,11,0,0.599
61,18,F,11,95,22,0,0.599
61,19,R,104,23,27,0,0.599
61,20,D,115,131,20,0,0.599
61,21,F,17,88,53,0,0.599
61,22,F,16,78,55,0,0.599
61,23,F,85,161,112,1,0.599
61,24,L,106,72,0,0,0.599
61,25,L,113,82,26,0,0.599
61,26,B,10,37,126,0,0.599
61,27,D,123,139,31,0,0.599
61,28,B,4,52,101,0,0.599
61,29,L,133,57,11,0,0.599
61,30,U,115,156,153,0,0.599
61,31,D,127,142,29,0,0.599
61,32,F,13,80,22,0,0.599
61,33,L,102,70,14,0,0.599
61,34,B,12,47,117,0,0.599
61,35,B,5,32,103,0,0.599
61,36,R,108,27,14,0,0.599
61,37,L,119,74,29,0,0.599
61,38,R,93,21,35,0,0.599
61,39,B,0,39,118,0,0.599
61,40,L,115,88,23,0,0.599
61,41,R,99,11,32,0,0.599
61,42,F,18,91,37,0,0.599
61,43,B,1,44,126,0,0.599
61,44,B,91,120,195,1,0.599
61,45,B,8,41,129,0,0.599
61,46,U,125,143,151,0,0.599
61,47,F,20,102,42,0,0.599
61,48,D,119,140,39,0,0.599
61,49,B,14,39,121,0,0.599
61,50,R,87,21,23,0,0.599
61,51,U,129,151,155,0,0.599
61,52,D,143,135,18,0,0.599
61,53,U,125,149,148,0,0.599
62,0,L,218,125,22,0,0.969
62,1,F,6,163,58,0,0.969
62,2,B,34,72,155,0,0.969
62,3,B,33,72,162,0,0.969
62,4,U,227,255,200,0,0.969
62,5,R,171,41,31,0,0.969
62,6,B,20,94,169,0,0.969
62,7,F,15,160,53,0,0.969
62,8,U,217,242,206,0,0.969
62,9,B,30,79,158,0,0.969
62,10,F,26,170,47,0,0.969
62,11,D,225,231,40,0,0.969
62,12,L,225,110,16,0,0.969
62,13,R,195,25,35,0,0.969
62,14,R,175,43,34,0,0.969
62,15,F,20,155,53,0,0.969
62,16,R,187,39,23,0,0.969
62,17,L,236,119,13,0,0.969
62,18,U,224,252,195,0,0.969
62,19,L,218,120,17,0,0.969
62,20,R,166,37,30,0,0.969
62,21,F,34,169,60,0,0.969
62,22,F,25,175,53,0,0.969
62,23,D,219,238,12,0,0.969
62,24,R,177,35,31,0,0.969
62,25,U,233,255,201,0,0.969
62,26,R,177,42,28,0,0.969
62,27,B,20,83,166,0,0.969
62,28,L,240,119,6,0,0.969
62,29,U,228,255,198,0,0.969
62,30,D,240,250,29,0,0.969
62,31,D,224,225,39,0,0.969
62,32,B,30,82,151,0,0.969
62,33,R,174,21,21,0,0.969
62,34,R,169,20,33,0,0.969
62,35,D,231,241,34,0,0.969
62,36,U,217,255,204,0,0.969
62,37,U,220,255,197,0,0.969
62,38,L,218,121,12,0,0.969
62,39,L,231,108,25,0,0.969
62,40,L,212,133,28,0,0.969
62,41,U,216,254,190,0,0.969
62,42,F,93,238,146,1,0.969
62,43,B,12,87,157,0,0.969
62,44,D,230,243,38,0,0.969
62,45,L,226,119,21,0,0.969
62,46,D,229,245,22,0,0.969
62,47,F,90,224,117,1,0.969
62,48,D,221,245,52,0,0.969
62,49,B,35,67,162,0,0.969
62,50,B,14,80,172,0,0.969
62,51,F,29,171,54,0,0.969
62,52,U,207,241,199,0,0.969
62,53,D,232,246,31,0,0.969
63,0,B,31,88,209,0,1.144
63,1,B,30,77,209,0,1.144
63,2,D,255,255,32,0,1.144
63,3,U,255,255,231,0,1.144
63,4,U,255,255,252,0,1.144
63,5,L,255,135,41,0,1.144
63,6,R,224,43,32,0,1.144
63,7,R,230,34,40,0,1.144
63,8,F,35,169,69,0,1.144
63,9,U,255,255,251,0,1.144
63,10,B,27,83,190,0,1.144
63,11,B,35,80,204,0,1.144
63,12,D,255,255,34,0,1.144
63,13,R,239,33,47,0,1.144
63,14,D,255,255,42,0,1.144
63,15,U,255,255,253,0,1.144
63,16,F,44,179,79,0,1.144
63,17,B,31,74,204,0,1.144
63,18,D,255,255,38,0,1.144
63,19,B,31,88,184,0,1.144
63,20,R,233,29,54,0,1.144
63,21,B,44,86,187,0,1.144
63,22,F,32,186,74,0,1.144
63,23,L,255,125,25,0,1.144
63,24,L,255,150,21,0,1.144
63,25,U,255,255,237,0,1.144
63,26,R,226,36,38,0,1.144
63,27,F,28,194,72,0,1.144
63,28,L,255,202,102,1,1.144
63,29,B,25,87,200,0,1.144
63,30,R,234,35,41,0,1.144
63,31,D,255,255,34,0,1.144
63,32,L,255,135,24,0,1.144
63,33,U,255,255,248,0,1.144
63,34,F,30,178,61,0,1.144
63,35,L,255,144,21,0,1.144
63,36,L,255,131,32,0,1.144
63,37,F,46,177,73,0,1.144
63,38,F,31,182,73,0,1.144
63,39,D,255,255,44,0,1.144
63,40,L,255,148,33,0,1.144
63,41,D,255,252,40,0,1.144
63,42,L,255,140,37,0,1.144
63,43,U,255,255,246,0,1.144
63,44,D,255,255,32,0,1.144
63,45,R,228,28,36,0,1.144
63,46,U,255,255,250,0,1.144
63,47,D,255,255,52,0,1.144
63,48,F,36,174,51,0,1.144
63,49,B,23,84,218,0,1.144
63,50,R,240,33,52,0,1.144
63,51,U,255,255,255,0,1.144
63,52,R,232,31,32,0,1.144
63,53,F,29,192,57,0,1.144
64,0,F,23,182,54,0,1.291
64,1,U,255,255,255,0,1.291
64,2,R,255,24,39,0,1.291
64,3,U,255,255,255,0,1.291
64,4,U,255,255,255,0,1.291
64,5,D,255,252,47,0,1.291
64,6,L,255,141,31,0,1.291
64,7,L,255,193,104,1,1.291
64,8,L,255,141,32,0,1.291
64,9,F,29,172,75,0,1.291
64,10,B,39,81,212,0,1.291
64,11,F,30,182,83,0,1.291
64,12,B,25,80,210,0,1.291
64,13,R,255,64,48,0,1.291
64,14,F,33,173,67,0,1.291
64,15,U,255,255,255,0,1.291
64,16,D,255,255,121,1,1.291
64,17,B,117,137,255,1,1.291
64,18,B,23,87,236,0,1.291
64,19,F,36,180,71,0,1.291
64,20,D,255,255,46,0,1.291
64,21,B,35,86,231,0,1.291
64,22,F,23,178,71,0,1.291
64,23,L,255,139,32,0,1.291
64,24,B,47,75,221,0,1.291
64,25,R,255,36,48,0,1.291
64,26,F,35,168,76,0,1.291
64,27,L,255,135,27,0,1.291
64,28,F,46,179,61,0,1.291
64,29,R,255,24,55,0,1.291
64,30,B,48,83,228,0,1.291
64,31,D,255,236,43,0,1.291
64,32,L,255,118,30,0,1.291
64,33,R,255,41,60,0,1.291
64,34,D,255,252,48,0,1.291
64,35,U,255,255,255,0,1.291
64,36,L,255,128,24,0,1.291
64,37,L,255,137,37,0,1.291
64,38,U,255,255,255,0,1.291
64,39,F,42,170,82,0,1.291
64,40,L,255,134,34,0,1.291
64,41,U,255,255,255,0,1.291
64,42,D,255,250,50,0,1.291
64,43,R,255,126,126,1,1.291
64,44,D,255,255,53,0,1.291
64,45,D,255,253,52,0,1.291
64,46,R,255,34,36,0,1.291
64,47,U,255,255,255,0,1.291
64,48,D,255,253,39,0,1.291
64,49,B,29,77,222,0,1.291
64,50,U,255,255,255,0,1.291
64,51,R,255,41,44,0,1.291
64,52,R,255,57,59,0,1.291
64,53,B,41,91,225,0,1.291
65,0,B,32,67,219,0,1.049
65,1,D,223,234,60,0,1.049
65,2,D,222,231,46,0,1.049
65,3,B,33,70,233,0,1.049
65,4,U,222,239,255,0,1.049
65,5,R,181,26,36,0,1.049
65,6,B,38,69,210,0,1.049
65,7,D,209,198,43,0,1.049
65,8,F,35,141,75,0,1.049
65,9,U,207,251,255,0,1.049
65,10,F,27,166,91,0,1.049
65,11,F,102,220,136,1,1.049
65,12,F,15,140,92,0,1.049
65,13,R,178,32,49,0,1.049
65,14,U,239,237,255,0,1.049
65,15,R,183,30,32,0,1.049
65,16,B,32,66,222,0,1.049
65,17,B,26,73,235,0,1.049
65,18,U,217,243,255,0,1.049
65,19,B,24,78,223,0,1.049
65,20,R,190,25,36,0,1.049
65,21,F,24,164,73,0,1.049
65,22,F,19,152,79,0,1.049
65,23,U,221,244,255,0,1.049
65,24,L,235,118,23,0,1.049
65,25,L,234,117,42,0,1.049
65,26,F,14,168,78,0,1.049
65,27,U,206,248,255,0,1.049
65,28,B,16,70,209,0,1.049
65,29,D,232,219,46,0,1.049
65,30,D,239,222,42,0,1.049
65,31,D,219,221,56,0,1.049
65,32,U,218,233,255,0,1.049
65,33,R,251,101,135,1,1.049
65,34,U,213,243,255,0,1.049
65,35,U,220,247,255,0,1.049
65,36,L,212,120,36,0,1.049
65,37,R,179,51,48,0,1.049
65,38,L,215,117,15,0,1.049
65,39,F,37,163,74,0,1.049
65,40,L,228,118,46,0,1.049
65,41,L,218,103,13,0,1.049
65,42,D,225,208,46,0,1.049
65,43,R,183,28,40,0,1.049
65,44,F,34,153,79,0,1.049
65,45,L,230,103,22,0,1.049
65,46,L,243,112,21,0,1.049
65,47,D,225,217,38,0,1.049
65,48,L,219,113,30,0,1.049
65,49,B,28,58,213,0,1.049
65,50,D,234,218,58,0,1.049
65,51,R,183,20,52,0,1.049
65,52,R,172,33,58,0,1.049
65,53,B,41,72,231,0,1.049
66,0,D,150,144,3,0,0.573
66,1,L,141,73,19,0,0.573
66,2,R,110,26,33,0,0.573
66,3,R,117,18,21,0,0.573
66,4,U,145,159,153,0,0.573
66,5,U,140,142,134,0,0.573
66,6,L,222,142,88,1,0.573
66,7,U,148,153,140,0,0.573
66,8,U,136,145,142,0,0.573
66,9,L,147,67,12,0,0.573
66,10,F,27,92,41,0,0.573
66,11,B,13,38,101,0,0.573
66,12,B,11,38,121,0,0.573
66,13,R,107,16,30,0,0.573
66,14,F,15,100,46,0,0.573
66,15,L,131,67,7,0,0.573
66,16,B,27,44,118,0,0.573
66,17,D,161,134,25,0,0.573
66,18,F,19,94,49,0,0.573
66,19,R,123,28,25,0,0.573
66,20,B,13,42,111,0,0.573
66,21,U,131,153,147,0,0.573
66,22,F,16,92,39,0,0.573
66,23,R,118,22,39,0,0.573
66,24,F,9,99,45,0,0.573
66,25,F,16,94,31,0,0.573
66,26,F,11,101,51,0,0.573
66,27,U,139,154,145,0,0.573
66,28,L,152,72,19,0,0.573
66,29,U,151,140,141,0,0.573
66,30,B,1,29,107,0,0.573
66,31,D,135,141,32,0,0.573
66,32,D,145,136,22,0,0.573
66,33,F,13,97,42,0,0.573
66,34,D,143,131,20,0,0.573
66,35,B,22,41,125,0,0.573
66,36,B,14,56,104,0,0.573
66,37,F,10,100,43,0,0.573
66,38,D,146,153,25,0,0.573
66,39,L,146,66,29,0,0.573
66,40,L,151,74,2,0,0.573
66,41,B,19,41,117,0,0.573
66,42,D,155,131,26,0,0.573
66,43,L,151,72,13,0,0.573
66,44,R,108,14,14,0,0.573
66,45,U,152,151,131,0,0.573
66,46,D,147,127,0,0,0.573
66,47,L,154,80,3,0,0.573
66,48,D,141,139,21,0,0.573
66,49,B,9,41,112,0,0.573
66,50,U,140,151,139,0,0.573
66,51,R,110,20,11,0,0.573
66,52,R,128,5,23,0,0.573
66,53,R,119,23,26,0,0.573
67,0,U,161,139,137,0,0.587
67,1,U,152,144,133,0,0.587
67,2,L,161,64,11,0,0.587
67,3,U,148,146,139,0,0.587
67,4,U,149,151,139,0,0.587
67,5,D,157,146,17,0,0.587
67,6,F,29,91,44,0,0.587
67,7,U,152,146,122,0,0.587
67,8,R,134,13,17,0,0.587
67,9,U,159,149,153,0,0.587
67,10,F,30,100,40,0,0.587
67,11,B,22,34,113,0,0.587
67,12,U,152,144,140,0,0.587
67,13,R,110,26,34,0,0.587
67,14,R,111,20,36,0,0.587
67,15,L,154,61,7,0,0.587
67,16,B,23,59,103,0,0.587
67,17,L,151,63,13,0,0.587
67,18,R,124,19,18,0,0.587
67,19,L,167,68,13,0,0.587
67,20,B,25,44,110,0,0.587
67,21,L,158,61,21,0,0.587
67,22,F,24,100,37,0,0.587
67,23,F,16,81,37,0,0.587
67,24,R,124,26,25,0,0.587
67,25,B,13,38,111,0,0.587
67,26,D,155,145,24,0,0.587
67,27,B,12,43,107,0,0.587
67,28,L,148,52,2,0,0.587
67,29,F,77,168,108,1,0.587
67,30,R,123,28,15,0,0.587
67,31,D,163,138,18,0,0.587
67,32,D,235,194,85,1,0.587
67,33,U,149,151,136,0,0.587
67,34,D,137,133,23,0,0.587
67,35,U,170,159,139,0,0.587
67,36,R,113,22,14,0,0.587
67,37,R,123,22,20,0,0.587
67,38,D,155,133,19,0,0.587
67,39,L,232,144,82,1,0.587
67,40,L,144,71,19,0,0.587
67,41,D,160,147,27,0,0.587
67,42,L,141,85,24,0,0.587
67,43,B,23,55,99,0,0.587
67,44,D,151,131,33,0,0.587
67,45,D,144,133,35,0,0.587
67,46,B,21,41,126,0,0.587
67,47,F,6,98,36,0,0.587
67,48,F,20,92,32,0,0.587
67,49,B,18,34,115,0,0.587
67,50,F,84,172,105,1,0.587
67,51,B,11,47,121,0,0.587
67,52,R,105,20,28,0,0.587
67,53,F,5,87,43,0,0.587
68,0,F,17,124,73,0,0.916
68,1,F,16,123,41,0,0.916
68,2,B,85,121,255,1,0.916
68,3,F,33,119,75,0,0.916
68,4,U,225,201,220,0,0.916
68,5,B,26,54,159,0,0.916
68,6,B,16,60,170,0,0.916
68,7,U,213,210,205,0,0.916
68,8,F,30,126,60,0,0.916
68,9,L,210,95,17,0,0.916
68,10,L,205,95,22,0,0.916
68,11,U,225,205,205,0,0.916
68,12,F,18,110,50,0,0.916
68,13,R,187,38,42,0,0.916
68,14,B,26,65,176,0,0.916
68,15,L,205,88,32,0,0.916
68,16,R,186,28,34,0,0.916
68,17,L,215,91,15,0,0.916
68,18,D,208,187,33,0,0.916
68,19,B,22,74,177,0,0.916
68,20,U,213,207,201,0,0.916
68,21,D,231,187,35,0,0.916
68,22,F,28,141,55,0,0.916
68,23,D,255,255,106,1,0.916
68,24,U,230,197,216,0,0.916
68,25,F,18,134,57,0,0.916
68,26,B,18,73,175,0,0.916
68,27,L,202,93,15,0,0.916
68,28,U,209,198,209,0,0.916
68,29,D,223,179,22,0,0.916
68,30,U,214,210,202,0,0.916
68,31,D,228,189,33,0,0.916
68,32,B,26,54,169,0,0.916
68,33,R,169,30,47,0,0.916
68,34,D,218,195,19,0,0.916
68,35,D,216,177,50,0,0.916
68,36,U,214,209,197,0,0.916
68,37,L,219,99,22,0,0.916
68,38,R,155,27,43,0,0.916
68,39,L,229,98,9,0,0.916
68,40,L,217,102,16,0,0.916
68,41,L,223,91,23,0,0.916
68,42,F,29,124,82,0,0.916
68,43,R,178,29,30,0,0.916
68,44,B,24,58,161,0,0.916
68,45,R,164,28,36,0,0.916
68,46,R,156,9,34,0,0.916
68,47,R,176,31,26,0,0.916
68,48,D,228,183,32,0,0.916
68,49,B,22,68,177,0,0.916
68,50,U,226,197,211,0,0.916
68,51,F,14,125,56,0,0.916
68,52,R,243,102,110,1,0.916
68,53,D,229,186,45,0,0.916
69,0,U,210,200,194,0,0.898
69,1,B,28,57,144,0,0.898
69,2,D,202,191,35,0,0.898
69,3,U,213,190,187,0,0.898
69,4,U,232,183,190,0,0.898
69,5,U,209,183,180,0,0.898
69,6,D,208,173,28,0,0.898
69,7,U,216,182,193,0,0.898
69,8,U,221,199,181,0,0.898
69,9,R,146,31,36,0,0.898
69,10,F,18,133,49,0,0.898
69,11,L,210,81,23,0,0.898
69,12,D,210,171,41,0,0.898
69,13,R,171,13,38,0,0.898
69,14,F,29,116,49,0,0.898
69,15,L,210,88,21,0,0.898
69,16,R,174,21,49,0,0.898
69,17,F,17,118,68,0,0.898
69,18,F,41,123,51,0,0.898
69,19,R,161,34,34,0,0.898
69,20,F,15,126,64,0,0.898
69,21,D,219,193,42,0,0.898
69,22,F,26,122,57,0,0.898
69,23,R,179,31,41,0,0.898
69,24,D,215,182,42,0,0.898
69,25,U,208,181,204,0,0.898
69,26,U,214,188,192,0,0.898
69,27,R,167,11,31,0,0.898
69,28,B,11,59,153,0,0.898
69,29,B,31,56,157,0,0.898
69,30,L,207,87,9,0,0.898
69,31,D,222,177,28,0,0.898
69,32,F,94,189,117,1,0.898
69,33,L,211,99,18,0,0.898
69,34,L,198,85,35,0,0.898
69,35,L,203,99,18,0,0.898
69,36,B,28,56,141,0,0.898
69,37,L,206,107,19,0,0.898
69,38,R,174,22,31,0,0.898
69,39,D,216,179,50,0,0.898
69,40,L,209,88,15,0,0.898
69,41,F,82,180,128,1,0.898
69,42,F,7,134,60,0,0.898
69,43,B,20,48,154,0,0.898
69,44,B,22,66,148,0,0.898
69,45,B,19,57,152,0,0.898
69,46,R,164,11,19,0,0.898
69,47,R,164,23,40,0,0.898
69,48,L,228,104,23,0,0.898
69,49,B,37,56,150,0,0.898
69,50,B,41,49,151,0,0.898
69,51,D,255,255,98,1,0.898
69,52,D,220,172,23,0,0.898
69,53,U,211,193,181,0,0.898
70,0,L,239,120,34,0,1.059
70,1,D,255,249,46,0,1.059
70,2,D,248,251,37,0,1.059
70,3,D,241,242,44,0,1.059
70,4,U,247,255,232,0,1.059
70,5,B,24,84,191,0,1.059
70,6,R,201,31,33,0,1.059
70,7,F,35,161,76,0,1.059
70,8,B,23,73,192,0,1.059
70,9,L,240,120,28,0,1.059
70,10,U,231,255,252,0,1.059
70,11,B,37,73,180,0,1.059
70,12,L,241,125,29,0,1.059
70,13,R,195,34,43,0,1.059
70,14,U,255,255,255,1,1.059
70,15,R,201,43,36,0,1.059
70,16,L,246,140,24,0,1.059
70,17,L,255,129,28,0,1.059
70,18,U,252,255,244,0,1.059
70,19,R,207,37,46,0,1.059
70,20,D,242,248,52,0,1.059
70,21,B,33,83,195,0,1.059
70,22,F,21,176,79,0,1.059
70,23,U,247,255,243,0,1.059
70,24,F,36,165,70,0,1.059
70,25,B,18,86,203,0,1.059
70,26,U,239,255,242,0,1.059
70,27,R,187,27,35,0,1.059
70,28,R,205,46,38,0,1.059
70,29,F,24,174,64,0,1.059
70,30,L,244,133,28,0,1.059
70,31,D,251,243,54,0,1.059
70,32,B,21,82,191,0,1.059
70,33,D,247,248,39,0,1.059
70,34,U,251,255,235,0,1.059
70,35,F,8,181,63,0,1.059
70,36,B,38,81,193,0,1.059
70,37,R,204,32,42,0,1.059
70,38,B,19,86,208,0,1.059
70,39,F,22,187,64,0,1.059
70,40,L,248,114,11,0,1.059
70,41,D,255,255,51,0,1.059
70,42,F,83,244,141,1,1.059
70,43,D,252,250,35,0,1.059
70,44,D,250,238,39,0,1.059
70,45,R,202,28,40,0,1.059
70,46,F,23,173,75,0,1.059
70,47,U,248,255,234,0,1.059
70,48,R,196,41,35,0,1.059
70,49,B,23,73,209,0,1.059
70,50,L,243,121,31,0,1.059
70,51,U,255,255,254,0,1.059
70,52,F,28,172,65,0,1.059
70,53,L,242,122,29,0,1.059
71,0,L,255,140,41,0,1.284
71,1,F,35,179,87,0,1.284
71,2,R,255,23,58,0,1.284
71,3,R,255,28,49,0,1.284
71,4,U,255,255,255,0,1.284
71,5,D,255,255,62,0,1.284
71,6,R,255,39,49,0,1.284
71,7,B,32,79,255,0,1.284
71,8,B,36,100,255,0,1.284
71,9,U,255,255,255,0,1.284
71,10,F,58,202,114,0,1.284
71,11,B,39,92,255,0,1.284
71,12,L,255,141,28,0,1.284
71,13,R,255,39,64,0,1.284
71,14,L,255,125,40,0,1.284
71,15,U,255,255,255,0,1.284
71,16,R,255,36,44,0,1.284
71,17,F,50,198,88,0,1.284
71,18,B,21,91,255,0,1.284
71,19,U,255,255,255,0,1.284
71,20,L,255,127,52,0,1.284
71,21,U,255,255,255,0,1.284
71,22,F,40,191,91,0,1.284
71,23,F,41,205,96,0,1.284
71,24,D,255,255,47,0,1.284
71,25,D,255,255,56,0,1.284
71,26,F,27,189,87,0,1.284
71,27,F,110,255,166,1,1.284
71,28,L,255,145,35,0,1.284
71,29,R,255,33,58,0,1.284
71,30,B,21,110,255,0,1.284
71,31,D,255,255,53,0,1.284
71,32,U,255,255,255,0,1.284
71,33,D,255,255,48,0,1.284
71,34,R,255,27,49,0,1.284
71,35,U,255,255,255,0,1.284
71,36,D,255,255,60,0,1.284
71,37,B,24,74,255,0,1.284
71,38,D,255,255,63,0,1.284
71,39,R,255,107,132,1,1.284
71,40,L,255,141,28,0,1.284
71,41,L,255,143,34,0,1.284
71,42,F,30,195,97,0,1.284
71,43,D,255,255,64,0,1.284
71,44,R,255,31,45,0,1.284
71,45,U,255,255,255,0,1.284
71,46,U,255,255,255,0,1.284
71,47,B,47,94,255,0,1.284
71,48,B,44,83,255,0,1.284
71,49,B,26,98,255,0,1.284
71,50,F,32,187,93,0,1.284
71,51,L,255,145,36,0,1.284
71,52,D,255,255,55,0,1.284
71,53,L,255,153,47,0,1.284
72,0,L,189,99,39,0,0.876
72,1,L,190,78,21,0,0.876
72,2,F,0,117,50,0,0.876
72,3,U,183,196,211,0,0.876
72,4,U,181,196,217,0,0.876
72,5,L,251,141,90,1,0.876
72,6,U,189,195,207,0,0.876
72,7,R,146,27,29,0,0.876
72,8,B,25,51,174,0,0.876
72,9,D,186,195,34,0,0.876
72,10,B,15,63,173,0,0.876
72,11,R,149,6,39,0,0.876
72,12,D,187,166,48,0,0.876
72,13,R,146,23,26,0,0.876
72,14,B,6,53,165,0,0.876
72,15,R,152,31,32,0,0.876
72,16,F,6,120,52,0,0.876
72,17,D,188,178,34,0,0.876
72,18,F,20,132,74,0,0.876
72,19,F,15,129,58,0,0.876
72,20,R,139,35,40,0,0.876
72,21,D,255,250,106,1,0.876
72,22,F,11,137,67,0,0.876
72,23,F,21,131,71,0,0.876
72,24,D,185,181,34,0,0.876
72,25,U,188,191,238,0,0.876
72,26,B,16,61,180,0,0.876
72,27,F,16,131,60,0,0.876
72,28,L,179,90,17,0,0.876
72,29,U,192,198,227,0,0.876
72,30,D,176,179,31,0,0.876
72,31,D,187,187,39,0,0.876
72,32,U,181,202,227,0,0.876
72,33,B,34,42,179,0,0.876
72,34,R,144,17,38,0,0.876
72,35,F,10,105,53,0,0.876
72,36,B,17,72,171,0,0.876
72,37,R,138,9,34,0,0.876
72,38,L,181,91,11,0,0.876
72,39,L,177,72,24,0,0.876
72,40,L,170,68,32,0,0.876
72,41,R,152,27,40,0,0.876
72,42,D,178,185,29,0,0.876
72,43,B,34,59,162,0,0.876
72,44,R,155,40,35,0,0.876
72,45,U,191,191,214,0,0.876
72,46,D,166,187,33,0,0.876
72,47,U,186,184,211,0,0.876
72,48,U,192,190,215,0,0.876
72,49,B,9,59,183,0,0.876
72,50,F,15,122,50,0,0.876
72,51,L,194,85,22,0,0.876
72,52,B,33,56,164,0,0.876
72,53,L,175,87,37,0,0.876
73,0,B,13,31,92,0,0.513
73,1,F,22,64,40,0,0.513
73,2,D,117,104,0,0,0.513
73,3,F,13,81,27,0,0.513
73,4,U,126,111,97,0,0.513
73,5,D,115,103,24,0,0.513
73,6,U,106,121,101,0,0.513
73,7,D,111,91,11,0,0.513
73,8,B,13,27,81,0,0.513
73,9,U,106,112,111,0,0.513
73,10,R,93,22,19,0,0.513
73,11,F,7,58,26,0,0.513
73,12,L,101,37,24,0,0.513
73,13,R,72,17,22,0,0.513
73,14,L,106,72,11,0,0.513
73,15,D,104,115,11,0,0.513
73,16,U,96,102,100,0,0.513
73,17,F,12,73,17,0,0.513
73,18,R,90,32,12,0,0.513
73,19,L,107,57,21,0,0.513
73,20,L,102,44,3,0,0.513
73,21,D,119,108,0,0,0.513
73,22,F,0,60,17,0,0.513
73,23,U,111,112,121,0,0.513
73,24,D,116,102,27,0,0.513
73,25,R,80,3,18,0,0.513
73,26,B,19,20,92,0,0.513
73,27,F,18,66,30,0,0.513
73,28,F,9,71,36,0,0.513
73,29,R,81,22,25,0,0.513
73,30,R,94,0,3,0,0.513
73,31,D,116,96,12,0,0.513
73,32,B,5,22,83,0,0.513
73,33,B,5,27,89,0,0.513
73,34,R,77,23,0,0,0.513
73,35,U,128,99,110,0,0.513
73,36,R,94,14,24,0,0.513
73,37,U,107,96,108,0,0.513
73,38,F,21,66,15,0,0.513
73,39,B,6,35,87,0,0.513
73,40,L,117,56,15,0,0.513
73,41,F,0,88,29,0,0.513
73,42,D,117,98,17,0,0.513
73,43,U,108,123,118,0,0.513
73,44,R,92,30,15,0,0.513
73,45,L,112,48,22,0,0.513
73,46,L,108,60,25,0,0.513
73,47,U,91,128,108,0,0.513
73,48,B,9,17,83,0,0.513
73,49,B,0,33,84,0,0.513
73,50,D,125,98,27,0,0.513
73,51,L,117,68,9,0,0.513
73,52,B,18,20,76,0,0.513
73,53,L,106,51,1,0,0.513
74,0,R,147,28,29,0,0.817
74,1,F,18,102,65,0,0.817
74,2,D,255,228,102,1,0.817
74,3,F,33,113,48,0,0.817
74,4,U,174,166,211,0,0.817
74,5,D,185,180,33,0,0.817
74,6,U,184,182,191,0,0.817
74,7,R,153,13,23,0,0.817
74,8,F,14,111,48,0,0.817
74,9,U,169,175,191,0,0.817
74,10,L,183,75,2,0,0.817
74,11,F,33,105,58,0,0.817
74,12,U,197,180,194,0,0.817
74,13,R,150,24,40,0,0.817
74,14,F,24,106,57,0,0.817
74,15,D,193,162,34,0,0.817
74,16,B,31,53,163,0,0.817
74,17,B,20,46,148,0,0.817
74,18,F,18,114,64,0,0.817
74,19,B,19,47,152,0,0.817
74,20,R,161,23,29,0,0.817
74,21,U,192,160,194,0,0.817
74,22,F,19,108,44,0,0.817
74,23,R,158,36,22,0,0.817
74,24,R,151,27,51,0,0.817
74,25,D,186,149,33,0,0.817
74,26,L,202,81,23,0,0.817
74,27,B,34,33,138,0,0.817
74,28,R,157,28,21,0,0.817
74,29,B,24,51,158,0,0.817
74,30,U,179,168,185,0,0.817
74,31,D,190,155,47,0,0.817
74,32,D,195,144,36,0,0.817
74,33,B,31,53,165,0,0.817
74,34,L,185,86,13,0,0.817
74,35,L,192,69,31,0,0.817
74,36,D,177,139,37,0,0.817
74,37,R,149,23,36,0,0.817
74,38,L,185,73,22,0,0.817
74,39,F,23,113,70,0,0.817
74,40,L,180,81,25,0,0.817
74,41,B,16,41,151,0,0.817
74,42,U,194,169,198,0,0.817
74,43,L,180,84,15,0,0.817
74,44,D,183,158,33,0,0.817
74,45,L,198,67,25,0,0.817
74,46,L,199,91,17,0,0.817
74,47,F,14,105,56,0,0.817
74,48,D,191,160,38,0,0.817
74,49,B,11,42,146,0,0.817
74,50,U,175,170,195,0,0.817
74,51,U,206,176,193,0,0.817
74,52,B,31,45,159,0,0.817
74,53,R,228,98,106,1,0.817
75,0,U,162,168,198,0,0.797
75,1,R,128,28,33,0,0.797
75,2,B,22,40,169,0,0.797
75,3,F,11,101,44,0,0.797
75,4,U,160,187,205,0,0.797
75,5,F,8,114,54,0,0.797
75,6,U,152,170,182,0,0.797
75,7,U,158,156,192,0,0.797
75,8,R,126,16,27,0,0.797
75,9,U,174,175,201,0,0.797
75,10,D,175,170,39,0,0.797
75,11,R,129,14,27,0,0.797
75,12,L,161,83,20,0,0.797
75,13,R,142,22,49,0,0.797
75,14,B,26,49,168,0,0.797
75,15,L,141,95,25,0,0.797
75,16,D,172,149,54,0,0.797
75,17,L,163,82,30,0,0.797
75,18,L,163,76,27,0,0.797
75,19,R,125,29,35,0,0.797
75,20,B,27,43,171,0,0.797
75,21,L,167,99,16,0,0.797
75,22,F,33,119,61,0,0.797
75,23,U,159,182,204,0,0.797
75,24,D,162,153,28,0,0.797
75,25,D,180,164,42,0,0.797
75,26,B,20,54,163,0,0.797
75,27,F,14,124,56,0,0.797
75,28,L,167,72,24,0,0.797
75,29,D,233,229,112,1,0.797
75,30,B,9,51,166,0,0.797
75,31,D,178,159,36,0,0.797
75,32,R,136,13,16,0,0.797
75,33,D,153,168,35,0,0.797
75,34,F,7,108,52,0,0.797
75,35,F,15,113,73,0,0.797
75,36,R,127,24,28,0,0.797
75,37,U,160,171,197,0,0.797
75,38,B,13,56,163,0,0.797
75,39,B,10,69,151,0,0.797
75,40,L,168,101,15,0,0.797
75,41,B,28,65,164,0,0.797
75,42,F,2,125,56,0,0.797
75,43,U,160,188,193,0,0.797
75,44,R,142,18,38,0,0.797
75,45,D,160,160,26,0,0.797
75,46,F,12,115,54,0,0.797
75,47,F,19,124,54,0,0.797
75,48,R,188,90,104,1,0.797
75,49,B,26,61,169,0,0.797
75,50,D,167,168,22,0,0.797
75,51,U,175,181,203,0,0.797
75,52,L,162,84,16,0,0.797
75,53,L,170,72,29,0,0.797
76,0,D,151,158,27,0,0.593
76,1,B,14,48,129,0,0.593
76,2,B,14,37,120,0,0.593
76,3,U,139,152,150,0,0.593
76,4,U,134,152,166,0,0.593
76,5,R,114,25,35,0,0.593
76,6,B,22,43,126,0,0.593
76,7,R,101,14,31,0,0.593
76,8,U,135,166,171,0,0.593
76,9,B,12,54,117,0,0.593
76,10,B,7,43,129,0,0.593
76,11,L,142,65,33,0,0.593
76,12,F,18,101,50,0,0.593
76,13,R,117,18,23,0,0.593
76,14,U,130,167,152,0,0.593
76,15,U,130,148,147,0,0.593
76,16,D,163,145,39,0,0.593
76,17,F,27,103,49,0,0.593
76,18,L,138,72,12,0,0.593
76,19,D,147,136,38,0,0.593
76,20,R,122,19,14,0,0.593
76,21,B,91,123,198,1,0.593
76,22,F,5,102,53,0,0.593
76,23,R,100,24,12,0,0.593
76,24,F,16,113,45,0,0.593
76,25,U,147,152,160,0,0.593
76,26,L,163,83,14,0,0.593
76,27,U,140,155,178,0,0.593
76,28,F,17,108,41,0,0.593
76,29,F,5,110,44,0,0.593
76,30,U,137,149,154,0,0.593
76,31,D,142,129,37,0,0.593
76,32,L,217,150,84,1,0.593
76,33,B,18,47,139,0,0.593
76,34,L,150,75,12,0,0.593
76,35,D,137,135,22,0,0.593
76,36,L,139,62,30,0,0.593
76,37,L,216,126,78,1,0.593
76,38,D,136,144,36,0,0.593
76,39,F,7,104,42,0,0.593
76,40,L,153,84,20,0,0.593
76,41,D,152,142,24,0,0.593
76,42,R,106,22,27,0,0.593
76,43,R,113,19,26,0,0.593
76,44,R,108,15,36,0,0.593
76,45,U,142,166,150,0,0.593
76,46,L,132,73,23,0,0.593
76,47,F,10,104,52,0,0.593
76,48,B,24,45,129,0,0.593
76,49,B,2,46,131,0,0.593
76,50,D,158,131,20,0,0.593
76,51,R,108,27,7,0,0.593
76,52,F,6,115,49,0,0.593
76,53,D,136,141,34,0,0.593
77,0,U,139,149,140,0,0.607
77,1,L,141,71,22,0,0.607
77,2,L,137,67,27,0,0.607
77,3,B,10,49,113,0,0.607
77,4,U,132,149,141,0,0.607
77,5,R,110,30,40,0,0.607
77,6,R,120,18,37,0,0.607
77,7,U,138,166,136,0,0.607
77,8,R,121,14,34,0,0.607
77,9,U,130,159,144,0,0.607
77,10,F,69,159,108,1,0.607
77,11,F,14,78,31,0,0.607
77,12,L,128,69,17,0,0.607
77,13,R,102,7,27,0,0.607
77,14,R,106,26,21,0,0.607
77,15,F,19,89,43,0,0.607
77,16,B,15,49,111,0,0.607
77,17,B,13,38,117,0,0.607
77,18,F,19,121,41,0,0.607
77,19,R,114,20,34,0,0.607
77,20,B,18,53,121,0,0.607
77,21,B,34,56,104,0,0.607
77,22,F,17,97,23,0,0.607
77,23,U,127,148,140,0,0.607
77,24,L,135,56,22,0,0.607
77,25,U,141,154,143,0,0.607
77,26,D,137,135,34,0,0.607
77,27,D,141,154,22,0,0.607
77,28,F,26,92,39,0,0.607
77,29,R,100,24,24,0,0.607
77,30,D,142,150,24,0,0.607
77,31,D,140,146,24,0,0.607
77,32,R,104,22,29,0,0.607
77,33,L,141,78,10,0,0.607
77,34,F,18,106,37,0,0.607
77,35,R,112,14,26,0,0.607
77,36,L,148,72,8,0,0.607
77,37,U,137,153,155,0,0.607
77,38,U,123,144,146,0,0.607
77,39,F,2,106,24,0,0.607
77,40,L,128,59,10,0,0.607
77,41,D,144,143,32,0,0.607
77,42,D,142,122,27,0,0.607
77,43,L,120,67,12,0,0.607
77,44,B,10,49,112,0,0.607
77,45,U,148,156,156,0,0.607
77,46,B,20,52,118,0,0.607
77,47,B,30,37,122,0,0.607
77,48,D,137,137,27,0,0.607
77,49,B,8,52,124,0,0.607
77,50,L,135,77,7,0,0.607
77,51,D,123,134,23,0,0.607
77,52,D,157,137,33,0,0.607
77,53,F,21,114,41,0,0.607
78,0,D,193,157,26,0,0.835
78,1,R,141,16,44,0,0.835
78,2,B,22,51,156,0,0.835
78,3,R,144,22,33,0,0.835
78,4,U,189,181,179,0,0.835
78,5,R,151,33,25,0,0.835
78,6,D,186,160,42,0,0.835
78,7,L,189,80,25,0,0.835
78,8,L,192,84,35,0,0.835
78,9,F,23,103,47,0,0.835
78,10,U,183,172,198,0,0.835
78,11,R,152,36,39,0,0.835
78,12,B,32,46,152,0,0.835
78,13,R,154,23,38,0,0.835
78,14,F,22,106,67,0,0.835
78,15,U,193,161,188,0,0.835
78,16,L,184,87,20,0,0.835
78,17,L,173,88,19,0,0.835
78,18,F,99,183,131,1,0.835
78,19,D,195,166,29,0,0.835
78,20,D,196,161,23,0,0.835
78,21,D,185,156,37,0,0.835
78,22,F,25,102,59,0,0.835
78,23,L,184,73,27,0,0.835
78,24,U,178,164,199,0,0.835
78,25,U,191,169,201,0,0.835
78,26,F,28,107,69,0,0.835
78,27,L,184,83,2,0,0.835
78,28,F,25,106,57,0,0.835
78,29,R,135,32,45,0,0.835
78,30,B,35,28,161,0,0.835
78,31,D,191,135,27,0,0.835
78,32,U,184,185,186,0,0.835
78,33,U,186,173,196,0,0.835
78,34,D,185,166,41,0,0.835
78,35,F,9,120,48,0,0.835
78,36,B,18,61,157,0,0.835
78,37,F,24,117,58,0,0.835
78,38,R,145,15,39,0,0.835
78,39,B,26,55,154,0,0.835
78,40,L,191,81,10,0,0.835
78,41,R,151,27,39,0,0.835
78,42,R,212,87,106,1,0.835
78,43,D,185,159,41,0,0.835
78,44,B,23,67,158,0,0.835
78,45,D,202,168,54,0,0.835
78,46,B,20,52,167,0,0.835
78,47,L,180,78,23,0,0.835
78,48,L,188,71,23,0,0.835
78,49,B,18,52,158,0,0.835
78,50,U,183,183,197,0,0.835
78,51,U,253,245,255,1,0.835
78,52,F,27,122,53,0,0.835
78,53,B,21,68,156,0,0.835
79,0,R,151,28,29,0,0.692
79,1,B,8,54,146,0,0.692
79,2,D,168,136,42,0,0.692
79,3,L,170,77,24,0,0.692
79,4,U,172,165,191,0,0.692
79,5,D,171,129,38,0,0.692
79,6,F,22,105,65,0,0.692
79,7,F,8,82,64,0,0.692
79,8,U,173,151,184,0,0.692
79,9,F,24,95,57,0,0.692
79,10,R,154,33,32,0,0.692
79,11,L,172,70,22,0,0.692
79,12,B,16,41,141,0,0.692
79,13,R,153,22,24,0,0.692
79,14,D,170,162,45,0,0.692
79,15,R,132,23,40,0,0.692
79,16,U,167,154,180,0,0.692
79,17,R,137,15,22,0,0.692
79,18,D,171,157,38,0,0.692
79,19,R,135,37,26,0,0.692
79,20,L,169,66,27,0,0.692
79,21,U,169,150,181,0,0.692
79,22,F,33,111,53,0,0.692
79,23,D,180,137,26,0,0.692
79,24,D,163,143,30,0,0.692
79,25,L,174,85,28,0,0.692
79,26,F,40,101,52,0,0.692
79,27,R,141,15,30,0,0.692
79,28,U,173,157,191,0,0.692
79,29,D,183,141,14,0,0.692
79,30,B,19,41,153,0,0.692
79,31,D,170,152,41,0,0.692
79,32,B,25,46,142,0,0.692
79,33,L,150,60,14,0,0.692
79,34,U,170,158,182,0,0.692
79,35,U,157,150,173,0,0.692
79,36,U,174,148,192,0,0.692
79,37,F,11,109,54,0,0.692
79,38,L,175,86,14,0,0.692
79,39,D,165,146,26,0,0.692
79,40,L,174,76,20,0,0.692
79,41,R,140,17,41,0,0.692
79,42,U,154,165,191,0,0.692
79,43,L,163,71,27,0,0.692
79,44,B,15,33,140,0,0.692
79,45,B,26,42,161,0,0.692
79,46,R,147,19,36,0,0.692
79,47,B,11,45,145,0,0.692
79,48,F,23,94,51,0,0.692
79,49,B,18,53,134,0,0.692
79,50,L,155,69,18,0,0.692
79,51,F,19,105,68,0,0.692
79,52,F,23,109,48,0,0.692
79,53,B,24,54,156,0,0.692
80,0,B,21,71,188,0,0.898
80,1,R,161,11,43,0,0.898
80,2,R,173,26,33,0,0.898
80,3,D,233,198,27,0,0.898
80,4,U,203,224,212,0,0.898
80,5,L,204,106,20,0,0.898
80,6,F,23,140,52,0,0.898
80,7,R,168,19,44,0,0.898
80,8,L,199,101,9,0,0.898
80,9,B,18,56,187,0,0.898
80,10,U,206,225,203,0,0.898
80,11,F,12,139,49,0,0.898
80,12,F,31,137,61,0,0.898
80,13,R,170,27,43,0,0.898
80,14,L,201,106,32,0,0.898
80,15,U,209,221,214,0,0.898
80,16,R,168,33,35,0,0.898
80,17,R,154,29,36,0,0.898
80,18,D,215,202,49,0,0.898
80,19,B,12,58,181,0,0.898
80,20,U,255,255,255,1,0.898
80,21,B,6,71,186,0,0.898
80,22,F,23,130,66,0,0.898
80,23,L,199,102,26,0,0.898
80,24,U,201,207,216,0,0.898
80,25,B,21,59,169,0,0.898
80,26,L,213,102,19,0,0.898
80,27,R,162,29,37,0,0.898
80,28,U,205,209,214,0,0.898
80,29,F,17,141,69,0,0.898
80,30,D,219,207,38,0,0.898
80,31,D,209,204,33,0,0.898
80,32,F,19,134,59,0,0.898
80,33,D,211,216,41,0,0.898
80,34,U,204,226,213,0,0.898
80,35,B,30,71,198,0,0.898
80,36,L,198,102,22,0,0.898
80,37,L,209,108,15,0,0.898
80,38,L,201,105,30,0,0.898
80,39,D,202,189,46,0,0.898
80,40,L,213,111,15,0,0.898
80,41,D,210,203,40,0,0.898
80,42,B,21,65,183,0,0.898
80,43,R,164,24,33,0,0.898
80,44,F,18,141,58,0,0.898
80,45,D,208,212,39,0,0.898
80,46,U,204,230,213,0,0.898
80,47,D,211,201,32,0,0.898
80,48,B,19,66,164,0,0.898
80,49,B,19,67,178,0,0.898
80,50,F,24,158,65,0,0.898
80,51,U,206,219,217,0,0.898
80,52,F,25,138,71,0,0.898
80,53,R,159,33,41,0,0.898
81,0,B,7,55,117,0,0.645
81,1,L,146,97,20,0,0.645
81,2,D,152,152,18,0,0.645
81,3,U,153,171,129,0,0.645
81,4,U,143,165,137,0,0.645
81,5,F,13,103,43,0,0.645
81,6,F,23,109,22,0,0.645
81,7,F,15,113,38,0,0.645
81,8,R,124,22,12,0,0.645
81,9,U,132,175,136,0,0.645
81,10,L,154,77,13,0,0.645
81,11,R,133,12,23,0,0.645
81,12,R,114,22,27,0,0.645
81,13,R,127,23,13,0,0.645
81,14,U,153,177,147,0,0.645
81,15,D,171,160,16,0,0.645
81,16,R,118,22,31,0,0.645
81,17,R,114,28,28,0,0.645
81,18,L,145,84,9,0,0.645
81,19,R,122,19,25,0,0.645
81,20,B,7,54,96,0,0.645
81,21,L,148,75,27,0,0.645
81,22,F,20,105,32,0,0.645
81,23,D,155,151,40,0,0.645
81,24,D,133,156,5,0,0.645
81,25,B,24,44,125,0,0.645
81,26,B,12,59,114,0,0.645
81,27,L,160,80,0,0,0.645
81,28,U,146,158,147,0,0.645
81,29,R,126,21,27,0,0.645
81,30,B,17,46,128,0,0.645
81,31,D,156,154,12,0,0.645
81,32,B,11,51,112,0,0.645
81,33,L,148,79,6,0,0.645
81,34,B,16,39,106,0,0.645
81,35,U,146,177,143,0,0.645
81,36,U,152,161,137,0,0.645
81,37,F,92,188,97,1,0.645
81,38,U,148,171,142,0,0.645
81,39,F,16,114,27,0,0.645
81,40,L,163,71,15,0,0.645
81,41,D,159,164,30,0,0.645
81,42,B,22,60,112,0,0.645
81,43,D,160,167,18,0,0.645
81,44,F,5,101,49,0,0.645
81,45,F,25,106,40,0,0.645
81,46,U,155,178,125,0,0.645
81,47,L,147,78,17,0,0.645
81,48,R,123,19,26,0,0.645
81,49,B,0,74,119,0,0.645
81,50,D,161,151,27,0,0.645
81,51,F,32,122,39,0,0.645
81,52,L,142,81,12,0,0.645
81,53,D,161,146,22,0,0.645
82,0,F,38,214,81,0,1.279
82,1,R,255,34,42,0,1.279
82,2,R,255,41,40,0,1.279
82,3,L,255,232,94,1,1.279
82,4,U,255,255,255,0,1.279
82,5,L,255,154,24,0,1.279
82,6,R,255,46,48,0,1.279
82,7,B,30,100,215,0,1.279
82,8,B,45,104,227,0,1.279
82,9,R,255,119,112,1,1.279
82,10,F,29,219,76,0,1.279
82,11,D,255,255,42,0,1.279
82,12,U,255,255,255,0,1.279
82,13,R,255,18,49,0,1.279
82,14,L,255,170,31,0,1.279
82,15,D,255,255,44,0,1.279
82,16,F,40,210,67,0,1.279
82,17,B,38,91,213,0,1.279
82,18,D,255,255,45,0,1.279
82,19,D,255,255,41,0,1.279
82,20,U,255,255,255,0,1.279
82,21,D,255,255,43,0,1.279
82,22,F,47,231,69,0,1.279
82,23,F,44,227,77,0,1.279
82,24,D,255,255,119,1,1.279
82,25,D,255,255,57,0,1.279
82,26,F,51,208,68,0,1.279
82,27,B,48,109,217,0,1.279
82,28,R,255,48,40,0,1.279
82,29,L,255,151,14,0,1.279
82,30,U,255,255,255,0,1.279
82,31,D,255,255,44,0,1.279
82,32,R,255,36,33,0,1.279
82,33,U,255,255,255,0,1.279
82,34,D,255,255,40,0,1.279
82,35,L,255,164,18,0,1.279
82,36,U,255,255,255,0,1.279
82,37,U,255,255,255,0,1.279
82,38,F,31,220,70,0,1.279
82,39,U,255,255,255,0,1.279
82,40,L,255,157,26,0,1.279
82,41,L,255,167,25,0,1.279
82,42,L,255,151,24,0,1.279
82,43,R,255,44,40,0,1.279
82,44,L,255,150,28,0,1.279
82,45,B,16,103,223,0,1.279
82,46,B,43,108,209,0,1.279
82,47,R,255,40,44,0,1.279
82,48,B,35,76,220,0,1.279
82,49,B,40,108,205,0,1.279
82,50,B,41,105,195,0,1.279
82,51,U,255,255,255,0,1.279
82,52,F,106,255,154,1,1.279
82,53,F,21,208,65,0,1.279
83,0,L,255,141,25,0,1.159
83,1,U,255,255,251,0,1.159
83,2,R,249,55,50,0,1.159
83,3,B,31,106,200,0,1.159
83,4,U,255,255,225,0,1.159
83,5,R,231,41,45,0,1.159
83,6,D,255,255,32,0,1.159
83,7,R,235,47,41,0,1.159
83,8,L,255,157,34,0,1.159
83,9,B,25,94,182,0,1.159
83,10,U,255,255,228,0,1.159
83,11,B,44,108,199,0,1.159
83,12,U,255,255,240,0,1.159
83,13,R,248,43,29,0,1.159
83,14,U,255,255,250,0,1.159
83,15,L,255,153,22,0,1.159
83,16,F,22,215,88,0,1.159
83,17,D,255,255,50,0,1.159
83,18,R,232,38,30,0,1.159
83,19,B,35,95,192,0,1.159
83,20,U,255,255,235,0,1.159
83,21,R,250,37,51,0,1.159
83,22,F,25,198,63,0,1.159
83,23,L,255,152,10,0,1.159
83,24,F,37,204,67,0,1.159
83,25,D,255,255,46,0,1.159
83,26,D,255,255,112,1,1.159
83,27,U,255,255,242,0,1.159
83,28,F,33,195,63,0,1.159
83,29,F,17,197,74,0,1.159
83,30,D,255,255,48,0,1.159
83,31,D,255,255,45,0,1.159
83,32,L,255,146,19,0,1.159
83,33,U,255,255,255,1,1.159
83,34,R,242,49,30,0,1.159
83,35,R,250,39,56,0,1.159
83,36,D,255,255,51,0,1.159
83,37,L,255,143,27,0,1.159
83,38,B,28,100,184,0,1.159
83,39,L,255,130,30,0,1.159
83,40,L,255,138,28,0,1.159
83,41,F,29,195,59,0,1.159
83,42,L,255,132,28,0,1.159
83,43,B,38,99,195,0,1.159
83,44,R,250,43,48,0,1.159
83,45,U,255,255,236,0,1.159
83,46,F,12,204,66,0,1.159
83,47,B,47,78,202,0,1.159
83,48,B,24,93,188,0,1.159
83,49,B,34,93,202,0,1.159
83,50,D,255,255,51,0,1.159
83,51,F,36,198,76,0,1.159
83,52,D,255,255,39,0,1.159
83,53,F,27,176,72,0,1.159
84,0,U,210,187,227,0,0.852
84,1,L,209,91,22,0,0.852
84,2,L,222,76,23,0,0.852
84,3,F,25,127,75,0,0.852
84,4,U,221,178,230,0,0.852
84,5,L,218,84,24,0,0.852
84,6,F,27,121,55,0,0.852
84,7,L,218,99,35,0,0.852
84,8,F,27,118,57,0,0.852
84,9,D,232,162,37,0,0.852
84,10,B,90,119,243,1,0.852
84,11,B,23,50,172,0,0.852
84,12,U,220,178,209,0,0.852
84,13,R,176,29,45,0,0.852
84,14,F,25,114,59,0,0.852
84,15,U,234,188,206,0,0.852
84,16,R,177,19,34,0,0.852
84,17,D,211,166,26,0,0.852
84,18,R,173,35,44,0,0.852
84,19,U,212,173,207,0,0.852
84,20,L,205,77,21,0,0.852
84,21,D,216,172,36,0,0.852
84,22,F,19,129,65,0,0.852
84,23,R,178,37,46,0,0.852
84,24,U,214,184,210,0,0.852
84,25,B,12,69,184,0,0.852
84,26,F,14,119,47,0,0.852
84,27,L,227,84,21,0,0.852
84,28,R,187,23,34,0,0.852
84,29,R,184,21,43,0,0.852
84,30,B,23,60,177,0,0.852
84,31,D,230,158,51,0,0.852
84,32,D,223,179,32,0,0.852
84,33,U,217,179,222,0,0.852
84,34,D,221,169,24,0,0.852
84,35,B,20,56,172,0,0.852
84,36,B,9,58,165,0,0.852
84,37,U,234,180,231,0,0.852
84,38,D,229,169,33,0,0.852
84,39,L,218,88,8,0,0.852
84,40,L,227,76,21,0,0.852
84,41,F,2,119,65,0,0.852
84,42,L,221,87,20,0,0.852
84,43,U,220,191,210,0,0.852
84,44,B,27,60,171,0,0.852
84,45,D,226,167,33,0,0.852
84,46,F,42,112,72,0,0.852
84,47,R,185,8,38,0,0.852
84,48,R,185,30,29,0,0.852
84,49,B,25,45,165,0,0.852
84,50,D,222,167,49,0,0.852
84,51,R,180,31,27,0,0.852
84,52,B,14,50,186,0,0.852
84,53,F,13,103,59,0,0.852
85,0,D,206,198,41,0,0.958
85,1,D,187,221,48,0,0.958
85,2,L,195,107,25,0,0.958
85,3,L,194,103,20,0,0.958
85,4,U,184,230,244,0,0.958
85,5,F,27,130,74,0,0.958
85,6,F,25,156,67,0,0.958
85,7,U,181,223,255,0,0.958
85,8,U,191,227,245,0,0.958
85,9,F,20,145,57,0,0.958
85,10,L,188,115,38,0,0.958
85,11,U,192,226,255,0,0.958
85,12,B,19,59,201,0,0.958
85,13,R,161,42,39,0,0.958
85,14,U,197,227,255,0,0.958
85,15,D,199,212,35,0,0.958
85,16,U,191,227,222,0,0.958
85,17,B,27,68,200,0,0.958
85,18,R,153,30,44,0,0.958
85,19,F,10,148,70,0,0.958
85,20,L,193,96,26,0,0.958
85,21,B,11,71,212,0,0.958
85,22,F,27,144,65,0,0.958
85,23,R,152,32,37,0,0.958
85,24,R,152,10,36,0,0.958
85,25,R,150,25,52,0,0.958
85,26,L,182,97,31,0,0.958
85,27,F,13,145,71,0,0.958
85,28,D,197,204,50,0,0.958
85,29,B,32,61,200,0,0.958
85,30,D,204,209,35,0,0.958
85,31,D,194,217,35,0,0.958
85,32,R,158,32,38,0,0.958
85,33,R,160,35,50,0,0.958
85,34,R,163,18,50,0,0.958
85,35,U,198,237,243,0,0.958
85,36,L,200,110,18,0,0.958
85,37,U,203,224,242,0,0.958
85,38,D,200,205,45,0,0.958
85,39,D,195,212,49,0,0.958
85,40,L,193,114,33,0,0.958
85,41,L,255,184,101,1,0.958
85,42,D,198,219,55,0,0.958
85,43,B,26,57,206,0,0.958
85,44,U,192,228,253,0,0.958
85,45,B,18,81,204,0,0.958
85,46,F,21,153,75,0,0.958
85,47,F,30,152,69,0,0.958
85,48,B,22,52,191,0,0.958
85,49,B,29,66,216,0,0.958
85,50,L,207,98,29,0,0.958
85,51,R,178,23,46,0,0.958
85,52,F,19,145,67,0,0.958
85,53,B,91,144,255,1,0.958
86,0,F,27,149,58,0,0.942
86,1,L,217,107,22,0,0.942
86,2,B,17,65,166,0,0.942
86,3,B,9,76,162,0,0.942
86,4,U,210,250,201,0,0.942
86,5,U,205,245,198,0,0.942
86,6,R,168,35,39,0,0.942
86,7,U,209,226,197,0,0.942
86,8,R,168,18,30,0,0.942
86,9,F,5,151,65,0,0.942
86,10,R,152,34,26,0,0.942
86,11,D,216,214,38,0,0.942
86,12,F,23,148,44,0,0.942
86,13,R,171,40,24,0,0.942
86,14,L,218,116,5,0,0.942
86,15,R,182,31,51,0,0.942
86,16,U,229,239,193,0,0.942
86,17,L,207,102,27,0,0.942
86,18,D,218,218,32,0,0.942
86,19,B,28,79,157,0,0.942
86,20,U,214,242,210,0,0.942
86,21,L,199,104,24,0,0.942
86,22,F,24,164,64,0,0.942
86,23,D,235,215,38,0,0.942
86,24,U,213,249,196,0,0.942
86,25,D,227,215,34,0,0.942
86,26,D,216,219,30,0,0.942
86,27,B,15,81,159,0,0.942
86,28,L,224,105,6,0,0.942
86,29,B,18,71,163,0,0.942
86,30,D,228,230,45,0,0.942
86,31,D,225,222,27,0,0.942
86,32,F,28,150,48,0,0.942
86,33,L,220,115,28,0,0.942
86,34,D,214,230,36,0,0.942
86,35,D,218,215,25,0,0.942
86,36,L,204,124,10,0,0.942
86,37,R,179,29,29,0,0.942
86,38,F,19,153,61,0,0.942
86,39,R,178,31,22,0,0.942
86,40,L,201,128,13,0,0.942
86,41,U,203,250,182,0,0.942
86,42,U,221,249,196,0,0.942
86,43,R,182,20,24,0,0.942
86,44,R,172,31,33,0,0.942
86,45,L,219,107,4,0,0.942
86,46,B,26,70,163,0,0.942
86,47,U,231,242,199,0,0.942
86,48,F,16,161,56,0,0.942
86,49,B,25,79,148,0,0.942
86,50,F,27,158,66,0,0.942
86,51,F,9,153,71,0,0.942
86,52,B,20,69,171,0,0.942
86,53,B,43,73,151,0,0.942
87,0,B,20,85,194,0,1.147
87,1,R,179,39,43,0,1.147
87,2,B,28,89,191,0,1.147
87,3,D,240,255,38,0,1.147
87,4,U,228,255,249,0,1.147
87,5,D,234,255,51,0,1.147
87,6,D,232,255,34,0,1.147
87,7,B,23,92,207,0,1.147
87,8,L,231,138,21,0,1.147
87,9,B,26,80,202,0,1.147
87,10,L,230,132,29,0,1.147
87,11,D,233,255,39,0,1.147
87,12,U,233,255,249,0,1.147
87,13,R,192,33,40,0,1.147
87,14,D,220,255,33,0,1.147
87,15,L,231,123,20,0,1.147
87,16,R,186,41,29,0,1.147
87,17,R,182,58,49,0,1.147
87,18,F,96,238,131,1,1.147
87,19,U,234,255,252,0,1.147
87,20,U,237,255,255,0,1.147
87,21,L,216,159,24,0,1.147
87,22,F,19,201,73,0,1.147
87,23,R,255,103,115,1,1.147
87,24,L,235,130,25,0,1.147
87,25,F,23,187,63,0,1.147
87,26,D,225,255,44,0,1.147
87,27,U,239,255,243,0,1.147
87,28,D,223,255,40,0,1.147
87,29,F,40,207,81,0,1.147
87,30,B,17,78,199,0,1.147
87,31,D,227,255,43,0,1.147
87,32,F,21,189,78,0,1.147
87,33,R,178,42,32,0,1.147
87,34,F,23,184,71,0,1.147
87,35,U,231,255,253,0,1.147
87,36,R,181,28,36,0,1.147
87,37,R,182,36,36,0,1.147
87,38,R,194,45,40,0,1.147
87,39,L,226,137,26,0,1.147
87,40,L,229,126,23,0,1.147
87,41,F,10,190,74,0,1.147
87,42,D,226,255,37,0,1.147
87,43,L,224,154,33,0,1.147
87,44,F,28,186,72,0,1.147
87,45,L,228,143,19,0,1.147
87,46,B,24,85,189,0,1.147
87,47,U,243,255,242,0,1.147
87,48,B,13,83,194,0,1.147
87,49,B,20,77,194,0,1.147
87,50,U,230,255,232,0,1.147
87,51,F,24,182,60,0,1.147
87,52,U,227,255,253,0,1.147
87,53,B,30,86,195,0,1.147
88,0,F,39,145,73,0,1.009
88,1,U,236,211,255,0,1.009
88,2,F,21,144,69,0,1.009
88,3,D,251,182,44,0,1.009
88,4,U,234,204,255,0,1.009
88,5,U,231,201,255,0,1.009
88,6,B,22,77,193,0,1.009
88,7,R,212,21,51,0,1.009
88,8,B,38,65,193,0,1.009
88,9,D,240,187,48,0,1.009
88,10,L,245,104,39,0,1.009
88,11,U,230,211,239,0,1.009
88,12,L,239,87,13,0,1.009
88,13,R,199,26,51,0,1.009
88,14,R,180,16,42,0,1.009
88,15,L,232,96,22,0,1.009
88,16,R,189,17,53,0,1.009
88,17,F,23,121,75,0,1.009
88,18,R,255,98,115,1,1.009
88,19,U,235,202,235,0,1.009
88,20,R,180,16,45,0,1.009
88,21,L,247,94,25,0,1.009
88,22,F,34,127,75,0,1.009
88,23,B,29,50,207,0,1.009
88,24,D,244,177,35,0,1.009
88,25,D,233,197,60,0,1.009
88,26,U,255,255,255,1,1.009
88,27,F,36,146,83,0,1.009
88,28,F,18,139,69,0,1.009
88,29,B,34,56,205,0,1.009
88,30,L,233,99,26,0,1.009
88,31,D,252,193,46,0,1.009
88,32,B,25,58,205,0,1.009
88,33,L,244,96,29,0,1.009
88,34,F,25,129,65,0,1.009
88,35,L,223,100,31,0,1.009
88,36,U,230,219,244,0,1.009
88,37,B,33,63,207,0,1.009
88,38,U,247,211,253,0,1.009
88,39,D,234,177,45,0,1.009
88,40,L,250,102,27,0,1.009
88,41,D,245,192,57,0,1.009
88,42,B,19,66,207,0,1.009
88,43,F,19,122,80,0,1.009
88,44,R,255,94,114,1,1.009
88,45,L,245,96,40,0,1.009
88,46,B,93,124,255,1,1.009
88,47,R,185,23,53,0,1.009
88,48,F,39,135,72,0,1.009
88,49,B,18,53,208,0,1.009
88,50,R,193,21,40,0,1.009
88,51,D,255,194,44,0,1.009
88,52,U,239,214,255,0,1.009
88,53,D,245,174,30,0,1.009
89,0,F,2,73,36,0,0.617
89,1,L,166,60,18,0,0.617
89,2,F,21,90,25,0,0.617
89,3,U,245,223,197,1,0.617
89,4,U,179,143,125,0,0.617
89,5,F,14,76,34,0,0.617
89,6,U,151,151,134,0,0.617
89,7,F,6,96,23,0,0.617
89,8,R,133,22,23,0,0.617
89,9,F,8,90,35,0,0.617
89,10,R,133,30,36,0,0.617
89,11,U,176,137,125,0,0.617
89,12,U,234,216,185,1,0.617
89,13,R,127,33,12,0,0.617
89,14,U,157,137,135,0,0.617
89,15,D,166,128,10,0,0.617
89,16,D,242,200,87,1,0.617
89,17,U,164,149,120,0,0.617
89,18,B,5,34,99,0,0.617
89,19,D,142,125,31,0,0.617
89,20,U,161,151,108,0,0.617
89,21,R,131,29,35,0,0.617
89,22,F,13,84,39,0,0.617
89,23,L,154,64,1,0,0.617
89,24,F,18,91,49,0,0.617
89,25,L,166,61,13,0,0.617
89,26,L,153,67,12,0,0.617
89,27,R,135,26,6,0,0.617
89,28,B,20,48,97,0,0.617
89,29,B,33,37,126,0,0.617
89,30,F,24,99,38,0,0.617
89,31,D,175,122,16,0,0.617
89,32,B,2,47,100,0,0.617
89,33,D,173,135,12,0,0.617
89,34,D,172,132,24,0,0.617
89,35,B,21,42,106,0,0.617
89,36,D,175,122,13,0,0.617
89,37,B,11,51,104,0,0.617
89,38,R,147,0,17,0,0.617
89,39,B,14,45,117,0,0.617
89,40,L,162,58,21,0,0.617
89,41,D,179,110,27,0,0.617
89,42,B,20,36,102,0,0.617
89,43,U,166,143,129,0,0.617
89,44,D,157,133,17,0,0.617
89,45,L,164,62,16,0,0.617
89,46,F,23,93,42,0,0.617
89,47,L,152,70,16,0,0.617
89,48,R,127,17,0,0,0.617
89,49,B,18,39,88,0,0.617
89,50,R,136,13,25,0,0.617
89,51,L,161,70,15,0,0.617
89,52,L,161,71,21,0,0.617
89,53,R,114,18,18,0,0.617
90,0,L,255,217,106,1,1.096
90,1,B,20,78,225,0,1.096
90,2,F,93,253,129,1,1.096
90,3,F,27,195,71,0,1.096
90,4,U,255,255,255,0,1.096
90,5,F,40,191,84,0,1.096
90,6,B,15,80,206,0,1.096
90,7,B,46,88,218,0,1.096
90,8,F,22,177,52,0,1.096
90,9,U,255,255,255,0,1.096
90,10,L,255,136,32,0,1.096
90,11,U,255,255,255,0,1.096
90,12,R,219,44,50,0,1.096
90,13,R,219,36,38,0,1.096
90,14,L,255,133,21,0,1.096
90,15,F,35,173,70,0,1.096
90,16,L,255,214,96,1,1.096
90,17,U,255,255,255,0,1.096
90,18,D,255,255,47,0,1.096
90,19,R,217,46,48,0,1.096
90,20,R,213,38,62,0,1.096
90,21,F,93,253,138,1,1.096
90,22,F,31,175,78,0,1.096
90,23,U,255,255,255,0,1.096
90,24,B,17,87,210,0,1.096
90,25,L,255,133,23,0,1.096
90,26,D,255,255,29,0,1.096
90,27,L,255,138,20,0,1.096
90,28,B,24,88,230,0,1.096
90,29,R,226,35,47,0,1.096
90,30,F,26,184,65,0,1.096
90,31,D,255,255,54,0,1.096
90,32,U,255,255,255,0,1.096
90,33,D,255,255,37,0,1.096
90,34,D,255,255,51,0,1.096
90,35,R,223,22,44,0,1.096
90,36,B,41,87,227,0,1.096
90,37,D,255,255,118,1,1.096
90,38,R,225,47,58,0,1.096
90,39,D,255,255,35,0,1.096
90,40,L,255,134,34,0,1.096
90,41,U,255,255,255,0,1.096
90,42,F,35,189,75,0,1.096
90,43,R,207,42,49,0,1.096
90,44,D,255,255,44,0,1.096
90,45,L,255,210,104,1,1.096
90,46,U,255,255,255,0,1.096
90,47,U,244,255,255,0,1.096
90,48,D,255,255,55,0,1.096
90,49,B,21,78,225,0,1.096
90,50,B,35,81,238,0,1.096
90,51,B,26,99,211,0,1.096
90,52,R,255,108,108,1,1.096
90,53,L,255,119,30,0,1.096
91,0,F,11,70,36,0,0.566
91,1,R,114,12,28,0,0.566
91,2,D,148,115,32,0,0.566
91,3,R,115,22,18,0,0.566
91,4,U,148,126,122,0,0.566
91,5,B,3,26,94,0,0.566
91,6,F,20,77,32,0,0.566
91,7,L,147,63,24,0,0.566
91,8,R,111,20,27,0,0.566
91,9,F,8,79,28,0,0.566
91,10,L,141,60,0,0,0.566
91,11,B,8,30,103,0,0.566
91,12,D,140,115,15,0,0.566
91,13,R,111,20,24,0,0.566
91,14,B,16,36,110,0,0.566
91,15,F,26,75,29,0,0.566
91,16,D,138,125,14,0,0.566
91,17,R,105,18,30,0,0.566
91,18,L,133,56,2,0,0.566
91,19,U,137,135,127,0,0.566
91,20,U,141,123,128,0,0.566
91,21,D,145,102,12,0,0.566
91,22,F,31,72,44,0,0.566
91,23,L,137,67,19,0,0.566
91,24,D,144,128,14,0,0.566
91,25,U,141,115,120,0,0.566
91,26,L,140,49,11,0,0.566
91,27,B,28,23,92,0,0.566
91,28,F,8,74,43,0,0.566
91,29,D,152,115,23,0,0.566
91,30,B,34,27,93,0,0.566
91,31,D,146,113,20,0,0.566
91,32,B,9,26,100,0,0.566
91,33,L,137,53,5,0,0.566
91,34,L,154,61,28,0,0.566
91,35,B,11,37,100,0,0.566
91,36,R,116,14,20,0,0.566
91,37,U,127,120,131,0,0.566
91,38,U,127,119,130,0,0.566
91,39,D,156,111,25,0,0.566
91,40,L,157,67,10,0,0.566
91,41,R,111,24,23,0,0.566
91,42,U,139,120,128,0,0.566
91,43,U,141,120,124,0,0.566
91,44,L,131,71,23,0,0.566
91,45,R,128,15,22,0,0.566
91,46,F,20,84,20,0,0.566
91,47,D,149,104,21,0,0.566
91,48,R,110,29,26,0,0.566
91,49,B,15,47,101,0,0.566
91,50,F,9,76,32,0,0.566
91,51,U,143,129,125,0,0.566
91,52,F,15,86,37,0,0.566
91,53,B,23,37,91,0,0.566
92,0,B,20,52,194,0,1.049
92,1,B,32,62,177,0,1.049
92,2,U,255,218,231,0,1.049
92,3,R,214,19,51,0,1.049
92,4,U,255,219,240,0,1.049
92,5,D,255,206,40,0,1.049
92,6,L,255,105,15,0,1.049
92,7,L,255,118,22,0,1.049
92,8,R,228,37,41,0,1.049
92,9,D,255,206,51,0,1.049
92,10,F,33,150,61,0,1.049
92,11,B,26,66,188,0,1.049
92,12,U,255,235,236,0,1.049
92,13,R,221,44,42,0,1.049
92,14,D,255,205,36,0,1.049
92,15,F,20,141,61,0,1.049
92,16,U,255,255,255,1,1.049
92,17,L,255,89,23,0,1.049
92,18,D,255,208,48,0,1.049
92,19,F,29,148,58,0,1.049
92,20,F,25,144,52,0,1.049
92,21,L,255,105,38,0,1.049
92,22,F,24,143,58,0,1.049
92,23,F,25,119,56,0,1.049
92,24,B,38,69,186,0,1.049
92,25,R,240,32,29,0,1.049
92,26,L,255,102,37,0,1.049
92,27,R,213,31,47,0,1.049
92,28,D,255,201,23,0,1.049
92,29,D,255,183,36,0,1.049
92,30,R,234,31,39,0,1.049
92,31,D,255,218,43,0,1.049
92,32,R,229,25,36,0,1.049
92,33,U,255,218,223,0,1.049
92,34,U,255,225,228,0,1.049
92,35,F,25,117,59,0,1.049
92,36,D,255,206,15,0,1.049
92,37,F,10,141,55,0,1.049
92,38,B,27,62,190,0,1.049
92,39,L,255,98,32,0,1.049
92,40,L,255,96,28,0,1.049
92,41,U,255,212,234,0,1.049
92,42,F,34,139,71,0,1.049
92,43,B,20,71,184,0,1.049
92,44,U,255,215,238,0,1.049
92,45,L,255,100,19,0,1.049
92,46,D,255,208,57,0,1.049
92,47,R,231,32,45,0,1.049
92,48,L,255,99,15,0,1.049
92,49,B,40,63,179,0,1.049
92,50,B,24,67,181,0,1.049
92,51,U,255,221,240,0,1.049
92,52,B,19,68,180,0,1.049
92,53,R,217,41,44,0,1.049
93,0,F,18,126,53,0,0.799
93,1,R,171,21,36,0,0.799
93,2,R,161,25,31,0,0.799
93,3,U,196,192,199,0,0.799
93,4,U,196,189,194,0,0.799
93,5,L,195,97,26,0,0.799
93,6,B,3,52,146,0,0.799
93,7,F,28,130,44,0,0.799
93,8,F,16,122,50,0,0.799
93,9,R,168,32,37,0,0.799
93,10,D,214,183,32,0,0.799
93,11,D,202,169,39,0,0.799
93,12,R,169,33,30,0,0.799
93,13,R,159,27,43,0,0.799
93,14,D,208,177,26,0,0.799
93,15,U,204,196,184,0,0.799
93,16,F,35,115,60,0,0.799
93,17,F,20,124,47,0,0.799
93,18,L,196,95,19,0,0.799
93,19,D,203,182,38,0,0.799
93,20,D,207,177,46,0,0.799
93,21,B,20,60,158,0,0.799
93,22,F,10,107,54,0,0.799
93,23,B,28,59,151,0,0.799
93,24,L,196,96,18,0,0.799
93,25,L,188,95,22,0,0.799
93,26,F,24,131,63,0,0.799
93,27,B,26,56,138,0,0.799
93,28,U,203,190,202,0,0.799
93,29,R,173,28,43,0,0.799
93,30,B,21,57,148,0,0.799
93,31,D,203,177,41,0,0.799
93,32,L,195,96,39,0,0.799
93,33,B,11,55,155,0,0.799
93,34,R,170,40,42,0,0.799
93,35,L,201,83,20,0,0.799
93,36,L,201,92,13,0,0.799
93,37,B,33,51,160,0,0.799
93,38,D,207,167,33,0,0.799
93,39,U,201,190,198,0,0.799
93,40,L,197,110,29,0,0.799
93,41,D,198,156,43,0,0.799
93,42,U,203,192,184,0,0.799
93,43,L,190,75,41,0,0.799
93,44,U,214,187,206,0,0.799
93,45,B,7,63,160,0,0.799
93,46,U,194,188,183,0,0.799
93,47,U,201,202,199,0,0.799
93,48,R,166,33,18,0,0.799
93,49,B,37,57,144,0,0.799
93,50,F,18,117,54,0,0.799
93,51,D,208,157,43,0,0.799
93,52,F,35,114,65,0,0.799
93,53,R,172,33,46,0,0.799
94,0,U,177,177,181,0,0.801
94,1,D,211,149,22,0,0.801
94,2,B,29,56,153,0,0.801
94,3,L,190,85,34,0,0.801
94,4,U,183,167,185,0,0.801
94,5,D,192,157,22,0,0.801
94,6,U,191,161,187,0,0.801
94,7,B,18,49,165,0,0.801
94,8,B,33,60,166,0,0.801
94,9,U,186,183,189,0,0.801
94,10,R,154,24,22,0,0.801
94,11,U,184,170,192,0,0.801
94,12,F,19,103,43,0,0.801
94,13,R,152,12,23,0,0.801
94,14,F,19,111,46,0,0.801
94,15,D,178,159,39,0,0.801
94,16,R,149,19,14,0,0.801
94,17,F,27,101,58,0,0.801
94,18,F,15,108,51,0,0.801
94,19,L,174,102,8,0,0.801
94,20,L,189,74,18,0,0.801
94,21,F,31,94,51,0,0.801
94,22,F,24,110,55,0,0.801
94,23,R,146,9,22,0,0.801
94,24,B,17,57,154,0,0.801
94,25,F,33,110,54,0,0.801
94,26,L,190,66,25,0,0.801
94,27,D,184,154,51,0,0.801
94,28,D,183,158,35,0,0.801
94,29,B,21,51,148,0,0.801
94,30,R,238,76,94,1,0.801
94,31,D,204,161,26,0,0.801
94,32,U,181,169,210,0,0.801
94,33,F,24,101,54,0,0.801
94,34,U,183,183,191,0,0.801
94,35,D,203,158,48,0,0.801
94,36,R,156,24,24,0,0.801
94,37,U,185,174,185,0,0.801
94,38,L,208,80,14,0,0.801
94,39,D,200,153,35,0,0.801
94,40,L,188,74,31,0,0.801
94,41,L,189,89,17,0,0.801
94,42,L,177,70,16,0,0.801
94,43,B,19,51,157,0,0.801
94,44,R,142,24,22,0,0.801
94,45,R,147,42,42,0,0.801
94,46,L,186,95,31,0,0.801
94,47,F,27,121,50,0,0.801
94,48,U,255,234,255,1,0.801
94,49,B,10,47,157,0,0.801
94,50,B,16,54,167,0,0.801
94,51,R,144,33,27,0,0.801
94,52,B,13,53,161,0,0.801
94,53,D,187,151,29,0,0.801
95,0,B,12,52,168,0,0.803
95,1,U,169,172,211,0,0.803
95,2,L,180,74,17,0,0.803
95,3,B,34,62,174,0,0.803
95,4,U,177,172,210,0,0.803
95,5,U,176,172,225,0,0.803
95,6,U,156,176,216,0,0.803
95,7,B,13,47,170,0,0.803
95,8,U,160,164,221,0,0.803
95,9,R,126,19,18,0,0.803
95,10,R,133,25,36,0,0.803
95,11,B,19,41,178,0,0.803
95,12,F,11,115,61,0,0.803
95,13,R,135,33,33,0,0.803
95,14,R,146,22,37,0,0.803
95,15,R,146,25,36,0,0.803
95,16,D,173,156,37,0,0.803
95,17,L,168,71,2,0,0.803
95,18,F,17,106,69,0,0.803
95,19,U,174,178,228,0,0.803
95,20,F,17,101,66,0,0.803
95,21,F,13,106,71,0,0.803
95,22,F,23,117,49,0,0.803
95,23,U,171,178,204,0,0.803
95,24,L,172,82,4,0,0.803
95,25,D,187,149,35,0,0.803
95,26,D,188,140,40,0,0.803
95,27,B,15,51,167,0,0.803
95,28,R,149,13,39,0,0.803
95,29,B,23,50,171,0,0.803
95,30,D,172,163,40,0,0.803
95,31,D,174,146,38,0,0.803
95,32,B,22,50,185,0,0.803
95,33,R,123,42,35,0,0.803
95,34,D,165,141,43,0,0.803
95,35,D,179,153,36,0,0.803
95,36,R,139,18,46,0,0.803
95,37,L,176,78,10,0,0.803
95,38,L,182,75,15,0,0.803
95,39,F,29,112,43,0,0.803
95,40,L,157,76,13,0,0.803
95,41,R,137,43,60,0,0.803
95,42,F,88,184,136,1,0.803
95,43,L,170,67,31,0,0.803
95,44,U,169,173,220,0,0.803
95,45,D,168,168,37,0,0.803
95,46,L,173,76,29,0,0.803
95,47,U,179,165,219,0,0.803
95,48,B,15,41,171,0,0.803
95,49,B,23,55,182,0,0.803
95,50,L,165,77,23,0,0.803
95,51,F,23,107,52,0,0.803
95,52,F,6,117,68,0,0.803
95,53,D,169,167,36,0,0.803
96,0,U,255,255,255,0,1.271
96,1,B,26,68,249,0,1.271
96,2,R,251,42,57,0,1.271
96,3,U,255,255,255,0,1.271
96,4,U,255,255,255,0,1.271
96,5,R,255,39,63,0,1.271
96,6,D,255,251,67,0,1.271
96,7,D,255,252,51,0,1.271
96,8,B,24,81,244,0,1.271
96,9,L,255,126,37,0,1.271
96,10,U,255,255,255,0,1.271
96,11,F,95,236,152,1,1.271
96,12,D,255,243,36,0,1.271
96,13,R,246,59,47,0,1.271
96,14,D,255,249,59,0,1.271
96,15,F,44,175,94,0,1.271
96,16,B,24,84,236,0,1.271
96,17,F,34,171,86,0,1.271
96,18,R,239,37,53,0,1.271
96,19,B,28,76,237,0,1.271
96,20,D,255,255,51,0,1.271
96,21,D,255,255,49,0,1.271
96,22,F,35,183,89,0,1.271
96,23,F,36,177,100,0,1.271
96,24,B,32,79,251,0,1.271
96,25,B,46,94,247,0,1.271
96,26,L,255,133,33,0,1.271
96,27,R,253,40,53,0,1.271
96,28,R,255,32,63,0,1.271
96,29,D,255,255,54,0,1.271
96,30,L,255,116,32,0,1.271
96,31,D,255,239,40,0,1.271
96,32,U,255,255,255,0,1.271
96,33,R,255,108,110,1,1.271
96,34,R,255,25,61,0,1.271
96,35,U,255,255,255,0,1.271
96,36,L,255,128,32,0,1.271
96,37,F,28,174,91,0,1.271
96,38,B,25,81,250,0,1.271
96,39,L,255,136,45,0,1.271
96,40,L,255,131,9,0,1.271
96,41,R,245,41,43,0,1.271
96,42,U,255,255,255,0,1.271
96,43,F,29,168,81,0,1.271
96,44,U,255,255,255,0,1.271
96,45,D,255,255,55,0,1.271
96,46,L,255,124,30,0,1.271
96,47,B,100,153,255,1,1.271
96,48,L,255,135,34,0,1.271
96,49,B,44,76,236,0,1.271
96,50,U,255,255,255,0,1.271
96,51,L,255,126,32,0,1.271
96,52,F,36,181,92,0,1.271
96,53,F,34,178,65,0,1.271
97,0,U,250,217,197,0,0.977
97,1,L,255,105,8,0,0.977
97,2,D,255,206,32,0,0.977
97,3,R,193,35,40,0,0.977
97,4,U,239,239,191,0,0.977
97,5,B,31,64,166,0,0.977
97,6,D,240,207,46,0,0.977
97,7,D,236,201,38,0,0.977
97,8,L,238,104,20,0,0.977
97,9,B,43,60,158,0,0.977
97,10,R,196,22,33,0,0.977
97,11,F,29,139,64,0,0.977
97,12,U,231,229,200,0,0.977
97,13,R,220,15,36,0,0.977
97,14,B,46,64,169,0,0.977
97,15,D,247,199,37,0,0.977
97,16,B,18,69,148,0,0.977
97,17,F,31,127,53,0,0.977
97,18,B,36,73,157,0,0.977
97,19,F,24,143,76,0,0.977
97,20,U,255,255,255,1,0.977
97,21,B,22,73,155,0,0.977
97,22,F,19,142,52,0,0.977
97,23,L,242,104,20,0,0.977
97,24,B,20,78,161,0,0.977
97,25,R,192,32,33,0,0.977
97,26,R,182,28,47,0,0.977
97,27,D,249,220,28,0,0.977
97,28,U,228,224,209,0,0.977
97,29,F,18,140,64,0,0.977
97,30,D,243,209,37,0,0.977
97,31,D,246,208,36,0,0.977
97,32,U,234,229,203,0,0.977
97,33,U,232,228,189,0,0.977
97,34,L,246,112,29,0,0.977
97,35,R,202,38,39,0,0.977
97,36,F,19,154,47,0,0.977
97,37,F,44,149,59,0,0.977
97,38,L,230,116,30,0,0.977
97,39,F,13,142,51,0,0.977
97,40,L,235,119,38,0,0.977
97,41,D,237,219,32,0,0.977
97,42,R,205,10,30,0,0.977
97,43,R,204,23,43,0,0.977
97,44,R,190,38,38,0,0.977
97,45,L,237,101,20,0,0.977
97,46,D,255,210,28,0,0.977
97,47,L,255,95,19,0,0.977
97,48,L,245,99,21,0,0.977
97,49,B,22,57,163,0,0.977
97,50,U,231,224,208,0,0.977
97,51,U,231,235,207,0,0.977
97,52,F,33,150,53,0,0.977
97,53,B,14,70,163,0,0.977
98,0,D,255,214,58,0,1.196
98,1,F,24,159,79,0,1.196
98,2,U,255,255,255,0,1.196
98,3,R,250,20,50,0,1.196
98,4,U,255,237,255,0,1.196
98,5,F,16,161,67,0,1.196
98,6,L,255,103,36,0,1.196
98,7,U,255,237,255,0,1.196
98,8,U,255,235,255,0,1.196
98,9,R,243,28,31,0,1.196
98,10,D,255,232,47,0,1.196
98,11,R,245,25,45,0,1.196
98,12,D,255,211,49,0,1.196
98,13,R,232,33,38,0,1.196
98,14,R,251,38,37,0,1.196
98,15,B,107,138,255,1,1.196
98,16,L,255,111,29,0,1.196
98,17,D,255,255,126,1,1.196
98,18,D,255,218,48,0,1.196
98,19,L,255,120,44,0,1.196
98,20,F,26,139,77,0,1.196
98,21,L,255,109,41,0,1.196
98,22,F,50,157,67,0,1.196
98,23,R,254,25,50,0,1.196
98,24,U,255,245,255,0,1.196
98,25,R,248,36,55,0,1.196
98,26,R,255,6,44,0,1.196
98,27,F,27,161,83,0,1.196
98,28,F,38,143,80,0,1.196
98,29,D,255,221,47,0,1.196
98,30,B,34,85,223,0,1.196
98,31,D,255,224,43,0,1.196
98,32,F,37,154,91,0,1.196
98,33,L,255,121,24,0,1.196
98,34,B,34,77,240,0,1.196
98,35,R,250,25,58,0,1.196
98,36,L,255,107,30,0,1.196
98,37,U,255,235,255,0,1.196
98,38,B,31,76,228,0,1.196
98,39,D,255,219,42,0,1.196
98,40,L,255,117,40,0,1.196
98,41,B,43,78,235,0,1.196
98,42,U,255,238,255,0,1.196
98,43,D,255,232,53,0,1.196
98,44,L,255,102,33,0,1.196
98,45,B,27,74,234,0,1.196
98,46,U,255,247,255,0,1.196
98,47,F,21,153,85,0,1.196
98,48,B,30,68,255,0,1.196
98,49,B,25,74,236,0,1.196
98,50,L,255,95,38,0,1.196
98,51,F,30,146,95,0,1.196
98,52,U,255,237,255,0,1.196
98,53,B,40,72,238,0,1.196
99,0,U,255,236,255,0,1.216
99,1,R,218,14,45,0,1.216
99,2,L,255,135,26,0,1.216
99,3,D,255,228,48,0,1.216
99,4,U,255,247,255,0,1.216
99,5,B,20,61,249,0,1.216
99,6,R,219,16,60,0,1.216
99,7,R,208,42,55,0,1.216
99,8,F,27,157,80,0,1.216
99,9,U,255,255,255,0,1.216
99,10,U,255,236,255,0,1.216
99,11,D,255,213,55,0,1.216
99,12,D,255,213,49,0,1.216
99,13,R,225,36,45,0,1.216
99,14,L,255,115,20,0,1.216
99,15,L,255,124,42,0,1.216
99,16,L,255,110,25,0,1.216
99,17,R,214,28,57,0,1.216
99,18,U,255,235,255,0,1.216
99,19,F,35,150,83,0,1.216
99,20,R,217,17,53,0,1.216
99,21,F,33,170,86,0,1.216
99,22,F,26,154,90,0,1.216
99,23,R,225,23,53,0,1.216
99,24,B,33,56,255,0,1.216
99,25,L,255,120,32,0,1.216
99,26,B,26,71,252,0,1.216
99,27,D,255,220,43,0,1.216
99,28,B,22,64,255,0,1.216
99,29,D,255,234,53,0,1.216
99,30,B,27,82,247,0,1.216
99,31,D,255,228,58,0,1.216
99,32,F,20,174,89,0,1.216
99,33,U,255,242,255,0,1.216
99,34,L,255,120,51,0,1.216
99,35,F,36,171,90,0,1.216
99,36,L,255,125,27,0,1.216
99,37,B,36,77,243,0,1.216
99,38,B,23,71,253,0,1.216
99,39,F,39,156,100,0,1.216
99,40,L,255,108,28,0,1.216
99,41,D,255,218,52,0,1.216
99,42,L,255,116,40,0,1.216
99,43,R,213,24,41,0,1.216
99,44,R,204,27,53,0,1.216
99,45,F,27,155,102,0,1.216
99,46,U,255,241,255,0,1.216
99,47,B,21,83,250,0,1.216
99,48,U,255,234,255,0,1.216
99,49,B,47,65,250,0,1.216
99,50,U,255,248,255,0,1.216
99,51,D,255,229,48,0,1.216
99,52,D,255,217,49,0,1.216
99,53,F,35,150,76,0,1.216
100,0,F,28,173,73,0,1.077
100,1,D,223,252,45,0,1.077
100,2,D,208,245,47,0,1.077
100,3,F,23,182,63,0,1.077
100,4,U,224,255,243,0,1.077
100,5,B,19,71,186,0,1.077
100,6,D,224,247,36,0,1.077
100,7,R,166,27,47,0,1.077
100,8,R,167,43,28,0,1.077
100,9,U,220,255,252,0,1.077
100,10,U,215,255,231,0,1.077
100,11,L,225,124,22,0,1.077
100,12,U,215,255,243,0,1.077
100,13,R,186,17,48,0,1.077
100,14,R,172,33,39,0,1.077
100,15,D,222,250,43,0,1.077
100,16,F,12,169,66,0,1.077
100,17,F,26,170,66,0,1.077
100,18,R,185,25,59,0,1.077
100,19,B,19,71,203,0,1.077
100,20,B,32,89,208,0,1.077
100,21,L,222,125,29,0,1.077
100,22,F,23,166,80,0,1.077
100,23,F,38,170,65,0,1.077
100,24,L,214,111,20,0,1.077
100,25,U,214,255,235,0,1.077
100,26,R,161,39,55,0,1.077
100,27,U,201,255,250,0,1.077
100,28,R,167,23,42,0,1.077
100,29,F,21,165,80,0,1.077
100,30,L,230,130,25,0,1.077
100,31,D,220,251,40,0,1.077
100,32,L,230,135,21,0,1.077
100,33,U,224,255,248,0,1.077
100,34,D,215,242,39,0,1.077
100,35,R,178,34,39,0,1.077
100,36,D,230,255,37,0,1.077
100,37,D,211,247,42,0,1.077
100,38,B,27,74,199,0,1.077
100,39,L,211,134,40,0,1.077
100,40,L,211,104,22,0,1.077
100,41,D,219,246,42,0,1.077
100,42,B,28,102,192,0,1.077
100,43,B,21,83,182,0,1.077
100,44,F,30,166,56,0,1.077
100,45,B,17,84,204,0,1.077
100,46,B,34,83,191,0,1.077
100,47,L,223,125,45,0,1.077
100,48,F,7,184,74,0,1.077
100,49,B,27,79,193,0,1.077
100,50,U,211,255,255,0,1.077
100,51,U,226,255,246,0,1.077
100,52,R,162,33,43,0,1.077
100,53,L,228,118,29,0,1.077
101,0,R,87,19,14,0,0.533
101,1,L,113,66,0,0,0.533
101,2,B,22,59,85,0,0.533
101,3,D,122,119,16,0,0.533
101,4,U,124,140,125,0,0.533
101,5,L,113,74,12,0,0.533
101,6,U,122,153,119,0,0.533
101,7,L,106,63,5,0,0.533
101,8,F,17,93,26,0,0.533
101,9,R,97,14,35,0,0.533
101,10,F,19,102,26,0,0.533
101,11,D,105,113,25,0,0.533
101,12,U,101,150,115,0,0.533
101,13,R,96,8,15,0,0.533
101,14,R,91,25,10,0,0.533
101,15,F,15,82,39,0,0.533
101,16,R,88,16,24,0,0.533
101,17,R,99,17,30,0,0.533
101,18,R,82,21,11,0,0.533
101,19,U,112,132,114,0,0.533
101,20,D,188,190,76,1,0.533
101,21,R,88,23,22,0,0.533
101,22,F,5,96,30,0,0.533
101,23,F,19,82,36,0,0.533
101,24,U,120,134,111,0,0.533
101,25,F,18,93,35,0,0.533
101,26,L,109,53,13,0,0.533
101,27,F,2,90,13,0,0.533
101,28,D,124,142,24,0,0.533
101,29,D,106,125,27,0,0.533
101,30,R,95,13,30,0,0.533
101,31,D,118,131,17,0,0.533
101,32,B,13,36,93,0,0.533
101,33,L,105,75,13,0,0.533
101,34,L,112,68,15,0,0.533
101,35,B,1,52,93,0,0.533
101,36,B,8,34,86,0,0.533
101,37,B,8,42,85,0,0.533
101,38,F,13,90,27,0,0.533
101,39,U,128,138,116,0,0.533
101,40,L,111,64,18,0,0.533
101,41,D,123,126,13,0,0.533
101,42,U,115,122,115,0,0.533
101,43,U,109,141,101,0,0.533
101,44,L,107,57,8,0,0.533
101,45,L,115,64,8,0,0.533
101,46,D,122,127,4,0,0.533
101,47,D,104,130,23,0,0.533
101,48,F,14,91,25,0,0.533
101,49,B,11,32,85,0,0.533
101,50,B,5,35,89,0,0.533
101,51,U,108,132,121,0,0.533
101,52,B,8,54,99,0,0.533
101,53,B,2,48,80,0,0.533
102,0,D,255,255,39,0,1.226
102,1,R,249,39,36,0,1.226
102,2,U,255,255,255,0,1.226
102,3,D,255,255,49,0,1.226
102,4,U,255,255,255,0,1.226
102,5,F,40,199,77,0,1.226
102,6,B,26,96,226,0,1.226
102,7,B,45,83,216,0,1.226
102,8,L,255,163,22,0,1.226
102,9,U,255,255,255,0,1.226
102,10,D,255,255,122,1,1.226
102,11,B,111,178,255,1,1.226
102,12,R,255,49,32,0,1.226
102,13,R,255,55,38,0,1.226
102,14,U,255,255,255,0,1.226
102,15,R,255,47,40,0,1.226
102,16,L,255,146,32,0,1.226
102,17,B,40,98,231,0,1.226
102,18,L,255,156,38,0,1.226
102,19,L,255,153,15,0,1.226
102,20,F,35,205,82,0,1.226
102,21,U,255,255,255,0,1.226
102,22,F,34,213,69,0,1.226
102,23,F,23,196,85,0,1.226
102,24,L,255,149,20,0,1.226
102,25,R,255,37,56,0,1.226
102,26,F,29,211,82,0,1.226
102,27,F,43,199,73,0,1.226
102,28,U,255,255,255,0,1.226
102,29,D,255,255,36,0,1.226
102,30,R,255,45,55,0,1.226
102,31,D,255,255,62,0,1.226
102,32,F,31,205,73,0,1.226
102,33,R,254,39,59,0,1.226
102,34,D,255,255,56,0,1.226
102,35,U,255,255,255,0,1.226
102,36,R,255,42,52,0,1.226
102,37,L,255,161,14,0,1.226
102,38,D,255,255,47,0,1.226
102,39,B,32,102,221,0,1.226
102,40,L,255,147,31,0,1.226
102,41,L,255,162,26,0,1.226
102,42,U,255,255,255,0,1.226
102,43,B,35,107,226,0,1.226
102,44,D,255,255,37,0,1.226
102,45,L,255,150,16,0,1.226
102,46,D,255,255,60,0,1.226
102,47,B,36,96,221,0,1.226
102,48,F,29,210,75,0,1.226
102,49,B,22,93,248,0,1.226
102,50,U,255,255,255,0,1.226
102,51,R,255,43,54,0,1.226
102,52,B,22,92,219,0,1.226
102,53,F,33,205,78,0,1.226
103,0,R,131,24,31,0,0.615
103,1,D,163,144,25,0,0.615
103,2,D,152,154,21,0,0.615
103,3,L,150,89,13,0,0.615
103,4,U,140,164,139,0,0.615
103,5,L,148,77,23,0,0.615
103,6,U,148,161,131,0,0.615
103,7,D,228,218,86,1,0.615
103,8,L,151,91,1,0,0.615
103,9,B,5,51,100,0,0.615
103,10,B,31,37,101,0,0.615
103,11,F,12,112,44,0,0.615
103,12,F,21,106,48,0,0.615
103,13,R,109,23,35,0,0.615
103,14,U,143,165,147,0,0.615
103,15,L,162,75,29,0,0.615
103,16,R,127,29,15,0,0.615
103,17,F,10,98,52,0,0.615
103,18,B,0,34,117,0,0.615
103,19,B,17,25,108,0,0.615
103,20,U,149,172,122,0,0.615
103,21,L,218,155,91,1,0.615
103,22,F,9,102,26,0,0.615
103,23,R,133,18,33,0,0.615
103,24,D,161,142,22,0,0.615
103,25,U,157,166,149,0,0.615
103,26,B,95,121,186,1,0.615
103,27,R,117,16,28,0,0.615
103,28,R,125,12,23,0,0.615
103,29,D,149,145,34,0,0.615
103,30,U,145,158,141,0,0.615
103,31,D,156,150,12,0,0.615
103,32,D,155,146,17,0,0.615
103,33,F,12,102,45,0,0.615
103,34,R,137,22,35,0,0.615
103,35,R,124,10,24,0,0.615
103,36,D,235,230,87,1,0.615
103,37,U,169,157,131,0,0.615
103,38,R,119,32,27,0,0.615
103,39,D,162,132,23,0,0.615
103,40,L,151,82,11,0,0.615
103,41,F,26,99,27,0,0.615
103,42,U,139,173,143,0,0.615
103,43,B,10,57,110,0,0.615
103,44,B,16,37,107,0,0.615
103,45,L,153,78,11,0,0.615
103,46,L,160,88,9,0,0.615
103,47,F,20,92,41,0,0.615
103,48,F,9,103,40,0,0.615
103,49,B,15,57,105,0,0.615
103,50,F,13,107,38,0,0.615
103,51,U,154,161,131,0,0.615
103,52,B,22,49,118,0,0.615
103,53,L,162,74,9,0,0.615
104,0,F,15,108,44,0,0.788
104,1,F,32,117,77,0,0.788
104,2,U,169,182,215,0,0.788
104,3,U,173,185,213,0,0.788
104,4,U,173,179,195,0,0.788
104,5,B,13,47,185,0,0.788
104,6,F,23,119,64,0,0.788
104,7,R,139,36,35,0,0.788
104,8,B,8,58,181,0,0.788
104,9,L,175,86,30,0,0.788
104,10,D,189,167,50,0,0.788
104,11,B,21,69,161,0,0.788
104,12,R,218,95,108,1,0.788
104,13,R,131,31,35,0,0.788
104,14,F,11,109,57,0,0.788
104,15,D,178,155,30,0,0.788
104,16,F,22,113,74,0,0.788
104,17,U,171,183,226,0,0.788
104,18,L,172,91,25,0,0.788
104,19,B,19,66,164,0,0.788
104,20,D,173,149,36,0,0.788
104,21,B,27,51,178,0,0.788
104,22,F,13,122,58,0,0.788
104,23,U,170,190,213,0,0.788
104,24,R,145,24,42,0,0.788
104,25,R,212,84,109,1,0.788
104,26,B,23,56,170,0,0.788
104,27,F,33,108,60,0,0.788
104,28,D,179,154,27,0,0.788
104,29,R,146,28,38,0,0.788
104,30,F,7,111,61,0,0.788
104,31,D,182,172,40,0,0.788
104,32,L,181,96,5,0,0.788
104,33,D,185,159,40,0,0.788
104,34,D,179,155,30,0,0.788
104,35,R,144,22,42,0,0.788
104,36,D,175,179,35,0,0.788
104,37,B,35,47,176,0,0.788
104,38,U,182,167,205,0,0.788
104,39,L,177,92,33,0,0.788
104,40,L,178,91,14,0,0.788
104,41,L,171,94,19,0,0.788
104,42,R,139,10,35,0,0.788
104,43,U,162,180,224,0,0.788
104,44,U,176,179,210,0,0.788
104,45,L,248,145,89,1,0.788
104,46,D,194,152,32,0,0.788
104,47,L,163,93,21,0,0.788
104,48,R,201,83,115,1,0.788
104,49,B,24,59,171,0,0.788
104,50,U,181,187,218,0,0.788
104,51,B,6,38,161,0,0.788
104,52,L,176,72,15,0,0.788
104,53,F,19,107,49,0,0.788
105,0,B,97,131,255,1,0.874
105,1,U,187,202,225,0,0.874
105,2,R,144,11,37,0,0.874
105,3,R,141,32,44,0,0.874
105,4,U,191,199,235,0,0.874
105,5,D,187,175,36,0,0.874
105,6,B,19,49,185,0,0.874
105,7,L,179,74,3,0,0.874
105,8,U,174,187,223,0,0.874
105,9,R,155,19,29,0,0.874
105,10,R,148,32,51,0,0.874
105,11,B,11,55,179,0,0.874
105,12,B,101,132,252,1,0.874
105,13,R,151,22,37,0,0.874
105,14,R,145,20,36,0,0.874
105,15,B,22,58,194,0,0.874
105,16,D,190,173,21,0,0.874
105,17,F,8,118,59,0,0.874
105,18,L,169,86,25,0,0.874
105,19,D,178,173,38,0,0.874
105,20,F,14,115,61,0,0.874
105,21,L,181,81,8,0,0.874
105,22,F,12,125,50,0,0.874
105,23,L,186,84,25,0,0.874
105,24,R,139,29,39,0,0.874
105,25,B,22,42,187,0,0.874
105,26,R,132,22,42,0,0.874
105,27,D,181,178,39,0,0.874
105,28,D,184,168,46,0,0.874
105,29,D,191,170,31,0,0.874
105,30,B,20,51,183,0,0.874
105,31,D,189,179,49,0,0.874
105,32,F,22,113,56,0,0.874
105,33,L,183,103,21,0,0.874
105,34,U,172,201,224,0,0.874
105,35,U,184,198,218,0,0.874
105,36,U,246,255,255,1,0.874
105,37,U,184,186,229,0,0.874
105,38,D,169,176,41,0,0.874
105,39,U,179,179,224,0,0.874
105,40,L,171,100,21,0,0.874
105,41,F,17,120,66,0,0.874
105,42,D,183,178,31,0,0.874
105,43,R,153,20,44,0,0.874
105,44,F,21,129,61,0,0.874
105,45,U,168,181,223,0,0.874
105,46,B,29,53,182,0,0.874
105,47,L,188,85,26,0,0.874
105,48,F,21,117,64,0,0.874
105,49,B,27,64,179,0,0.874
105,50,F,41,124,60,0,0.874
105,51,L,174,81,30,0,0.874
105,52,L,157,88,13,0,0.874
105,53,F,17,121,52,0,0.874
106,0,R,201,45,51,0,1.236
106,1,F,27,175,96,0,1.236
106,2,U,255,255,255,0,1.236
106,3,B,31,74,255,0,1.236
106,4,U,253,255,255,0,1.236
106,5,F,21,180,95,0,1.236
106,6,U,255,255,255,0,1.236
106,7,U,255,255,255,1,1.236
106,8,F,42,171,86,0,1.236
106,9,R,213,37,61,0,1.236
106,10,D,255,246,65,0,1.236
106,11,R,203,34,57,0,1.236
106,12,U,244,255,255,0,1.236
106,13,R,212,33,38,0,1.236
106,14,D,255,235,52,0,1.236
106,15,B,22,78,255,0,1.236
106,16,F,34,171,85,0,1.236
106,17,L,255,134,40,0,1.236
106,18,F,30,175,86,0,1.236
106,19,F,24,184,101,0,1.236
106,20,D,255,246,53,0,1.236
106,21,D,255,253,47,0,1.236
106,22,F,44,189,89,0,1.236
106,23,L,254,130,25,0,1.236
106,24,R,206,41,68,0,1.236
106,25,U,255,255,255,0,1.236
106,26,L,233,140,36,0,1.236
106,27,F,27,190,83,0,1.236
106,28,B,20,77,255,0,1.236
106,29,U,255,255,255,0,1.236
106,30,D,255,255,49,0,1.236
106,31,D,255,255,65,0,1.236
106,32,L,250,135,35,0,1.236
106,33,L,255,124,29,0,1.236
106,34,U,249,255,255,0,1.236
106,35,D,255,242,47,0,1.236
106,36,B,22,70,255,0,1.236
106,37,L,255,128,37,0,1.236
106,38,L,255,136,36,0,1.236
106,39,B,32,77,255,0,1.236
106,40,L,255,134,51,0,1.236
106,41,B,25,75,255,0,1.236
106,42,B,24,76,255,0,1.236
106,43,R,223,38,50,0,1.236
106,44,U,255,255,255,0,1.236
106,45,B,33,85,255,0,1.236
106,46,R,204,35,54,0,1.236
106,47,D,250,255,39,0,1.236
106,48,L,249,127,22,0,1.236
106,49,B,30,79,255,0,1.236
106,50,R,210,36,56,0,1.236
106,51,F,26,181,96,0,1.236
106,52,R,206,32,52,0,1.236
106,53,D,255,252,52,0,1.236
107,0,B,5,73,127,0,0.729
107,1,F,29,130,55,0,0.729
107,2,R,129,29,31,0,0.729
107,3,U,161,201,181,0,0.729
107,4,U,149,199,182,0,0.729
107,5,R,137,17,31,0,0.729
107,6,F,19,126,30,0,0.729
107,7,B,23,46,154,0,0.729
107,8,F,22,124,52,0,0.729
107,9,U,158,191,169,0,0.729
107,10,U,159,189,175,0,0.729
107,11,D,169,187,38,0,0.729
107,12,L,167,97,28,0,0.729
107,13,R,127,28,40,0,0.729
107,14,L,172,89,7,0,0.729
107,15,B,33,67,151,0,0.729
107,16,R,134,27,24,0,0.729
107,17,U,149,206,177,0,0.729
107,18,R,129,16,25,0,0.729
107,19,U,152,193,147,0,0.729
107,20,R,129,37,25,0,0.729
107,21,F,17,127,39,0,0.729
107,22,F,20,118,44,0,0.729
107,23,B,19,58,138,0,0.729
107,24,D,153,184,21,0,0.729
107,25,L,163,88,9,0,0.729
107,26,L,156,83,14,0,0.729
107,27,L,156,98,24,0,0.729
107,28,D,164,176,17,0,0.729
107,29,U,155,193,169,0,0.729
107,30,F,13,121,53,0,0.729
107,31,D,150,179,39,0,0.729
107,32,B,81,121,205,1,0.729
107,33,B,14,60,148,0,0.729
107,34,R,126,29,24,0,0.729
107,35,L,153,94,13,0,0.729
107,36,L,166,88,17,0,0.729
107,37,L,149,88,10,0,0.729
107,38,D,156,165,29,0,0.729
107,39,D,174,164,43,0,0.729
107,40,L,156,98,10,0,0.729
107,41,U,243,255,239,1,0.729
107,42,U,169,185,151,0,0.729
107,43,R,196,89,91,1,0.729
107,44,F,10,113,58,0,0.729
107,45,B,26,47,136,0,0.729
107,46,D,157,187,22,0,0.729
107,47,D,173,179,23,0,0.729
107,48,F,16,120,65,0,0.729
107,49,B,18,54,138,0,0.729
107,50,B,28,51,124,0,0.729
107,51,F,27,129,43,0,0.729
107,52,D,159,187,7,0,0.729
107,53,R,137,24,34,0,0.729
108,0,F,13,95,32,0,0.53
108,1,D,138,81,23,0,0.53
108,2,F,20,58,21,0,0.53
108,3,U,127,119,143,0,0.53
108,4,U,121,113,122,0,0.53
108,5,R,116,10,33,0,0.53
108,6,B,11,30,121,0,0.53
108,7,D,122,112,20,0,0.53
108,8,R,95,7,32,0,0.53
108,9,U,126,108,121,0,0.53
108,10,U,136,119,136,0,0.53
108,11,U,133,85,129,0,0.53
108,12,L,128,53,10,0,0.53
108,13,R,104,8,17,0,0.53
108,14,B,4,34,102,0,0.53
108,15,D,125,112,22,0,0.53
108,16,U,126,98,129,0,0.53
108,17,D,137,106,23,0,0.53
108,18,D,128,102,26,0,0.53
108,19,R,100,0,38,0,0.53
108,20,B,23,32,119,0,0.53
108,21,L,116,62,16,0,0.53
108,22,F,21,68,38,0,0.53
108,23,D,134,110,27,0,0.53
108,24,L,130,47,28,0,0.53
108,25,U,128,109,131,0,0.53
108,26,R,93,8,11,0,0.53
108,27,D,131,101,24,0,0.53
108,28,B,3,30,103,0,0.53
108,29,F,21,59,25,0,0.53
108,30,B,24,36,95,0,0.53
108,31,D,140,113,32,0,0.53
108,32,F,0,72,30,0,0.53
108,33,B,81,90,192,1,0.53
108,34,L,121,54,21,0,0.53
108,35,F,18,74,34,0,0.53
108,36,U,128,109,115,0,0.53
108,37,L,134,47,10,0,0.53
108,38,R,99,3,13,0,0.53
108,39,F,0,74,46,0,0.53
108,40,L,127,43,25,0,0.53
108,41,F,11,58,22,0,0.53
108,42,L,128,63,11,0,0.53
108,43,R,97,12,16,0,0.53
108,44,B,9,35,102,0,0.53
108,45,L,134,44,20,0,0.53
108,46,F,16,67,34,0,0.53
108,47,R,100,28,16,0,0.53
108,48,D,139,109,20,0,0.53
108,49,B,26,14,110,0,0.53
108,50,R,173,84,99,1,0.53
108,51,L,123,50,23,0,0.53
108,52,B,12,25,112,0,0.53
108,53,U,126,106,138,0,0.53
109,0,L,249,105,23,0,1.009
109,1,D,255,220,31,0,1.009
109,2,F,41,159,67,0,1.009
109,3,R,208,11,48,0,1.009
109,4,U,247,244,229,0,1.009
109,5,B,35,67,191,0,1.009
109,6,B,39,79,182,0,1.009
109,7,R,201,32,39,0,1.009
109,8,L,255,107,10,0,1.009
109,9,D,253,218,45,0,1.009
109,10,U,255,250,241,0,1.009
109,11,R,205,36,40,0,1.009
109,12,F,23,150,73,0,1.009
109,13,R,218,41,28,0,1.009
109,14,F,36,144,63,0,1.009
109,15,B,32,61,183,0,1.009
109,16,B,21,85,202,0,1.009
109,17,L,248,113,26,0,1.009
109,18,R,209,25,52,0,1.009
109,19,F,24,160,53,0,1.009
109,20,B,30,73,204,0,1.009
109,21,U,234,245,245,0,1.009
109,22,F,25,164,83,0,1.009
109,23,D,255,226,51,0,1.009
109,24,U,255,250,244,0,1.009
109,25,L,250,104,35,0,1.009
109,26,R,211,25,41,0,1.009
109,27,F,39,140,59,0,1.009
109,28,D,255,226,31,0,1.009
109,29,D,253,221,52,0,1.009
109,30,B,27,53,201,0,1.009
109,31,D,255,216,31,0,1.009
109,32,L,255,115,29,0,1.009
109,33,R,209,34,47,0,1.009
109,34,L,255,104,25,0,1.009
109,35,D,255,233,38,0,1.009
109,36,B,14,71,187,0,1.009
109,37,B,91,138,253,1,1.009
109,38,U,240,255,238,0,1.009
109,39,R,199,36,51,0,1.009
109,40,L,241,109,28,0,1.009
109,41,L,248,116,15,0,1.009
109,42,F,22,152,69,0,1.009
109,43,D,255,214,38,0,1.009
109,44,L,238,129,22,0,1.009
109,45,U,253,242,243,0,1.009
109,46,R,209,25,27,0,1.009
109,47,U,254,234,234,0,1.009
109,48,U,255,242,249,0,1.009
109,49,B,26,58,198,0,1.009
109,50,U,255,227,244,0,1.009
109,51,F,99,219,137,1,1.009
109,52,F,30,158,75,0,1.009
109,53,D,255,220,60,0,1.009
110,0,F,8,108,36,0,0.643
110,1,R,131,31,13,0,0.643
110,2,B,26,42,134,0,0.643
110,3,R,119,31,22,0,0.643
110,4,U,160,166,141,0,0.643
110,5,F,17,111,45,0,0.643
110,6,F,13,107,28,0,0.643
110,7,B,15,47,120,0,0.643
110,8,L,160,75,18,0,0.643
110,9,B,27,50,104,0,0.643
110,10,U,174,177,146,0,0.643
110,11,U,174,166,142,0,0.643
110,12,L,139,85,18,0,0.643
110,13,R,118,15,22,0,0.643
110,14,U,152,185,138,0,0.643
110,15,R,123,21,11,0,0.643
110,16,F,12,99,40,0,0.643
110,17,D,140,149,26,0,0.643
110,18,D,141,145,32,0,0.643
110,19,L,144,81,17,0,0.643
110,20,U,146,159,152,0,0.643
110,21,D,153,162,18,0,0.643
110,22,F,19,99,28,0,0.643
110,23,U,146,167,135,0,0.643
110,24,B,14,55,109,0,0.643
110,25,B,24,46,118,0,0.643
110,26,U,165,186,124,0,0.643
110,27,L,168,67,26,0,0.643
110,28,D,157,161,16,0,0.643
110,29,F,24,115,34,0,0.643
110,30,B,11,58,121,0,0.643
110,31,D,164,155,24,0,0.643
110,32,L,162,87,24,0,0.643
110,33,F,17,104,41,0,0.643
110,34,R,128,18,27,0,0.643
110,35,B,10,53,108,0,0.643
110,36,R,142,32,26,0,0.643
110,37,B,6,41,119,0,0.643
110,38,L,153,83,2,0,0.643
110,39,D,145,159,22,0,0.643
110,40,L,144,74,21,0,0.643
110,41,F,13,115,52,0,0.643
110,42,U,157,173,135,0,0.643
110,43,U,164,161,131,0,0.643
110,44,D,157,146,32,0,0.643
110,45,R,120,26,21,0,0.643
110,46,F,14,110,23,0,0.643
110,47,D,149,154,42,0,0.643
110,48,R,131,28,15,0,0.643
110,49,B,23,61,119,0,0.643
110,50,L,175,70,6,0,0.643
110,51,R,123,14,24,0,0.643
110,52,D,162,158,25,0,0.643
110,53,L,157,87,10,0,0.643
111,0,L,255,147,32,0,1.281
111,1,L,255,140,32,0,1.281
111,2,U,255,255,255,0,1.281
111,3,D,255,255,46,0,1.281
111,4,U,255,255,255,0,1.281
111,5,B,21,87,255,0,1.281
111,6,L,255,130,27,0,1.281
111,7,U,255,255,255,0,1.281
111,8,D,255,255,61,0,1.281
111,9,F,37,196,92,0,1.281
111,10,L,255,141,30,0,1.281
111,11,B,46,90,255,0,1.281
111,12,D,255,255,55,0,1.281
111,13,R,255,42,59,0,1.281
111,14,R,255,42,47,0,1.281
111,15,F,43,182,85,0,1.281
111,16,B,36,87,255,0,1.281
111,17,R,255,41,68,0,1.281
111,18,F,34,190,87,0,1.281
111,19,F,32,198,95,0,1.281
111,20,R,255,31,70,0,1.281
111,21,B,34,82,255,0,1.281
111,22,F,41,193,103,0,1.281
111,23,R,255,34,69,0,1.281
111,24,U,255,255,255,0,1.281
111,25,R,255,31,49,0,1.281
111,26,R,255,28,64,0,1.281
111,27,F,35,185,99,0,1.281
111,28,U,255,255,255,0,1.281
111,29,U,255,255,255,0,1.281
111,30,L,255,136,39,0,1.281
111,31,D,255,255,51,0,1.281
111,32,R,255,49,76,0,1.281
111,33,R,255,41,62,0,1.281
111,34,L,255,130,31,0,1.281
111,35,B,37,90,252,0,1.281
111,36,D,255,255,62,0,1.281
111,37,F,42,169,95,0,1.281
111,38,D,255,255,64,0,1.281
111,39,B,52,91,255,0,1.281
111,40,L,255,128,27,0,1.281
111,41,U,255,255,255,0,1.281
111,42,D,255,255,126,1,1.281
111,43,D,255,255,56,0,1.281
111,44,L,255,151,36,0,1.281
111,45,L,255,145,27,0,1.281
111,46,F,44,188,106,0,1.281
111,47,B,31,84,255,0,1.281
111,48,F,26,189,83,0,1.281
111,49,B,38,82,255,0,1.281
111,50,D,255,255,56,0,1.281
111,51,U,255,255,255,0,1.281
111,52,U,255,255,255,0,1.281
111,53,B,33,88,255,0,1.281
112,0,R,106,13,9,0,0.563
112,1,U,145,123,111,0,0.563
112,2,U,147,130,120,0,0.563
112,3,B,14,42,95,0,0.563
112,4,U,133,132,115,0,0.563
112,5,U,140,132,113,0,0.563
112,6,F,6,92,47,0,0.563
112,7,B,12,48,98,0,0.563
112,8,F,10,76,30,0,0.563
112,9,D,141,116,19,0,0.563
112,10,R,106,23,11,0,0.563
112,11,R,106,24,26,0,0.563
112,12,F,27,84,27,0,0.563
112,13,R,124,16,19,0,0.563
112,14,L,135,64,0,0,0.563
112,15,B,19,23,102,0,0.563
112,16,U,199,206,207,1,0.563
112,17,B,13,29,110,0,0.563
112,18,L,138,52,22,0,0.563
112,19,D,122,107,9,0,0.563
112,20,L,136,45,19,0,0.563
112,21,D,153,119,17,0,0.563
112,22,F,2,87,27,0,0.563
112,23,R,120,25,20,0,0.563
112,24,R,98,9,31,0,0.563
112,25,R,117,28,2,0,0.563
112,26,L,141,59,0,0,0.563
112,27,D,140,127,24,0,0.563
112,28,B,11,41,104,0,0.563
112,29,U,133,133,126,0,0.563
112,30,D,139,130,19,0,0.563
112,31,D,154,127,22,0,0.563
112,32,F,13,78,34,0,0.563
112,33,F,17,94,32,0,0.563
112,34,B,18,52,97,0,0.563
112,35,D,149,132,21,0,0.563
112,36,B,18,45,94,0,0.563
112,37,U,133,119,116,0,0.563
112,38,U,151,138,130,0,0.563
112,39,F,92,148,91,1,0.563
112,40,L,138,59,6,0,0.563
112,41,R,192,80,95,1,0.563
112,42,R,121,3,16,0,0.563
112,43,L,152,68,13,0,0.563
112,44,F,6,77,33,0,0.563
112,45,B,25,43,94,0,0.563
112,46,L,214,137,68,1,0.563
112,47,D,207,189,100,1,0.563
112,48,F,24,77,33,0,0.563
112,49,B,9,36,96,0,0.563
112,50,D,142,115,11,0,0.563
112,51,L,129,59,14,0,0.563
112,52,L,147,54,7,0,0.563
112,53,U,152,134,124,0,0.563
113,0,B,20,71,197,0,1.011
113,1,R,193,24,30,0,1.011
113,2,D,228,245,44,0,1.011
113,3,R,187,34,43,0,1.011
113,4,U,228,245,255,0,1.011
113,5,B,23,86,194,0,1.011
113,6,R,189,23,33,0,1.011
113,7,F,26,172,81,0,1.011
113,8,R,196,30,50,0,1.011
113,9,F,19,159,72,0,1.011
113,10,L,228,127,12,0,1.011
113,11,R,194,28,55,0,1.011
113,12,F,33,155,70,0,1.011
113,13,R,190,26,37,0,1.011
113,14,L,226,126,34,0,1.011
113,15,U,226,255,255,0,1.011
113,16,L,236,114,20,0,1.011
113,17,U,231,255,255,0,1.011
113,18,B,21,69,217,0,1.011
113,19,R,184,48,34,0,1.011
113,20,U,226,252,255,0,1.011
113,21,B,34,72,191,0,1.011
113,22,F,33,165,62,0,1.011
113,23,D,222,238,42,0,1.011
113,24,L,230,123,24,0,1.011
113,25,F,22,169,70,0,1.011
113,26,R,183,38,28,0,1.011
113,27,F,34,167,65,0,1.011
113,28,U,228,255,255,0,1.011
113,29,B,10,68,208,0,1.011
113,30,B,39,83,205,0,1.011
113,31,D,238,235,41,0,1.011
113,32,F,27,147,79,0,1.011
113,33,F,99,230,134,1,1.011
113,34,B,15,79,208,0,1.011
113,35,B,26,90,189,0,1.011
113,36,L,223,114,35,0,1.011
113,37,D,232,227,45,0,1.011
113,38,D,237,248,46,0,1.011
113,39,L,226,116,21,0,1.011
113,40,L,233,127,25,0,1.011
113,41,R,184,44,44,0,1.011
113,42,U,233,248,251,0,1.011
113,43,D,217,224,46,0,1.011
113,44,D,244,233,34,0,1.011
113,45,F,25,173,69,0,1.011
113,46,U,236,255,246,0,1.011
113,47,D,227,233,62,0,1.011
113,48,D,239,233,46,0,1.011
113,49,B,26,73,206,0,1.011
113,50,U,227,255,255,0,1.011
113,51,L,240,118,32,0,1.011
113,52,U,223,248,255,0,1.011
113,53,L,234,120,34,0,1.011
114,0,R,255,108,107,1,1.06
114,1,D,255,240,34,0,1.06
114,2,R,234,35,35,0,1.06
114,3,D,255,231,38,0,1.06
114,4,U,255,239,213,0,1.06
114,5,F,35,154,58,0,1.06
114,6,F,34,155,67,0,1.06
114,7,L,255,111,31,0,1.06
114,8,U,255,252,227,0,1.06
114,9,F,30,145,51,0,1.06
114,10,L,255,105,31,0,1.06
114,11,D,255,216,34,0,1.06
114,12,B,29,60,185,0,1.06
114,13,R,233,27,44,0,1.06
114,14,F,18,153,60,0,1.06
114,15,D,255,235,35,0,1.06
114,16,F,22,159,63,0,1.06
114,17,U,255,244,224,0,1.06
114,18,R,223,36,33,0,1.06
114,19,B,25,83,174,0,1.06
114,20,L,255,120,21,0,1.06
114,21,D,255,221,46,0,1.06
114,22,F,18,147,62,0,1.06
114,23,R,239,44,31,0,1.06
114,24,D,255,222,21,0,1.06
114,25,R,233,29,49,0,1.06
114,26,L,255,111,18,0,1.06
114,27,L,255,119,20,0,1.06
114,28,U,255,249,214,0,1.06
114,29,B,31,83,184,0,1.06
114,30,R,225,26,32,0,1.06
114,31,D,255,222,40,0,1.06
114,32,R,223,44,41,0,1.06
114,33,L,255,115,35,0,1.06
114,34,U,255,249,244,0,1.06
114,35,F,38,150,63,0,1.06
114,36,U,255,255,218,0,1.06
114,37,F,28,155,50,0,1.06
114,38,D,255,224,42,0,1.06
114,39,L,255,119,30,0,1.06
114,40,L,255,102,36,0,1.06
114,41,L,255,122,24,0,1.06
114,42,U,255,243,226,0,1.06
114,43,D,255,221,44,0,1.06
114,44,F,26,162,61,0,1.06
114,45,B,37,89,182,0,1.06
114,46,B,96,140,255,1,1.06
114,47,B,26,81,183,0,1.06
114,48,U,255,243,215,0,1.06
114,49,B,24,77,174,0,1.06
114,50,U,255,231,218,0,1.06
114,51,R,255,87,103,1,1.06
114,52,B,18,73,178,0,1.06
114,53,B,36,67,167,0,1.06
115,0,D,144,122,26,0,0.551
115,1,L,146,72,13,0,0.551
115,2,U,143,126,144,0,0.551
115,3,L,153,65,0,0,0.551
115,4,U,154,117,146,0,0.551
115,5,R,125,18,30,0,0.551
115,6,R,124,19,15,0,0.551
115,7,U,148,127,130,0,0.551
115,8,L,143,66,17,0,0.551
115,9,B,16,53,123,0,0.551
115,10,D,155,124,38,0,0.551
115,11,R,114,26,40,0,0.551
115,12,R,114,25,15,0,0.551
115,13,R,120,23,19,0,0.551
115,14,D,134,122,23,0,0.551
115,15,L,146,64,23,0,0.551
115,16,D,160,125,13,0,0.551
115,17,F,21,88,42,0,0.551
115,18,D,160,123,23,0,0.551
115,19,F,19,72,49,0,0.551
115,20,U,145,146,154,0,0.551
115,21,F,19,86,32,0,0.551
115,22,F,15,87,49,0,0.551
115,23,B,19,45,126,0,0.551
115,24,B,11,42,119,0,0.551
115,25,B,6,28,127,0,0.551
115,26,B,27,51,114,0,0.551
115,27,D,160,134,20,0,0.551
115,28,U,149,146,150,0,0.551
115,29,D,157,117,23,0,0.551
115,30,B,23,38,122,0,0.551
115,31,D,149,113,37,0,0.551
115,32,F,85,152,108,1,0.551
115,33,L,146,55,23,0,0.551
115,34,R,115,23,19,0,0.551
115,35,R,109,10,27,0,0.551
115,36,L,135,69,14,0,0.551
115,37,U,152,130,156,0,0.551
115,38,F,8,76,46,0,0.551
115,39,B,11,48,115,0,0.551
115,40,L,149,56,2,0,0.551
115,41,R,129,16,33,0,0.551
115,42,F,17,71,45,0,0.551
115,43,L,154,72,29,0,0.551
115,44,R,120,16,26,0,0.551
115,45,B,6,45,126,0,0.551
115,46,F,18,79,46,0,0.551
115,47,F,11,95,37,0,0.551
115,48,L,141,60,8,0,0.551
115,49,B,9,37,101,0,0.551
115,50,D,164,124,28,0,0.551
115,51,U,138,134,149,0,0.551
115,52,U,146,121,148,0,0.551
115,53,U,130,131,142,0,0.551
116,0,R,196,26,55,0,1.1
116,1,B,36,67,222,0,1.1
116,2,U,255,211,255,0,1.1
116,3,D,252,197,59,0,1.1
116,4,U,252,231,255,0,1.1
116,5,R,255,97,117,1,1.1
116,6,D,255,206,53,0,1.1
116,7,L,247,92,28,0,1.1
116,8,U,228,220,255,0,1.1
116,9,F,33,120,95,0,1.1
116,10,D,251,191,52,0,1.1
116,11,F,30,145,96,0,1.1
116,12,D,255,255,120,1,1.1
116,13,R,196,31,59,0,1.1
116,14,L,242,108,38,0,1.1
116,15,L,254,91,33,0,1.1
116,16,F,23,151,78,0,1.1
116,17,D,255,193,52,0,1.1
116,18,L,242,118,43,0,1.1
116,19,B,19,72,230,0,1.1
116,20,L,236,96,31,0,1.1
116,21,F,101,209,151,1,1.1
116,22,F,29,144,69,0,1.1
116,23,B,28,70,219,0,1.1
116,24,D,255,215,50,0,1.1
116,25,R,218,22,41,0,1.1
116,26,U,244,216,255,0,1.1
116,27,R,202,28,51,0,1.1
116,28,F,39,143,76,0,1.1
116,29,B,29,76,229,0,1.1
116,30,B,38,69,229,0,1.1
116,31,D,255,219,47,0,1.1
116,32,L,255,108,32,0,1.1
116,33,R,202,35,53,0,1.1
116,34,R,204,34,42,0,1.1
116,35,L,244,96,28,0,1.1
116,36,D,252,200,53,0,1.1
116,37,L,241,102,37,0,1.1
116,38,F,40,142,88,0,1.1
116,39,D,255,195,50,0,1.1
116,40,L,241,101,34,0,1.1
116,41,U,239,226,255,0,1.1
116,42,B,25,70,224,0,1.1
116,43,U,235,222,255,0,1.1
116,44,B,25,58,223,0,1.1
116,45,R,193,18,42,0,1.1
116,46,R,195,29,73,0,1.1
116,47,F,22,129,83,0,1.1
116,48,U,239,215,255,0,1.1
116,49,B,27,67,232,0,1.1
116,50,F,25,150,85,0,1.1
116,51,B,22,64,220,0,1.1
116,52,U,254,220,255,0,1.1
116,53,U,243,234,255,0,1.1
117,0,D,141,133,33,0,0.684
117,1,U,159,146,187,0,0.684
117,2,R,118,15,28,0,0.684
117,3,B,29,47,148,0,0.684
117,4,U,139,154,182,0,0.684
117,5,L,164,64,13,0,0.684
117,6,L,144,66,24,0,0.684
117,7,F,10,107,50,0,0.684
117,8,U,144,147,169,0,0.684
117,9,R,111,28,37,0,0.684
117,10,F,8,94,62,0,0.684
117,11,D,149,141,34,0,0.684
117,12,R,121,18,28,0,0.684
117,13,R,123,7,31,0,0.684
117,14,U,153,142,183,0,0.684
117,15,D,147,119,15,0,0.684
117,16,R,123,24,27,0,0.684
117,17,B,4,44,152,0,0.684
117,18,U,151,141,183,0,0.684
117,19,D,153,138,31,0,0.684
117,20,F,20,96,42,0,0.684
117,21,F,15,98,59,0,0.684
117,22,F,6,96,43,0,0.684
117,23,F,18,93,25,0,0.684
117,24,U,158,147,171,0,0.684
117,25,L,139,63,9,0,0.684
117,26,F,15,98,49,0,0.684
117,27,L,154,65,24,0,0.684
117,28,D,153,143,35,0,0.684
117,29,L,148,81,25,0,0.684
117,30,U,148,166,192,0,0.684
117,31,D,142,122,25,0,0.684
117,32,D,158,147,35,0,0.684
117,33,B,16,53,151,0,0.684
117,34,R,119,21,39,0,0.684
117,35,U,146,147,173,0,0.684
117,36,F,27,102,56,0,0.684
117,37,L,148,71,28,0,0.684
117,38,F,14,106,49,0,0.684
117,39,D,154,144,37,0,0.684
117,40,L,165,68,32,0,0.684
117,41,U,145,146,162,0,0.684
117,42,D,161,151,21,0,0.684
117,43,B,13,43,133,0,0.684
117,44,B,16,48,141,0,0.684
117,45,B,8,46,150,0,0.684
117,46,L,140,70,23,0,0.684
117,47,R,100,22,44,0,0.684
117,48,R,112,30,28,0,0.684
117,49,B,21,44,136,0,0.684
117,50,B,3,64,135,0,0.684
117,51,R,120,30,33,0,0.684
117,52,B,17,30,140,0,0.684
117,53,L,141,57,22,0,0.684
118,0,U,123,114,125,0,0.573
118,1,U,120,127,122,0,0.573
118,2,L,126,64,14,0,0.573
118,3,U,108,125,136,0,0.573
118,4,U,130,116,143,0,0.573
118,5,F,10,81,35,0,0.573
118,6,R,95,27,17,0,0.573
118,7,U,123,118,130,0,0.573
118,8,L,111,58,0,0,0.573
118,9,B,10,44,112,0,0.573
118,10,L,104,48,11,0,0.573
118,11,B,27,32,105,0,0.573
118,12,L,115,59,7,0,0.573
118,13,R,96,19,30,0,0.573
118,14,B,5,43,121,0,0.573
118,15,D,125,116,3,0,0.573
118,16,L,127,71,23,0,0.573
118,17,D,123,117,46,0,0.573
118,18,F,7,74,45,0,0.573
118,19,F,14,60,38,0,0.573
118,20,U,119,113,134,0,0.573
118,21,R,96,1,26,0,0.573
118,22,F,29,91,27,0,0.573
118,23,B,72,106,178,1,0.573
118,24,D,109,104,33,0,0.573
118,25,R,96,24,22,0,0.573
118,26,F,21,73,32,0,0.573
118,27,F,5,62,33,0,0.573
118,28,D,108,107,23,0,0.573
118,29,L,118,59,11,0,0.573
118,30,D,119,119,21,0,0.573
118,31,D,119,91,13,0,0.573
118,32,D,128,103,14,0,0.573
118,33,F,20,67,44,0,0.573
118,34,R,94,10,6,0,0.573
118,35,B,23,21,96,0,0.573
118,36,B,19,26,110,0,0.573
118,37,R,94,13,14,0,0.573
118,38,U,111,123,123,0,0.573
118,39,L,122,58,18,0,0.573
118,40,L,118,61,17,0,0.573
118,41,F,19,80,39,0,0.573
118,42,U,109,107,131,0,0.573
118,43,F,20,69,23,0,0.573
118,44,R,90,18,29,0,0.573
118,45,D,117,101,22,0,0.573
118,46,B,18,35,114,0,0.573
118,47,R,90,22,35,0,0.573
118,48,D,111,103,27,0,0.573
118,49,B,37,40,105,0,0.573
118,50,U,127,120,118,0,0.573
118,51,R,87,26,9,0,0.573
118,52,B,1,42,107,0,0.573
118,53,L,126,48,8,0,0.573
119,0,F,11,72,33,0,0.519
119,1,F,12,89,34,0,0.519
119,2,F,10,86,44,0,0.519
119,3,F,22,84,32,0,0.519
119,4,U,124,118,128,0,0.519
119,5,R,103,29,23,0,0.519
119,6,U,134,139,112,0,0.519
119,7,R,98,14,22,0,0.519
119,8,B,4,45,110,0,0.519
119,9,D,134,123,13,0,0.519
119,10,D,140,113,6,0,0.519
119,11,L,129,63,8,0,0.519
119,12,F,0,73,34,0,0.519
119,13,R,83,24,29,0,0.519
119,14,B,12,47,101,0,0.519
119,15,U,119,134,132,0,0.519
119,16,D,123,106,14,0,0.519
119,17,F,23,80,57,0,0.519
119,18,L,123,65,16,0,0.519
119,19,U,126,135,120,0,0.519
119,20,R,103,7,4,0,0.519
119,21,B,14,29,92,0,0.519
119,22,F,18,81,38,0,0.519
119,23,L,142,62,17,0,0.519
119,24,D,121,124,28,0,0.519
119,25,D,122,123,24,0,0.519
119,26,R,102,17,41,0,0.519
119,27,B,8,36,104,0,0.519
119,28,L,126,46,19,0,0.519
119,29,B,21,52,98,0,0.519
119,30,U,118,134,119,0,0.519
119,31,D,130,114,23,0,0.519
119,32,B,10,44,95,0,0.519
119,33,F,33,88,30,0,0.519
119,34,L,120,59,10,0,0.519
119,35,R,97,27,29,0,0.519
119,36,R,95,21,22,0,0.519
119,37,U,134,123,144,0,0.519
119,38,B,14,54,99,0,0.519
119,39,F,24,81,48,0,0.519
119,40,L,126,52,5,0,0.519
119,41,R,98,21,25,0,0.519
119,42,U,129,137,140,0,0.519
119,43,B,5,46,121,0,0.519
119,44,L,123,56,17,0,0.519
119,45,D,132,113,21,0,0.519
119,46,R,116,24,15,0,0.519
119,47,D,117,109,23,0,0.519
119,48,L,122,53,19,0,0.519
119,49,B,11,35,105,0,0.519
119,50,D,142,120,27,0,0.519
119,51,U,129,141,117,0,0.519
119,52,U,119,125,143,0,0.519
119,53,L,140,51,10,0,0.519
120,0,U,221,248,249,0,1.015
120,1,U,213,234,247,0,1.015
120,2,F,33,146,52,0,1.015
120,3,R,172,17,45,0,1.015
120,4,U,208,253,239,0,1.015
120,5,R,176,37,40,0,1.015
120,6,L,209,123,14,0,1.015
120,7,R,187,27,37,0,1.015
120,8,L,220,119,30,0,1.015
120,9,B,11,67,198,0,1.015
120,10,B,26,73,206,0,1.015
120,11,D,220,234,50,0,1.015
120,12,D,255,255,117,1,1.015
120,13,R,179,37,34,0,1.015
120,14,L,221,129,24,0,1.015
120,15,B,24,72,203,0,1.015
120,16,L,201,129,30,0,1.015
120,17,F,21,160,76,0,1.015
120,18,D,225,232,51,0,1.015
120,19,D,223,232,53,0,1.015
120,20,U,222,243,248,0,1.015
120,21,B,39,71,199,0,1.015
120,22,F,27,165,64,0,1.015
120,23,B,23,89,201,0,1.015
120,24,F,18,164,68,0,1.015
120,25,F,35,145,68,0,1.015
120,26,U,225,238,236,0,1.015
120,27,D,225,227,39,0,1.015
120,28,R,178,21,35,0,1.015
120,29,R,189,27,45,0,1.015
120,30,U,217,255,245,0,1.015
120,31,D,225,236,44,0,1.015
120,32,F,10,153,78,0,1.015
120,33,B,32,72,183,0,1.015
120,34,D,216,243,51,0,1.015
120,35,R,185,19,31,0,1.015
120,36,F,19,147,68,0,1.015
120,37,U,208,251,240,0,1.015
120,38,B,19,79,199,0,1.015
120,39,U,218,245,242,0,1.015
120,40,L,202,101,21,0,1.015
120,41,L,218,130,29,0,1.015
120,42,R,168,28,31,0,1.015
120,43,L,217,115,26,0,1.015
120,44,L,219,124,31,0,1.015
120,45,R,166,38,33,0,1.015
120,46,F,26,159,80,0,1.015
120,47,L,216,115,24,0,1.015
120,48,D,228,229,39,0,1.015
120,49,B,30,90,209,0,1.015
120,50,B,35,70,195,0,1.015
120,51,U,218,234,255,0,1.015
120,52,F,12,161,57,0,1.015
120,53,D,223,233,45,0,1.015
121,0,D,247,198,51,0,0.97
121,1,D,254,204,51,0,0.97
121,2,F,7,144,81,0,0.97
121,3,L,255,110,22,0,0.97
121,4,U,255,237,250,0,0.97
121,5,R,196,27,40,0,0.97
121,6,B,11,48,196,0,0.97
121,7,D,249,207,39,0,0.97
121,8,R,203,39,67,0,0.97
121,9,B,34,59,214,0,0.97
121,10,B,27,69,214,0,0.97
121,11,R,207,18,35,0,0.97
121,12,B,29,72,223,0,0.97
121,13,R,206,26,40,0,0.97
121,14,F,91,202,130,1,0.97
121,15,D,250,204,38,0,0.97
121,16,B,27,64,205,0,0.97
121,17,D,251,206,44,0,0.97
121,18,U,228,224,255,0,0.97
121,19,L,244,105,22,0,0.97
121,20,D,255,197,49,0,0.97
121,21,D,255,192,38,0,0.97
121,22,F,32,145,72,0,0.97
121,23,L,240,99,29,0,0.97
121,24,U,251,222,249,0,0.97
121,25,F,25,138,62,0,0.97
121,26,R,193,22,32,0,0.97
121,27,F,30,148,78,0,0.97
121,28,U,243,216,255,0,0.97
121,29,F,23,139,68,0,0.97
121,30,R,189,38,32,0,0.97
121,31,D,242,210,35,0,0.97
121,32,U,255,225,255,0,0.97
121,33,U,246,211,246,0,0.97
121,34,U,250,221,246,0,0.97
121,35,F,18,135,70,0,0.97
121,36,B,30,73,203,0,0.97
121,37,F,38,147,82,0,0.97
121,38,L,242,109,36,0,0.97
121,39,R,187,36,47,0,0.97
121,40,L,255,105,36,0,0.97
121,41,R,198,24,49,0,0.97
121,42,R,207,18,53,0,0.97
121,43,F,36,150,65,0,0.97
121,44,L,255,178,104,1,0.97
121,45,U,248,219,250,0,0.97
121,46,B,22,73,200,0,0.97
121,47,L,244,107,25,0,0.97
121,48,D,238,198,41,0,0.97
121,49,B,39,71,199,0,0.97
121,50,U,255,255,255,1,0.97
121,51,L,243,107,16,0,0.97
121,52,L,251,113,7,0,0.97
121,53,B,26,68,210,0,0.97
122,0,F,30,152,70,0,1.179
122,1,U,255,239,255,0,1.179
122,2,R,230,38,37,0,1.179
122,3,R,218,39,34,0,1.179
122,4,U,255,228,255,0,1.179
122,5,B,39,67,195,0,1.179
122,6,F,13,152,77,0,1.179
122,7,D,255,216,58,0,1.179
122,8,L,255,115,24,0,1.179
122,9,U,255,255,249,0,1.179
122,10,R,209,32,57,0,1.179
122,11,F,38,148,71,0,1.179
122,12,L,255,117,19,0,1.179
122,13,R,218,26,36,0,1.179
122,14,L,255,123,24,0,1.179
122,15,U,255,252,243,0,1.179
122,16,B,26,64,211,0,1.179
122,17,R,223,31,39,0,1.179
122,18,D,255,226,36,0,1.179
122,19,F,25,139,59,0,1.179
122,20,F,25,148,56,0,1.179
122,21,D,255,217,21,0,1.179
122,22,F,34,150,57,0,1.179
122,23,D,255,222,42,0,1.179
122,24,L,255,112,31,0,1.179
122,25,D,255,214,45,0,1.179
122,26,B,29,63,196,0,1.179
122,27,D,255,218,29,0,1.179
122,28,R,209,19,41,0,1.179
122,29,L,255,119,35,0,1.179
122,30,U,255,251,248,0,1.179
122,31,D,255,226,32,0,1.179
122,32,U,255,229,255,0,1.179
122,33,U,255,240,243,0,1.179
122,34,U,255,241,239,0,1.179
122,35,D,255,211,52,0,1.179
122,36,U,255,231,243,0,1.179
122,37,F,22,151,54,0,1.179
122,38,L,255,112,29,0,1.179
122,39,L,255,121,13,0,1.179
122,40,L,255,108,26,0,1.179
122,41,B,27,82,198,0,1.179
122,42,R,215,50,42,0,1.179
122,43,R,221,37,37,0,1.179
122,44,B,27,78,189,0,1.179
122,45,D,255,255,126,1,1.179
122,46,L,255,111,34,0,1.179
122,47,R,210,25,35,0,1.179
122,48,F,13,129,65,0,1.179
122,49,B,36,76,208,0,1.179
122,50,B,8,70,209,0,1.179
122,51,B,22,61,201,0,1.179
122,52,F,29,157,68,0,1.179
122,53,B,39,76,200,0,1.179
123,0,R,110,23,16,0,0.581
123,1,B,22,51,110,0,0.581
123,2,B,5,45,105,0,0.581
123,3,D,149,117,17,0,0.581
123,4,U,139,152,122,0,0.581
123,5,F,22,91,50,0,0.581
123,6,F,17,78,33,0,0.581
123,7,U,141,151,132,0,0.581
123,8,F,12,80,35,0,0.581
123,9,R,112,28,29,0,0.581
123,10,R,102,0,18,0,0.581
123,11,L,142,59,9,0,0.581
123,12,R,122,24,8,0,0.581
123,13,R,115,19,20,0,0.581
123,14,F,19,95,54,0,0.581
123,15,R,115,12,18,0,0.581
123,16,B,20,57,107,0,0.581
123,17,D,147,132,18,0,0.581
123,18,U,140,132,132,0,0.581
123,19,L,143,68,7,0,0.581
123,20,D,140,125,24,0,0.581
123,21,F,13,93,42,0,0.581
123,22,F,25,82,32,0,0.581
123,23,U,131,151,120,0,0.581
123,24,L,150,62,21,0,0.581
123,25,D,138,128,22,0,0.581
123,26,B,16,41,108,0,0.581
123,27,U,149,148,123,0,0.581
123,28,L,125,67,0,0,0.581
123,29,U,145,146,117,0,0.581
123,30,U,144,136,136,0,0.581
123,31,D,136,123,16,0,0.581
123,32,L,141,58,31,0,0.581
123,33,L,137,80,11,0,0.581
123,34,D,140,124,16,0,0.581
123,35,L,143,76,14,0,0.581
123,36,B,8,44,96,0,0.581
123,37,R,92,19,8,0,0.581
123,38,R,108,18,18,0,0.581
123,39,B,13,54,110,0,0.581
123,40,L,151,68,15,0,0.581
123,41,D,156,125,24,0,0.581
123,42,D,144,132,26,0,0.581
123,43,F,16,97,28,0,0.581
123,44,F,19,82,43,0,0.581
123,45,U,147,140,123,0,0.581
123,46,R,113,22,10,0,0.581
123,47,D,135,137,20,0,0.581
123,48,L,129,49,10,0,0.581
123,49,B,1,43,102,0,0.581
123,50,U,154,132,131,0,0.581
123,51,B,5,34,101,0,0.581
123,52,B,8,56,102,0,0.581
123,53,F,9,108,29,0,0.581
124,0,R,176,29,38,0,0.986
124,1,D,231,228,34,0,0.986
124,2,D,255,255,103,1,0.986
124,3,R,169,27,37,0,0.986
124,4,U,224,245,255,0,0.986
124,5,U,224,232,254,0,0.986
124,6,L,255,186,97,1,0.986
124,7,R,183,28,35,0,0.986
124,8,L,255,178,84,1,0.986
124,9,B,30,74,215,0,0.986
124,10,L,218,123,31,0,0.986
124,11,B,31,66,207,0,0.986
124,12,F,33,152,72,0,0.986
124,13,R,190,39,46,0,0.986
124,14,D,241,207,43,0,0.986
124,15,R,175,42,56,0,0.986
124,16,L,218,113,34,0,0.986
124,17,L,225,114,35,0,0.986
124,18,F,38,153,63,0,0.986
124,19,F,22,152,69,0,0.986
124,20,U,227,245,255,0,0.986
124,21,U,225,241,251,0,0.986
124,22,F,21,146,74,0,0.986
124,23,L,255,181,101,1,0.986
124,24,R,177,38,52,0,0.986
124,25,L,214,122,25,0,0.986
124,26,B,18,69,200,0,0.986
124,27,F,26,162,60,0,0.986
124,28,D,229,223,49,0,0.986
124,29,U,255,255,255,1,0.986
124,30,U,228,241,255,0,0.986
124,31,D,228,217,44,0,0.986
124,32,B,28,79,195,0,0.986
124,33,L,212,99,23,0,0.986
124,34,F,18,154,69,0,0.986
124,35,F,33,148,66,0,0.986
124,36,D,220,216,45,0,0.986
124,37,D,222,212,33,0,0.986
124,38,D,227,214,36,0,0.986
124,39,B,21,73,225,0,0.986
124,40,L,234,105,24,0,0.986
124,41,R,164,15,30,0,0.986
124,42,B,30,70,198,0,0.986
124,43,B,18,67,204,0,0.986
124,44,U,255,255,255,1,0.986
124,45,R,181,34,27,0,0.986
124,46,F,25,143,67,0,0.986
124,47,F,11,158,95,0,0.986
124,48,B,31,69,196,0,0.986
124,49,B,30,80,201,0,0.986
124,50,R,186,16,34,0,0.986
124,51,U,222,228,255,0,0.986
124,52,U,255,255,255,1,0.986
124,53,D,238,223,54,0,0.986
125,0,F,30,97,58,0,0.712
125,1,L,190,78,22,0,0.712
125,2,L,184,78,8,0,0.712
125,3,B,16,46,131,0,0.712
125,4,U,185,167,151,0,0.712
125,5,F,29,86,35,0,0.712
125,6,R,154,18,31,0,0.712
125,7,B,31,55,111,0,0.712
125,8,F,18,96,46,0,0.712
125,9,D,193,148,30,0,0.712
125,10,U,180,179,153,0,0.712
125,11,U,183,169,160,0,0.712
125,12,R,152,21,26,0,0.712
125,13,R,151,25,23,0,0.712
125,14,D,181,148,29,0,0.712
125,15,R,143,13,23,0,0.712
125,16,R,143,26,22,0,0.712
125,17,F,16,119,45,0,0.712
125,18,U,174,173,149,0,0.712
125,19,U,175,169,141,0,0.712
125,20,L,181,81,22,0,0.712
125,21,D,181,147,25,0,0.712
125,22,F,29,91,48,0,0.712
125,23,U,184,175,143,0,0.712
125,24,D,194,144,28,0,0.712
125,25,B,16,30,122,0,0.712
125,26,U,185,171,147,0,0.712
125,27,B,10,54,120,0,0.712
125,28,D,193,161,24,0,0.712
125,29,F,18,99,27,0,0.712
125,30,F,19,110,50,0,0.712
125,31,D,185,164,22,0,0.712
125,32,B,19,45,119,0,0.712
125,33,D,183,145,23,0,0.712
125,34,D,188,151,18,0,0.712
125,35,U,185,158,155,0,0.712
125,36,R,147,6,18,0,0.712
125,37,L,189,72,11,0,0.712
125,38,B,16,50,127,0,0.712
125,39,L,179,90,12,0,0.712
125,40,L,178,76,18,0,0.712
125,41,F,31,123,40,0,0.712
125,42,B,18,54,122,0,0.712
125,43,R,153,13,32,0,0.712
125,44,L,165,81,21,0,0.712
125,45,B,38,42,128,0,0.712
125,46,U,187,157,154,0,0.712
125,47,D,179,142,14,0,0.712
125,48,L,180,69,0,0,0.712
125,49,B,22,36,128,0,0.712
125,50,F,21,99,30,0,0.712
125,51,L,175,67,13,0,0.712
125,52,R,144,40,10,0,0.712
125,53,R,142,25,34,0,0.712
126,0,D,185,174,34,0,0.738
126,1,R,116,24,34,0,0.738
126,2,F,24,116,39,0,0.738
126,3,R,121,20,17,0,0.738
126,4,U,173,192,168,0,0.738
126,5,U,170,196,177,0,0.738
126,6,D,183,171,38,0,0.738
126,7,L,177,103,21,0,0.738
126,8,U,157,195,144,0,0.738
126,9,L,160,87,27,0,0.738
126,10,F,18,128,51,0,0.738
126,11,D,167,190,29,0,0.738
126,12,B,11,55,130,0,0.738
126,13,R,143,36,25,0,0.738
126,14,D,242,255,123,1,0.738
126,15,U,185,200,160,0,0.738
126,16,U,176,201,157,0,0.738
126,17,U,181,218,157,0,0.738
126,18,L,164,89,7,0,0.738
126,19,U,177,187,168,0,0.738
126,20,B,21,65,120,0,0.738
126,21,L,172,95,24,0,0.738
126,22,F,21,122,54,0,0.738
126,23,U,181,209,157,0,0.738
126,24,U,175,191,162,0,0.738
126,25,D,180,170,50,0,0.738
126,26,L,180,87,13,0,0.738
126,27,B,18,58,122,0,0.738
126,28,L,170,81,12,0,0.738
126,29,F,32,126,42,0,0.738
126,30,D,187,184,33,0,0.738
126,31,D,170,190,25,0,0.738
126,32,R,145,30,41,0,0.738
126,33,B,26,59,124,0,0.738
126,34,B,16,54,144,0,0.738
126,35,F,15,108,48,0,0.738
126,36,R,144,18,33,0,0.738
126,37,D,164,183,26,0,0.738
126,38,F,21,130,40,0,0.738
126,39,B,24,55,133,0,0.738
126,40,L,182,85,18,0,0.738
126,41,F,31,137,40,0,0.738
126,42,D,169,186,23,0,0.738
126,43,F,19,116,50,0,0.738
126,44,R,125,26,33,0,0.738
126,45,R,133,13,18,0,0.738
126,46,F,3,141,30,0,0.738
126,47,B,8,62,132,0,0.738
126,48,B,26,69,136,0,0.738
126,49,B,18,55,130,0,0.738
126,50,R,145,30,33,0,0.738
126,51,R,125,19,22,0,0.738
126,52,L,166,84,23,0,0.738
126,53,L,179,107,13,0,0.738
127,0,L,219,118,23,0,1.018
127,1,F,17,167,43,0,1.018
127,2,R,174,17,41,0,1.018
127,3,U,209,242,213,0,1.018
127,4,U,212,253,210,0,1.018
127,5,U,236,241,207,0,1.018
127,6,F,28,161,63,0,1.018
127,7,U,218,255,216,0,1.018
127,8,B,34,64,174,0,1.018
127,9,U,218,254,206,0,1.018
127,10,L,227,107,30,0,1.018
127,11,D,229,215,39,0,1.018
127,12,F,8,165,46,0,1.018
127,13,R,178,30,23,0,1.018
127,14,D,210,234,32,0,1.018
127,15,R,187,32,58,0,1.018
127,16,F,25,174,62,0,1.018
127,17,D,226,234,30,0,1.018
127,18,U,215,255,212,0,1.018
127,19,B,14,79,166,0,1.018
127,20,L,221,127,33,0,1.018
127,21,D,240,239,42,0,1.018
127,22,F,28,163,59,0,1.018
127,23,U,239,251,227,0,1.018
127,24,L,255,198,70,1,1.018
127,25,L,222,113,36,0,1.018
127,26,B,36,70,172,0,1.018
127,27,F,31,163,60,0,1.018
127,28,F,32,150,72,0,1.018
127,29,U,224,228,206,0,1.018
127,30,R,178,51,37,0,1.018
127,31,D,213,241,40,0,1.018
127,32,D,226,239,34,0,1.018
127,33,F,23,169,63,0,1.018
127,34,R,187,30,51,0,1.018
127,35,L,210,107,28,0,1.018
127,36,U,219,254,214,0,1.018
127,37,R,178,24,40,0,1.018
127,38,R,190,26,52,0,1.018
127,39,B,37,69,180,0,1.018
127,40,L,212,118,15,0,1.018
127,41,L,217,104,22,0,1.018
127,42,D,218,224,22,0,1.018
127,43,D,226,246,34,0,1.018
127,44,D,225,222,34,0,1.018
127,45,B,18,63,166,0,1.018
127,46,R,175,36,35,0,1.018
127,47,F,27,172,67,0,1.018
127,48,B,21,62,172,0,1.018
127,49,B,25,84,174,0,1.018
127,50,L,243,116,29,0,1.018
127,51,B,17,68,171,0,1.018
127,52,B,26,81,148,0,1.018
127,53,R,188,45,48,0,1.018
128,0,F,27,103,45,0,0.697
128,1,D,196,141,31,0,0.697
128,2,R,151,20,40,0,0.697
128,3,U,176,155,146,0,0.697
128,4,U,176,174,133,0,0.697
128,5,B,9,51,124,0,0.697
128,6,D,176,159,10,0,0.697
128,7,F,28,97,37,0,0.697
128,8,B,34,48,113,0,0.697
128,9,U,183,178,146,0,0.697
128,10,L,175,78,6,0,0.697
128,11,U,176,158,151,0,0.697
128,12,U,177,166,155,0,0.697
128,13,R,159,8,25,0,0.697
128,14,L,172,81,18,0,0.697
128,15,U,181,158,138,0,0.697
128,16,F,6,112,39,0,0.697
128,17,F,20,106,47,0,0.697
128,18,R,162,20,30,0,0.697
128,19,D,172,146,20,0,0.697
128,20,L,176,86,17,0,0.697
128,21,U,182,163,144,0,0.697
128,22,F,18,99,36,0,0.697
128,23,R,143,20,10,0,0.697
128,24,B,20,48,121,0,0.697
128,25,R,138,14,32,0,0.697
128,26,R,141,25,20,0,0.697
128,27,L,172,65,11,0,0.697
128,28,B,16,39,129,0,0.697
128,29,B,20,42,130,0,0.697
128,30,L,188,70,8,0,0.697
128,31,D,183,155,14,0,0.697
128,32,R,156,18,32,0,0.697
128,33,F,19,108,46,0,0.697
128,34,U,191,157,161,0,0.697
128,35,U,171,165,151,0,0.697
128,36,D,185,156,12,0,0.697
128,37,B,19,57,118,0,0.697
128,38,B,11,50,120,0,0.697
128,39,R,139,32,21,0,0.697
128,40,L,173,77,11,0,0.697
128,41,F,18,106,37,0,0.697
128,42,D,255,221,105,1,0.697
128,43,D,177,149,27,0,0.697
128,44,D,187,132,17,0,0.697
128,45,F,22,109,41,0,0.697
128,46,B,21,58,115,0,0.697
128,47,L,175,88,21,0,0.697
128,48,F,18,98,53,0,0.697
128,49,B,18,42,128,0,0.697
128,50,D,173,148,30,0,0.697
128,51,L,179,72,19,0,0.697
128,52,L,172,75,22,0,0.697
128,53,R,138,32,24,0,0.697
129,0,L,205,95,24,0,0.845
129,1,R,163,29,41,0,0.845
129,2,D,220,180,42,0,0.845
129,3,R,163,30,32,0,0.845
129,4,U,208,205,185,0,0.845
129,5,D,218,188,31,0,0.845
129,6,D,217,201,34,0,0.845
129,7,U,208,214,178,0,0.845
129,8,D,213,190,28,0,0.845
129,9,B,4,49,149,0,0.845
129,10,B,28,66,147,0,0.845
129,11,F,20,139,47,0,0.845
129,12,R,167,39,20,0,0.845
129,13,R,162,25,16,0,0.845
129,14,U,197,218,184,0,0.845
129,15,L,205,109,12,0,0.845
129,16,L,221,98,15,0,0.845
129,17,B,31,67,147,0,0.845
129,18,R,166,13,15,0,0.845
129,19,F,22,142,44,0,0.845
129,20,L,206,86,8,0,0.845
129,21,F,22,140,56,0,0.845
129,22,F,32,128,49,0,0.845
129,23,U,212,202,178,0,0.845
129,24,U,206,210,187,0,0.845
129,25,R,240,94,83,1,0.845
129,26,F,28,142,54,0,0.845
129,27,R,169,31,40,0,0.845
129,28,F,88,203,112,1,0.845
129,29,U,204,203,174,0,0.845
129,30,B,6,62,154,0,0.845
129,31,D,186,202,30,0,0.845
129,32,D,205,194,29,0,0.845
129,33,F,21,145,51,0,0.845
129,34,L,208,96,18,0,0.845
129,35,U,198,209,174,0,0.845
129,36,B,31,61,151,0,0.845
129,37,B,32,71,140,0,0.845
129,38,B,35,48,157,0,0.845
129,39,F,2,127,49,0,0.845
129,40,L,200,82,7,0,0.845
129,41,D,212,178,36,0,0.845
129,42,D,219,202,33,0,0.845
129,43,L,205,95,41,0,0.845
129,44,F,31,139,52,0,0.845
129,45,L,214,83,26,0,0.845
129,46,D,255,244,109,1,0.845
129,47,U,199,213,174,0,0.845
129,48,B,19,75,148,0,0.845
129,49,B,25,50,152,0,0.845
129,50,L,200,102,11,0,0.845
129,51,R,169,31,19,0,0.845
129,52,U,208,203,190,0,0.845
129,53,R,169,27,55,0,0.845
130,0,L,233,98,28,0,0.979
130,1,R,186,38,26,0,0.979
130,2,D,247,193,31,0,0.979
130,3,D,226,195,49,0,0.979
130,4,U,228,207,196,0,0.979
130,5,F,26,145,52,0,0.979
130,6,D,233,220,33,0,0.979
130,7,R,184,18,41,0,0.979
130,8,D,228,212,43,0,0.979
130,9,R,190,24,31,0,0.979
130,10,D,229,198,31,0,0.979
130,11,L,222,102,21,0,0.979
130,12,F,21,145,63,0,0.979
130,13,R,179,45,37,0,0.979
130,14,L,236,116,10,0,0.979
130,15,F,28,145,64,0,0.979
130,16,L,233,109,9,0,0.979
130,17,L,219,106,5,0,0.979
130,18,L,222,100,24,0,0.979
130,19,B,31,66,153,0,0.979
130,20,B,17,68,164,0,0.979
130,21,F,27,139,55,0,0.979
130,22,F,13,137,61,0,0.979
130,23,U,218,219,203,0,0.979
130,24,R,255,97,102,1,0.979
130,25,B,15,56,147,0,0.979
130,26,D,217,203,34,0,0.979
130,27,U,229,203,181,0,0.979
130,28,U,213,228,206,0,0.979
130,29,R,173,28,35,0,0.979
130,30,U,219,211,205,0,0.979
130,31,D,237,204,36,0,0.979
130,32,F,25,142,53,0,0.979
130,33,F,38,140,59,0,0.979
130,34,B,24,59,159,0,0.979
130,35,F,22,131,61,0,0.979
130,36,B,40,67,159,0,0.979
130,37,L,221,90,26,0,0.979
130,38,F,29,132,55,0,0.979
130,39,R,177,39,35,0,0.979
130,40,L,230,115,4,0,0.979
130,41,R,187,30,32,0,0.979
130,42,R,184,38,29,0,0.979
130,43,L,222,115,29,0,0.979
130,44,B,28,71,160,0,0.979
130,45,B,22,64,162,0,0.979
130,46,D,228,185,33,0,0.979
130,47,U,229,215,203,0,0.979
130,48,B,27,72,161,0,0.979
130,49,B,23,69,167,0,0.979
130,50,U,224,209,208,0,0.979
130,51,U,223,219,194,0,0.979
130,52,D,234,209,47,0,0.979
130,53,U,217,205,171,0,0.979
131,0,R,186,38,36,0,0.833
131,1,U,222,204,192,0,0.833
131,2,B,30,70,171,0,0.833
131,3,B,30,55,159,0,0.833
131,4,U,217,213,209,0,0.833
131,5,B,24,59,163,0,0.833
131,6,D,224,185,38,0,0.833
131,7,D,232,181,15,0,0.833
131,8,U,223,187,186,0,0.833
131,9,F,42,123,54,0,0.833
131,10,U,222,191,212,0,0.833
131,11,D,214,185,30,0,0.833
131,12,B,34,66,162,0,0.833
131,13,R,169,32,42,0,0.833
131,14,L,229,90,26,0,0.833
131,15,B,18,61,164,0,0.833
131,16,F,22,119,54,0,0.833
131,17,B,17,50,169,0,0.833
131,18,L,223,89,17,0,0.833
131,19,L,227,90,16,0,0.833
131,20,L,226,94,14,0,0.833
131,21,B,16,69,159,0,0.833
131,22,F,34,131,55,0,0.833
131,23,L,222,105,16,0,0.833
131,24,F,21,120,54,0,0.833
131,25,F,17,127,45,0,0.833
131,26,L,255,165,93,1,0.833
131,27,U,219,208,215,0,0.833
131,28,U,223,192,204,0,0.833
131,29,U,222,199,204,0,0.833
131,30,D,218,187,26,0,0.833
131,31,D,219,178,46,0,0.833
131,32,R,176,29,27,0,0.833
131,33,D,234,183,43,0,0.833
131,34,R,182,25,19,0,0.833
131,35,U,226,204,200,0,0.833
131,36,D,230,185,41,0,0.833
131,37,D,222,180,37,0,0.833
131,38,F,26,119,40,0,0.833
131,39,F,27,132,68,0,0.833
131,40,L,227,86,25,0,0.833
131,41,R,180,20,23,0,0.833
131,42,B,10,53,158,0,0.833
131,43,F,24,126,57,0,0.833
131,44,R,196,25,45,0,0.833
131,45,L,218,87,17,0,0.833
131,46,R,167,38,36,0,0.833
131,47,F,30,140,59,0,0.833
131,48,U,237,179,209,0,0.833
131,49,B,26,55,169,0,0.833
131,50,L,224,87,6,0,0.833
131,51,R,195,5,35,0,0.833
131,52,D,241,186,29,0,0.833
131,53,R,179,20,36,0,0.833
132,0,R,156,16,17,0,0.787
132,1,D,207,176,20,0,0.787
132,2,L,212,88,8,0,0.787
132,3,B,13,67,132,0,0.787
132,4,U,192,185,165,0,0.787
132,5,D,198,186,41,0,0.787
132,6,L,197,72,5,0,0.787
132,7,U,186,200,170,0,0.787
132,8,D,202,172,11,0,0.787
132,9,L,200,87,0,0,0.787
132,10,B,13,57,128,0,0.787
132,11,F,11,137,38,0,0.787
132,12,R,159,27,26,0,0.787
132,13,R,175,15,49,0,0.787
132,14,B,13,58,140,0,0.787
132,15,D,255,255,96,1,0.787
132,16,D,194,195,41,0,0.787
132,17,U,255,255,244,1,0.787
132,18,D,199,177,19,0,0.787
132,19,B,24,38,133,0,0.787
132,20,F,24,116,60,0,0.787
132,21,F,34,121,46,0,0.787
132,22,F,19,125,43,0,0.787
132,23,U,197,216,171,0,0.787
132,24,L,194,96,13,0,0.787
132,25,R,161,22,21,0,0.787
132,26,R,162,11,25,0,0.787
132,27,B,17,59,125,0,0.787
132,28,D,190,184,34,0,0.787
132,29,F,20,128,40,0,0.787
132,30,U,194,181,175,0,0.787
132,31,D,205,185,21,0,0.787
132,32,F,31,124,58,0,0.787
132,33,R,154,20,27,0,0.787
132,34,R,221,95,103,1,0.787
132,35,F,18,126,47,0,0.787
132,36,U,196,203,174,0,0.787
132,37,L,198,97,24,0,0.787
132,38,B,21,69,141,0,0.787
132,39,U,200,201,159,0,0.787
132,40,L,190,95,21,0,0.787
132,41,L,193,107,8,0,0.787
132,42,D,184,184,24,0,0.787
132,43,F,21,135,68,0,0.787
132,44,U,183,194,170,0,0.787
132,45,U,182,197,180,0,0.787
132,46,L,193,95,27,0,0.787
132,47,B,7,61,137,0,0.787
132,48,R,158,18,26,0,0.787
132,49,B,20,66,132,0,0.787
132,50,L,198,78,21,0,0.787
132,51,R,162,19,27,0,0.787
132,52,F,21,132,56,0,0.787
132,53,B,22,59,136,0,0.787
133,0,B,29,86,255,0,1.185
133,1,U,249,255,255,0,1.185
133,2,L,247,122,29,0,1.185
133,3,U,255,255,255,0,1.185
133,4,U,244,255,255,0,1.185
133,5,B,37,84,248,0,1.185
133,6,F,27,167,83,0,1.185
133,7,L,246,124,34,0,1.185
133,8,U,255,255,255,0,1.185
133,9,R,206,34,52,0,1.185
133,10,R,203,35,52,0,1.185
133,11,F,33,175,81,0,1.185
133,12,U,253,255,255,0,1.185
133,13,R,203,34,59,0,1.185
133,14,D,255,242,53,0,1.185
133,15,D,255,239,59,0,1.185
133,16,F,25,200,92,0,1.185
133,17,F,27,171,76,0,1.185
133,18,R,201,50,57,0,1.185
133,19,B,25,80,255,0,1.185
133,20,F,20,173,91,0,1.185
133,21,B,16,78,235,0,1.185
133,22,F,14,178,97,0,1.185
133,23,R,219,25,53,0,1.185
133,24,L,251,134,36,0,1.185
133,25,D,255,251,50,0,1.185
133,26,B,34,78,255,0,1.185
133,27,B,28,82,247,0,1.185
133,28,L,242,114,37,0,1.185
133,29,R,189,45,51,0,1.185
133,30,D,249,249,44,0,1.185
133,31,D,255,244,63,0,1.185
133,32,L,255,133,30,0,1.185
133,33,B,37,80,255,0,1.185
133,34,R,208,36,44,0,1.185
133,35,L,255,114,37,0,1.185
133,36,L,253,127,25,0,1.185
133,37,B,35,79,255,0,1.185
133,38,D,253,241,54,0,1.185
133,39,U,255,255,255,0,1.185
133,40,L,250,124,30,0,1.185
133,41,D,255,252,54,0,1.185
133,42,U,255,255,255,0,1.185
133,43,R,199,40,70,0,1.185
133,44,U,235,255,255,0,1.185
133,45,U,247,255,255,0,1.185
133,46,F,17,168,90,0,1.185
133,47,D,252,251,56,0,1.185
133,48,F,25,175,85,0,1.185
133,49,B,29,73,255,0,1.185
133,50,L,251,135,50,0,1.185
133,51,D,255,255,125,1,1.185
133,52,F,27,174,81,0,1.185
133,53,R,191,37,54,0,1.185
134,0,B,40,87,176,0,0.993
134,1,D,255,232,48,0,0.993
134,2,F,29,158,50,0,0.993
134,3,B,46,68,191,0,0.993
134,4,U,255,240,237,0,0.993
134,5,L,255,115,26,0,0.993
134,6,U,255,255,237,0,0.993
134,7,R,209,24,35,0,0.993
134,8,L,247,106,23,0,0.993
134,9,B,23,67,193,0,0.993
134,10,B,31,80,185,0,0.993
134,11,D,255,219,41,0,0.993
134,12,F,15,151,68,0,0.993
134,13,R,223,31,31,0,0.993
134,14,L,255,110,24,0,0.993
134,15,F,21,172,75,0,0.993
134,16,D,255,217,39,0,0.993
134,17,F,33,167,63,0,0.993
134,18,R,207,34,41,0,0.993
134,19,U,255,245,229,0,0.993
134,20,U,255,249,239,0,0.993
134,21,B,36,67,182,0,0.993
134,22,F,34,155,61,0,0.993
134,23,U,255,227,226,0,0.993
134,24,L,255,115,38,0,0.993
134,25,R,215,29,41,0,0.993
134,26,L,255,119,44,0,0.993
134,27,D,255,224,39,0,0.993
134,28,D,255,231,39,0,0.993
134,29,D,255,224,41,0,0.993
134,30,F,22,166,59,0,0.993
134,31,D,255,232,38,0,0.993
134,32,B,30,61,176,0,0.993
134,33,R,208,30,38,0,0.993
134,34,R,227,43,40,0,0.993
134,35,U,255,255,231,0,0.993
134,36,D,255,222,39,0,0.993
134,37,R,214,26,42,0,0.993
134,38,F,22,157,67,0,0.993
134,39,D,255,211,40,0,0.993
134,40,L,255,113,31,0,0.993
134,41,U,255,251,228,0,0.993
134,42,B,27,72,179,0,0.993
134,43,L,255,108,17,0,0.993
134,44,B,18,82,182,0,0.993
134,45,R,209,38,36,0,0.993
134,46,F,31,156,67,0,0.993
134,47,R,218,15,50,0,0.993
134,48,U,255,236,238,0,0.993
134,49,B,27,74,196,0,0.993
134,50,L,255,123,40,0,0.993
134,51,L,255,111,15,0,0.993
134,52,F,35,145,61,0,0.993
134,53,U,255,242,241,0,0.993
135,0,F,22,111,63,0,0.763
135,1,F,17,122,71,0,0.763
135,2,R,149,21,43,0,0.763
135,3,U,170,167,194,0,0.763
135,4,U,173,176,204,0,0.763
135,5,U,185,176,209,0,0.763
135,6,L,193,92,20,0,0.763
135,7,F,20,124,59,0,0.763
135,8,U,195,173,202,0,0.763
135,9,B,15,52,167,0,0.763
135,10,B,16,67,152,0,0.763
135,11,D,196,153,37,0,0.763
135,12,B,14,53,164,0,0.763
135,13,R,144,13,29,0,0.763
135,14,U,255,253,255,1,0.763
135,15,L,172,86,18,0,0.763
135,16,F,20,115,62,0,0.763
135,17,L,188,82,33,0,0.763
135,18,F,22,113,65,0,0.763
135,19,D,181,154,45,0,0.763
135,20,R,148,9,40,0,0.763
135,21,L,194,77,12,0,0.763
135,22,F,19,115,51,0,0.763
135,23,R,143,26,38,0,0.763
135,24,L,173,74,19,0,0.763
135,25,U,180,178,206,0,0.763
135,26,F,34,115,63,0,0.763
135,27,D,177,156,42,0,0.763
135,28,R,139,33,38,0,0.763
135,29,U,186,175,193,0,0.763
135,30,D,181,157,31,0,0.763
135,31,D,198,154,30,0,0.763
135,32,L,172,84,21,0,0.763
135,33,U,193,191,206,0,0.763
135,34,D,183,163,36,0,0.763
135,35,U,185,168,205,0,0.763
135,36,R,140,22,32,0,0.763
135,37,L,236,157,107,1,0.763
135,38,D,186,157,41,0,0.763
135,39,B,10,53,165,0,0.763
135,40,L,181,82,15,0,0.763
135,41,B,15,57,157,0,0.763
135,42,F,15,107,60,0,0.763
135,43,R,147,16,37,0,0.763
135,44,B,4,38,165,0,0.763
135,45,B,34,49,166,0,0.763
135,46,R,139,23,36,0,0.763
135,47,D,193,156,49,0,0.763
135,48,F,12,124,48,0,0.763
135,49,B,26,63,180,0,0.763
135,50,D,188,149,41,0,0.763
135,51,B,14,44,159,0,0.763
135,52,L,178,88,23,0,0.763
135,53,R,155,29,31,0,0.763
136,0,U,214,255,212,0,0.99
136,1,B,23,72,153,0,0.99
136,2,U,205,249,200,0,0.99
136,3,F,12,156,53,0,0.99
136,4,U,204,244,201,0,0.99
136,5,B,15,78,152,0,0.99
136,6,B,24,66,169,0,0.99
136,7,R,174,42,27,0,0.99
136,8,B,12,64,159,0,0.99
136,9,L,216,122,26,0,0.99
136,10,D,204,236,39,0,0.99
136,11,F,18,139,49,0,0.99
136,12,L,207,128,23,0,0.99
136,13,R,168,44,45,0,0.99
136,14,L,211,121,31,0,0.99
136,15,R,163,35,30,0,0.99
136,16,B,15,78,169,0,0.99
136,17,D,227,233,42,0,0.99
136,18,U,207,237,193,0,0.99
136,19,U,212,244,213,0,0.99
136,20,D,222,226,47,0,0.99
136,21,R,174,44,32,0,0.99
136,22,F,28,157,55,0,0.99
136,23,D,222,242,35,0,0.99
136,24,U,211,242,197,0,0.99
136,25,F,26,149,52,0,0.99
136,26,D,204,229,41,0,0.99
136,27,F,25,157,47,0,0.99
136,28,U,196,249,210,0,0.99
136,29,B,20,74,157,0,0.99
136,30,L,200,125,27,0,0.99
136,31,D,202,218,44,0,0.99
136,32,R,162,31,26,0,0.99
136,33,L,211,110,17,0,0.99
136,34,U,200,255,218,0,0.99
136,35,R,170,37,38,0,0.99
136,36,B,22,73,158,0,0.99
136,37,D,219,218,27,0,0.99
136,38,L,214,106,34,0,0.99
136,39,F,20,160,65,0,0.99
136,40,L,208,117,17,0,0.99
136,41,D,217,233,27,0,0.99
136,42,D,218,235,37,0,0.99
136,43,B,17,81,171,0,0.99
136,44,L,205,102,16,0,0.99
136,45,R,169,42,43,0,0.99
136,46,U,214,244,204,0,0.99
136,47,R,169,24,20,0,0.99
136,48,F,30,146,65,0,0.99
136,49,B,40,74,154,0,0.99
136,50,R,164,27,37,0,0.99
136,51,F,30,153,52,0,0.99
136,52,L,204,125,29,0,0.99
136,53,F,16,156,56,0,0.99
137,0,D,169,149,28,0,0.712
137,1,R,204,93,97,1,0.712
137,2,D,178,161,20,0,0.712
137,3,F,22,105,52,0,0.712
137,4,U,172,172,163,0,0.712
137,5,B,28,62,116,0,0.712
137,6,R,144,13,34,0,0.712
137,7,B,100,118,200,1,0.712
137,8,R,154,23,26,0,0.712
137,9,B,6,44,135,0,0.712
137,10,R,133,24,29,0,0.712
137,11,F,19,113,38,0,0.712
137,12,U,189,164,166,0,0.712
137,13,R,140,23,24,0,0.712
137,14,R,157,13,22,0,0.712
137,15,U,190,174,158,0,0.712
137,16,R,142,12,25,0,0.712
137,17,B,22,59,135,0,0.712
137,18,U,190,170,152,0,0.712
137,19,D,180,165,28,0,0.712
137,20,D,193,141,23,0,0.712
137,21,B,13,52,122,0,0.712
137,22,F,9,106,26,0,0.712
137,23,B,14,53,119,0,0.712
137,24,B,19,43,125,0,0.712
137,25,F,21,110,47,0,0.712
137,26,F,13,119,46,0,0.712
137,27,U,173,178,155,0,0.712
137,28,D,197,160,26,0,0.712
137,29,R,141,15,21,0,0.712
137,30,U,176,178,159,0,0.712
137,31,D,182,156,25,0,0.712
137,32,F,9,95,55,0,0.712
137,33,L,176,91,32,0,0.712
137,34,L,181,84,14,0,0.712
137,35,D,181,154,27,0,0.712
137,36,F,31,106,51,0,0.712
137,37,L,180,83,31,0,0.712
137,38,B,7,59,123,0,0.712
137,39,F,21,104,40,0,0.712
137,40,L,168,58,34,0,0.712
137,41,L,185,77,2,0,0.712
137,42,F,25,119,47,0,0.712
137,43,L,165,74,19,0,0.712
137,44,L,178,87,9,0,0.712
137,45,L,174,59,26,0,0.712
137,46,U,184,164,144,0,0.712
137,47,R,151,10,17,0,0.712
137,48,D,167,142,19,0,0.712
137,49,B,10,59,133,0,0.712
137,50,U,179,163,158,0,0.712
137,51,L,168,82,9,0,0.712
137,52,D,178,156,20,0,0.712
137,53,U,167,175,144,0,0.712
138,0,D,150,159,26,0,0.736
138,1,U,155,159,183,0,0.736
138,2,B,28,65,158,0,0.736
138,3,U,156,186,182,0,0.736
138,4,U,143,187,195,0,0.736
138,5,R,129,23,39,0,0.736
138,6,R,129,33,28,0,0.736
138,7,R,182,97,109,1,0.736
138,8,B,10,57,157,0,0.736
138,9,L,135,106,26,0,0.736
138,10,F,15,108,39,0,0.736
138,11,R,154,21,37,0,0.736
138,12,L,151,84,25,0,0.736
138,13,R,119,23,30,0,0.736
138,14,L,160,93,18,0,0.736
138,15,B,28,51,148,0,0.736
138,16,R,127,21,38,0,0.736
138,17,L,133,72,2,0,0.736
138,18,D,171,175,26,0,0.736
138,19,D,163,154,29,0,0.736
138,20,D,172,174,49,0,0.736
138,21,D,156,178,33,0,0.736
138,22,F,19,120,58,0,0.736
138,23,B,27,56,154,0,0.736
138,24,U,156,187,180,0,0.736
138,25,L,165,92,23,0,0.736
138,26,L,157,81,12,0,0.736
138,27,R,118,17,39,0,0.736
138,28,D,164,157,24,0,0.736
138,29,U,168,198,194,0,0.736
138,30,U,174,179,190,0,0.736
138,31,D,155,187,36,0,0.736
138,32,B,20,58,146,0,0.736
138,33,R,126,5,29,0,0.736
138,34,U,149,191,198,0,0.736
138,35,F,19,110,43,0,0.736
138,36,L,163,85,18,0,0.736
138,37,F,8,120,54,0,0.736
138,38,F,24,111,52,0,0.736
138,39,F,6,120,52,0,0.736
138,40,L,154,94,10,0,0.736
138,41,B,30,59,156,0,0.736
138,42,B,20,50,147,0,0.736
138,43,R,205,94,105,1,0.736
138,44,F,14,125,58,0,0.736
138,45,D,150,185,41,0,0.736
138,46,B,24,58,151,0,0.736
138,47,F,24,139,52,0,0.736
138,48,F,8,118,53,0,0.736
138,49,B,25,46,148,0,0.736
138,50,D,158,177,41,0,0.736
138,51,U,159,194,188,0,0.736
138,52,L,158,68,13,0,0.736
138,53,U,148,189,188,0,0.736
139,0,F,6,95,37,0,0.567
139,1,B,18,40,105,0,0.567
139,2,U,144,145,146,0,0.567
139,3,B,7,42,108,0,0.567
139,4,U,126,153,126,0,0.567
139,5,R,110,2,29,0,0.567
139,6,L,134,78,31,0,0.567
139,7,F,9,94,28,0,0.567
139,8,B,11,45,111,0,0.567
139,9,R,114,23,31,0,0.567
139,10,F,9,95,30,0,0.567
139,11,L,132,47,14,0,0.567
139,12,U,134,143,134,0,0.567
139,13,R,94,14,19,0,0.567
139,14,L,135,73,11,0,0.567
139,15,D,135,137,16,0,0.567
139,16,R,116,35,27,0,0.567
139,17,D,133,136,33,0,0.567
139,18,B,25,33,113,0,0.567
139,19,D,131,131,26,0,0.567
139,20,U,138,145,130,0,0.567
139,21,D,135,126,37,0,0.567
139,22,F,2,99,39,0,0.567
139,23,F,14,86,34,0,0.567
139,24,B,12,40,109,0,0.567
139,25,L,134,65,18,0,0.567
139,26,B,20,40,117,0,0.567
139,27,L,134,64,18,0,0.567
139,28,F,23,91,23,0,0.567
139,29,R,114,27,14,0,0.567
139,30,D,135,138,4,0,0.567
139,31,D,142,140,30,0,0.567
139,32,U,145,139,144,0,0.567
139,33,D,154,116,20,0,0.567
139,34,R,113,13,9,0,0.567
139,35,R,110,20,17,0,0.567
139,36,U,135,154,145,0,0.567
139,37,U,137,137,134,0,0.567
139,38,U,115,138,138,0,0.567
139,39,L,138,68,14,0,0.567
139,40,L,118,58,5,0,0.567
139,41,L,128,64,32,0,0.567
139,42,F,22,85,32,0,0.567
139,43,R,103,14,19,0,0.567
139,44,D,120,143,28,0,0.567
139,45,F,19,94,41,0,0.567
139,46,D,133,118,24,0,0.567
139,47,R,108,8,5,0,0.567
139,48,U,142,138,135,0,0.567
139,49,B,8,57,98,0,0.567
139,50,B,22,23,118,0,0.567
139,51,F,10,75,38,0,0.567
139,52,B,13,30,113,0,0.567
139,53,L,133,72,3,0,0.567
140,0,R,147,15,31,0,0.785
140,1,R,148,15,41,0,0.785
140,2,D,189,174,37,0,0.785
140,3,U,183,165,181,0,0.785
140,4,U,194,190,182,0,0.785
140,5,F,23,110,43,0,0.785
140,6,D,219,174,19,0,0.785
140,7,L,191,88,4,0,0.785
140,8,L,255,159,102,1,0.785
140,9,F,33,112,47,0,0.785
140,10,U,185,182,186,0,0.785
140,11,L,181,83,14,0,0.785
140,12,D,187,161,45,0,0.785
140,13,R,167,35,17,0,0.785
140,14,F,22,134,53,0,0.785
140,15,L,253,159,87,1,0.785
140,16,B,17,56,149,0,0.785
140,17,L,188,84,11,0,0.785
140,18,F,19,121,50,0,0.785
140,19,D,192,153,39,0,0.785
140,20,D,184,170,27,0,0.785
140,21,U,196,189,177,0,0.785
140,22,F,0,99,42,0,0.785
140,23,R,145,25,46,0,0.785
140,24,B,25,52,156,0,0.785
140,25,R,151,30,33,0,0.785
140,26,F,4,123,64,0,0.785
140,27,R,150,29,34,0,0.785
140,28,F,18,112,58,0,0.785
140,29,U,184,176,186,0,0.785
140,30,B,27,66,140,0,0.785
140,31,D,182,174,18,0,0.785
140,32,R,150,21,44,0,0.785
140,33,F,20,105,49,0,0.785
140,34,D,204,151,20,0,0.785
140,35,U,197,182,171,0,0.785
140,36,B,18,54,136,0,0.785
140,37,L,185,96,21,0,0.785
140,38,R,162,23,26,0,0.785
140,39,F,22,108,52,0,0.785
140,40,L,187,82,17,0,0.785
140,41,B,12,65,133,0,0.785
140,42,R,155,13,38,0,0.785
140,43,L,187,86,23,0,0.785
140,44,U,192,182,182,0,0.785
140,45,B,23,50,143,0,0.785
140,46,U,187,175,175,0,0.785
140,47,D,204,154,44,0,0.785
140,48,L,185,89,19,0,0.785
140,49,B,19,58,159,0,0.785
140,50,D,192,165,26,0,0.785
140,51,B,36,63,154,0,0.785
140,52,B,20,38,149,0,0.785
140,53,U,175,176,187,0,0.785
141,0,R,87,12,3,0,0.539
141,1,R,98,21,16,0,0.539
141,2,B,15,27,88,0,0.539
141,3,U,116,143,117,0,0.539
141,4,U,104,132,127,0,0.539
141,5,L,109,65,16,0,0.539
141,6,D,112,124,5,0,0.539
141,7,U,109,136,123,0,0.539
141,8,D,127,120,24,0,0.539
141,9,L,113,57,6,0,0.539
141,10,F,11,87,26,0,0.539
141,11,L,136,63,18,0,0.539
141,12,F,10,109,14,0,0.539
141,13,R,89,19,29,0,0.539
141,14,B,11,32,108,0,0.539
141,15,U,119,134,115,0,0.539
141,16,D,114,125,6,0,0.539
141,17,F,83,152,106,1,0.539
141,18,B,15,32,106,0,0.539
141,19,L,120,56,4,0,0.539
141,20,F,6,89,42,0,0.539
141,21,R,155,81,94,1,0.539
141,22,F,11,86,31,0,0.539
141,23,R,89,31,28,0,0.539
141,24,F,9,96,47,0,0.539
141,25,L,118,66,8,0,0.539
141,26,L,115,65,23,0,0.539
141,27,R,84,4,16,0,0.539
141,28,B,85,94,163,1,0.539
141,29,F,5,78,33,0,0.539
141,30,R,101,6,22,0,0.539
141,31,D,115,129,20,0,0.539
141,32,L,109,70,16,0,0.539
141,33,R,84,1,14,0,0.539
141,34,B,13,46,90,0,0.539
141,35,R,159,73,86,1,0.539
141,36,U,115,131,117,0,0.539
141,37,F,4,79,34,0,0.539
141,38,L,171,133,92,1,0.539
141,39,D,112,120,13,0,0.539
141,40,L,103,59,2,0,0.539
141,41,B,10,36,86,0,0.539
141,42,D,116,132,26,0,0.539
141,43,U,111,135,109,0,0.539
141,44,D,114,129,25,0,0.539
141,45,U,124,123,129,0,0.539
141,46,D,119,136,19,0,0.539
141,47,B,21,40,86,0,0.539
141,48,D,118,120,19,0,0.539
141,49,B,16,46,100,0,0.539
141,50,F,19,74,41,0,0.539
141,51,U,107,136,114,0,0.539
141,52,U,104,142,109,0,0.539
141,53,B,7,51,77,0,0.539
142,0,B,11,83,201,0,0.993
142,1,U,244,254,248,0,0.993
142,2,D,249,226,38,0,0.993
142,3,L,240,110,15,0,0.993
142,4,U,225,255,255,0,0.993
142,5,U,248,249,248,0,0.993
142,6,L,230,118,34,0,0.993
142,7,R,192,32,17,0,0.993
142,8,U,241,244,250,0,0.993
142,9,F,28,163,75,0,0.993
142,10,L,250,100,14,0,0.993
142,11,R,206,36,37,0,0.993
142,12,F,23,162,78,0,0.993
142,13,R,190,32,32,0,0.993
142,14,U,250,255,249,0,0.993
142,15,F,14,162,76,0,0.993
142,16,D,255,248,40,0,0.993
142,17,R,189,24,46,0,0.993
142,18,D,237,237,45,0,0.993
142,19,D,247,225,52,0,0.993
142,20,L,237,109,26,0,0.993
142,21,L,240,119,34,0,0.993
142,22,F,35,180,69,0,0.993
142,23,U,248,233,255,0,0.993
142,24,B,25,86,202,0,0.993
142,25,F,29,167,65,0,0.993
142,26,L,234,96,31,0,0.993
142,27,D,242,231,53,0,0.993
142,28,R,196,34,28,0,0.993
142,29,D,245,230,51,0,0.993
142,30,B,21,66,203,0,0.993
142,31,D,255,226,53,0,0.993
142,32,F,24,146,75,0,0.993
142,33,U,255,255,255,1,0.993
142,34,D,242,225,66,0,0.993
142,35,U,243,235,255,0,0.993
142,36,R,197,24,38,0,0.993
142,37,B,25,89,200,0,0.993
142,38,B,19,83,199,0,0.993
142,39,L,255,188,103,1,0.993
142,40,L,240,116,38,0,0.993
142,41,D,255,220,34,0,0.993
142,42,B,18,74,206,0,0.993
142,43,R,192,33,46,0,0.993
142,44,R,183,15,45,0,0.993
142,45,F,35,164,66,0,0.993
142,46,R,197,30,32,0,0.993
142,47,U,236,255,255,0,0.993
142,48,B,31,72,209,0,0.993
142,49,B,37,73,200,0,0.993
142,50,F,35,163,60,0,0.993
142,51,F,22,173,73,0,0.993
142,52,B,40,81,207,0,0.993
142,53,L,247,114,35,0,0.993
143,0,L,255,112,28,0,1.074
143,1,R,213,22,33,0,1.074
143,2,D,255,226,41,0,1.074
143,3,R,222,24,37,0,1.074
143,4,U,255,237,248,0,1.074
143,5,U,255,248,239,0,1.074
143,6,F,26,157,73,0,1.074
143,7,B,23,65,199,0,1.074
143,8,R,213,30,39,0,1.074
143,9,B,95,128,255,1,1.074
143,10,F,25,145,61,0,1.074
143,11,L,255,128,21,0,1.074
143,12,U,255,241,241,0,1.074
143,13,R,214,37,42,0,1.074
143,14,L,255,102,33,0,1.074
143,15,F,17,151,80,0,1.074
143,16,D,255,224,41,0,1.074
143,17,B,30,70,195,0,1.074
143,18,U,255,242,241,0,1.074
143,19,R,221,34,48,0,1.074
143,20,D,255,237,41,0,1.074
143,21,D,255,233,41,0,1.074
143,22,F,35,153,73,0,1.074
143,23,B,20,74,182,0,1.074
143,24,B,45,71,176,0,1.074
143,25,B,109,151,255,1,1.074
143,26,D,255,227,51,0,1.074
143,27,U,255,248,236,0,1.074
143,28,D,255,255,105,1,1.074
143,29,R,217,36,41,0,1.074
143,30,B,35,57,201,0,1.074
143,31,D,255,222,38,0,1.074
143,32,L,255,113,22,0,1.074
143,33,F,34,172,61,0,1.074
143,34,L,255,110,16,0,1.074
143,35,U,255,241,243,0,1.074
143,36,U,255,238,237,0,1.074
143,37,F,22,177,78,0,1.074
143,38,R,217,18,36,0,1.074
143,39,D,255,217,24,0,1.074
143,40,L,255,110,20,0,1.074
143,41,R,206,34,34,0,1.074
143,42,L,255,176,102,1,1.074
143,43,L,255,106,24,0,1.074
143,44,L,255,122,22,0,1.074
143,45,B,31,69,178,0,1.074
143,46,U,255,244,241,0,1.074
143,47,F,97,219,132,1,1.074
143,48,U,255,234,250,0,1.074
143,49,B,46,55,199,0,1.074
143,50,F,25,161,67,0,1.074
143,51,R,215,38,41,0,1.074
143,52,F,40,159,54,0,1.074
143,53,D,255,224,36,0,1.074
144,0,L,255,149,28,0,1.231
144,1,U,255,255,255,0,1.231
144,2,F,30,191,88,0,1.231
144,3,D,255,255,55,0,1.231
144,4,U,255,255,255,0,1.231
144,5,F,29,182,74,0,1.231
144,6,B,15,91,223,0,1.231
144,7,R,229,32,48,0,1.231
144,8,U,255,255,255,0,1.231
144,9,R,240,38,38,0,1.231
144,10,D,255,255,51,0,1.231
144,11,U,255,255,255,0,1.231
144,12,R,237,55,45,0,1.231
144,13,R,245,43,56,0,1.231
144,14,U,255,255,255,0,1.231
144,15,L,255,146,46,0,1.231
144,16,F,41,201,80,0,1.231
144,17,R,230,37,48,0,1.231
144,18,U,255,255,255,0,1.231
144,19,B,41,81,220,0,1.231
144,20,F,36,188,79,0,1.231
144,21,R,232,36,53,0,1.231
144,22,F,28,173,55,0,1.231
144,23,U,255,255,255,0,1.231
144,24,R,228,33,43,0,1.231
144,25,L,255,127,19,0,1.231
144,26,D,255,255,39,0,1.231
144,27,B,35,85,221,0,1.231
144,28,D,255,255,44,0,1.231
144,29,F,33,177,73,0,1.231
144,30,L,255,134,39,0,1.231
144,31,D,255,255,48,0,1.231
144,32,R,247,31,34,0,1.231
144,33,R,228,31,47,0,1.231
144,34,L,255,128,21,0,1.231
144,35,B,38,94,211,0,1.231
144,36,D,255,255,42,0,1.231
144,37,B,30,78,204,0,1.231
144,38,L,255,128,31,0,1.231
144,39,B,34,92,211,0,1.231
144,40,L,255,122,21,0,1.231
144,41,D,255,255,61,0,1.231
144,42,F,106,249,139,1,1.231
144,43,F,15,193,82,0,1.231
144,44,D,255,255,48,0,1.231
144,45,L,255,120,25,0,1.231
144,46,F,31,171,80,0,1.231
144,47,B,39,77,215,0,1.231
144,48,B,20,93,210,0,1.231
144,49,B,22,69,209,0,1.231
144,50,L,255,142,34,0,1.231
144,51,U,255,255,255,0,1.231
144,52,U,255,255,255,1,1.231
144,53,D,255,255,23,0,1.231
145,0,U,107,141,138,0,0.569
145,1,R,94,8,27,0,0.569
145,2,F,8,97,46,0,0.569
145,3,R,104,2,26,0,0.569
145,4,U,133,150,146,0,0.569
145,5,R,106,11,35,0,0.569
145,6,F,28,89,42,0,0.569
145,7,L,188,135,82,1,0.569
145,8,B,16,39,98,0,0.569
145,9,D,117,127,25,0,0.569
145,10,U,131,143,147,0,0.569
145,11,U,119,143,131,0,0.569
145,12,L,114,70,16,0,0.569
145,13,R,90,25,35,0,0.569
145,14,D,128,134,31,0,0.569
145,15,B,20,34,95,0,0.569
145,16,D,119,97,19,0,0.569
145,17,F,4,87,32,0,0.569
145,18,D,122,116,21,0,0.569
145,19,U,131,126,122,0,0.569
145,20,R,108,23,23,0,0.569
145,21,B,9,43,107,0,0.569
145,22,F,20,84,33,0,0.569
145,23,D,126,117,28,0,0.569
145,24,L,110,59,16,0,0.569
145,25,U,114,143,136,0,0.569
145,26,U,121,119,141,0,0.569
145,27,B,13,24,112,0,0.569
145,28,F,15,80,29,0,0.569
145,29,R,85,17,23,0,0.569
145,30,B,11,56,110,0,0.569
145,31,D,123,110,26,0,0.569
145,32,F,20,79,54,0,0.569
145,33,D,117,124,20,0,0.569
145,34,U,116,112,143,0,0.569
145,35,D,104,133,14,0,0.569
145,36,R,92,37,15,0,0.569
145,37,F,11,76,36,0,0.569
145,38,L,122,76,0,0,0.569
145,39,L,119,68,22,0,0.569
145,40,L,113,64,29,0,0.569
145,41,D,125,140,13,0,0.569
145,42,L,113,63,6,0,0.569
145,43,L,124,54,17,0,0.569
145,44,U,107,128,138,0,0.569
145,45,L,124,55,2,0,0.569
145,46,B,17,32,113,0,0.569
145,47,F,23,91,25,0,0.569
145,48,R,106,26,18,0,0.569
145,49,B,9,52,113,0,0.569
145,50,F,16,95,42,0,0.569
145,51,R,119,28,24,0,0.569
145,52,B,14,38,120,0,0.569
145,53,B,3,47,106,0,0.569
146,0,L,241,127,36,0,1.175
146,1,F,30,159,85,0,1.175
146,2,F,22,173,96,0,1.175
146,3,U,255,254,255,0,1.175
146,4,U,255,255,255,0,1.175
146,5,L,254,121,32,0,1.175
146,6,F,24,172,89,0,1.175
146,7,F,35,155,92,0,1.175
146,8,D,255,230,47,0,1.175
146,9,R,202,29,54,0,1.175
146,10,F,27,178,89,0,1.175
146,11,U,255,255,255,1,1.175
146,12,D,255,235,40,0,1.175
146,13,R,220,45,41,0,1.175
146,14,B,37,85,255,0,1.175
146,15,D,255,245,46,0,1.175
146,16,L,252,124,34,0,1.175
146,17,R,195,39,61,0,1.175
146,18,U,254,255,255,0,1.175
146,19,D,244,228,46,0,1.175
146,20,B,26,66,239,0,1.175
146,21,U,255,255,255,0,1.175
146,22,F,40,170,94,0,1.175
146,23,B,38,72,255,0,1.175
146,24,D,249,226,55,0,1.175
146,25,B,34,65,234,0,1.175
146,26,R,210,35,58,0,1.175
146,27,B,27,65,255,0,1.175
146,28,L,255,120,51,0,1.175
146,29,F,29,174,85,0,1.175
146,30,R,183,23,31,0,1.175
146,31,D,255,242,39,0,1.175
146,32,U,255,252,255,0,1.175
146,33,B,31,68,254,0,1.175
146,34,B,27,83,255,0,1.175
146,35,B,26,89,249,0,1.175
146,36,F,32,164,80,0,1.175
146,37,R,208,29,57,0,1.175
146,38,R,198,25,60,0,1.175
146,39,D,255,237,57,0,1.175
146,40,L,255,123,41,0,1.175
146,41,F,21,166,80,0,1.175
146,42,L,246,117,38,0,1.175
146,43,D,255,247,58,0,1.175
146,44,L,255,120,22,0,1.175
146,45,L,255,119,47,0,1.175
146,46,R,201,32,47,0,1.175
146,47,D,255,219,55,0,1.175
146,48,R,207,34,74,0,1.175
146,49,B,27,80,250,0,1.175
146,50,L,255,137,47,0,1.175
146,51,U,255,244,255,0,1.175
146,52,U,243,247,255,0,1.175
146,53,U,247,254,255,0,1.175
147,0,L,253,143,27,0,1.291
147,1,U,255,255,255,0,1.291
147,2,U,255,255,255,0,1.291
147,3,U,255,255,255,1,1.291
147,4,U,255,255,255,0,1.291
147,5,R,194,20,36,0,1.291
147,6,D,255,255,38,0,1.291
147,7,U,255,255,255,0,1.291
147,8,R,210,44,67,0,1.291
147,9,D,255,255,57,0,1.291
147,10,F,28,188,89,0,1.291
147,11,R,255,98,120,1,1.291
147,12,D,255,255,56,0,1.291
147,13,R,223,47,43,0,1.291
147,14,B,41,84,244,0,1.291
147,15,U,255,255,255,0,1.291
147,16,B,33,93,255,0,1.291
147,17,F,16,198,81,0,1.291
147,18,R,217,28,45,0,1.291
147,19,F,12,185,94,0,1.291
147,20,F,30,186,97,0,1.291
147,21,F,29,197,88,0,1.291
147,22,F,27,192,89,0,1.291
147,23,R,218,43,60,0,1.291
147,24,D,255,255,55,0,1.291
147,25,D,255,255,45,0,1.291
147,26,B,29,81,251,0,1.291
147,27,L,255,139,36,0,1.291
147,28,B,94,159,255,1,1.291
147,29,L,255,143,40,0,1.291
147,30,B,32,103,255,0,1.291
147,31,D,255,255,55,0,1.291
147,32,R,222,18,48,0,1.291
147,33,L,245,151,35,0,1.291
147,34,D,255,255,55,0,1.291
147,35,R,213,35,36,0,1.291
147,36,U,255,255,255,0,1.291
147,37,L,254,151,27,0,1.291
147,38,B,19,95,255,0,1.291
147,39,F,17,183,77,0,1.291
147,40,L,255,145,45,0,1.291
147,41,D,255,255,48,0,1.291
147,42,B,37,84,243,0,1.291
147,43,L,255,140,36,0,1.291
147,44,F,22,205,101,0,1.291
147,45,B,18,90,242,0,1.291
147,46,R,207,28,50,0,1.291
147,47,F,30,192,75,0,1.291
147,48,U,242,255,255,0,1.291
147,49,B,26,90,255,0,1.291
147,50,L,255,213,97,1,1.291
147,51,U,255,255,255,0,1.291
147,52,L,255,141,21,0,1.291
147,53,D,255,255,52,0,1.291
148,0,D,186,133,31,0,0.656
148,1,D,176,128,21,0,0.656
148,2,R,147,20,38,0,0.656
148,3,R,160,25,33,0,0.656
148,4,U,177,146,180,0,0.656
148,5,L,173,55,7,0,0.656
148,6,U,183,143,173,0,0.656
148,7,F,5,84,34,0,0.656
148,8,R,132,13,23,0,0.656
148,9,B,32,31,131,0,0.656
148,10,F,13,89,53,0,0.656
148,11,F,12,75,43,0,0.656
148,12,L,178,56,26,0,0.656
148,13,R,133,13,25,0,0.656
148,14,B,34,48,139,0,0.656
148,15,R,133,9,23,0,0.656
148,16,R,155,28,30,0,0.656
148,17,B,13,27,133,0,0.656
148,18,R,146,22,32,0,0.656
148,19,U,169,143,167,0,0.656
148,20,D,186,129,35,0,0.656
148,21,L,178,61,28,0,0.656
148,22,F,10,94,43,0,0.656
148,23,U,172,141,164,0,0.656
148,24,L,167,58,9,0,0.656
148,25,R,142,20,28,0,0.656
148,26,B,6,43,144,0,0.656
148,27,B,9,34,144,0,0.656
148,28,B,17,50,134,0,0.656
148,29,U,163,139,168,0,0.656
148,30,R,144,11,25,0,0.656
148,31,D,195,123,42,0,0.656
148,32,F,9,91,50,0,0.656
148,33,F,26,89,41,0,0.656
148,34,U,176,127,148,0,0.656
148,35,D,166,140,36,0,0.656
148,36,L,190,69,6,0,0.656
148,37,D,171,130,22,0,0.656
148,38,F,81,150,111,1,0.656
148,39,B,3,45,131,0,0.656
148,40,L,185,79,17,0,0.656
148,41,D,187,136,30,0,0.656
148,42,U,174,149,174,0,0.656
148,43,U,173,135,169,0,0.656
148,44,U,183,145,164,0,0.656
148,45,D,247,199,95,1,0.656
148,46,F,18,81,40,0,0.656
148,47,F,21,91,44,0,0.656
148,48,D,196,126,34,0,0.656
148,49,B,21,38,142,0,0.656
148,50,L,184,65,22,0,0.656
148,51,L,198,58,16,0,0.656
148,52,B,23,42,130,0,0.656
148,53,L,171,63,16,0,0.656
149,0,F,19,128,50,0,0.705
149,1,D,178,171,35,0,0.705
149,2,R,134,18,21,0,0.705
149,3,U,179,187,173,0,0.705
149,4,U,187,176,172,0,0.705
149,5,L,176,86,32,0,0.705
149,6,F,10,120,49,0,0.705
149,7,R,152,12,21,0,0.705
149,8,D,194,175,39,0,0.705
149,9,B,18,62,142,0,0.705
149,10,F,10,114,46,0,0.705
149,11,D,172,161,24,0,0.705
149,12,U,181,188,184,0,0.705
149,13,R,152,15,35,0,0.705
149,14,U,183,184,167,0,0.705
149,15,F,0,117,42,0,0.705
149,16,L,184,73,23,0,0.705
149,17,F,15,105,45,0,0.705
149,18,D,179,172,36,0,0.705
149,19,F,29,121,45,0,0.705
149,20,L,243,156,86,1,0.705
149,21,D,167,149,36,0,0.705
149,22,F,20,131,44,0,0.705
149,23,B,97,125,215,1,0.705
149,24,L,177,93,23,0,0.705
149,25,L,173,84,17,0,0.705
149,26,D,181,167,26,0,0.705
149,27,B,14,54,127,0,0.705
149,28,D,184,168,5,0,0.705
149,29,R,134,23,12,0,0.705
149,30,R,146,31,34,0,0.705
149,31,D,188,164,37,0,0.705
149,32,B,24,53,142,0,0.705
149,33,U,163,170,183,0,0.705
149,34,R,151,17,18,0,0.705
149,35,R,127,32,33,0,0.705
149,36,L,255,165,105,1,0.705
149,37,R,150,19,27,0,0.705
149,38,L,186,73,23,0,0.705
149,39,L,173,95,14,0,0.705
149,40,L,171,92,0,0,0.705
149,41,B,27,56,137,0,0.705
149,42,R,148,19,35,0,0.705
149,43,D,181,171,22,0,0.705
149,44,U,171,195,177,0,0.705
149,45,B,17,46,137,0,0.705
149,46,F,21,105,48,0,0.705
149,47,U,175,165,175,0,0.705
149,48,F,29,112,47,0,0.705
149,49,B,21,49,127,0,0.705
149,50,U,177,177,170,0,0.705
149,51,U,188,181,169,0,0.705
149,52,B,13,66,148,0,0.705
149,53,B,4,59,137,0,0.705
150,0,L,251,156,35,0,1.178
150,1,D,254,255,52,0,1.178
150,2,D,255,255,41,0,1.178
150,3,B,38,105,216,0,1.178
150,4,U,244,255,255,0,1.178
150,5,B,29,93,222,0,1.178
150,6,U,244,255,255,0,1.178
150,7,F,22,207,70,0,1.178
150,8,F,22,206,81,0,1.178
150,9,D,255,255,50,0,1.178
150,10,R,209,32,53,0,1.178
150,11,L,255,150,27,0,1.178
150,12,U,255,255,255,0,1.178
150,13,R,206,35,55,0,1.178
150,14,D,251,255,41,0,1.178
150,15,U,255,255,255,0,1.178
150,16,F,37,205,66,0,1.178
150,17,R,205,41,62,0,1.178
150,18,R,203,37,40,0,1.178
150,19,R,255,115,109,1,1.178
150,20,L,255,157,36,0,1.178
150,21,L,255,166,21,0,1.178
150,22,F,23,218,66,0,1.178
150,23,B,30,92,213,0,1.178
150,24,U,248,255,255,0,1.178
150,25,D,255,255,47,0,1.178
150,26,R,207,45,41,0,1.178
150,27,L,245,154,12,0,1.178
150,28,B,32,104,211,0,1.178
150,29,B,9,87,223,0,1.178
150,30,F,19,208,81,0,1.178
150,31,D,253,255,35,0,1.178
150,32,U,252,255,255,0,1.178
150,33,B,104,175,255,1,1.178
150,34,R,233,33,49,0,1.178
150,35,F,40,204,85,0,1.178
150,36,U,246,255,255,0,1.178
150,37,L,251,148,26,0,1.178
150,38,F,18,202,64,0,1.178
150,39,D,255,255,39,0,1.178
150,40,L,255,152,41,0,1.178
150,41,U,255,255,255,0,1.178
150,42,R,197,33,39,0,1.178
150,43,L,251,146,21,0,1.178
150,44,B,24,102,217,0,1.178
150,45,B,11,91,220,0,1.178
150,46,F,24,217,83,0,1.178
150,47,F,41,195,82,0,1.178
150,48,R,209,39,40,0,1.178
150,49,B,29,78,229,0,1.178
150,50,L,255,159,12,0,1.178
150,51,D,255,255,41,0,1.178
150,52,U,255,255,255,1,1.178
150,53,D,254,255,48,0,1.178
151,0,B,38,47,185,0,0.91
151,1,R,161,25,23,0,0.91
151,2,B,15,58,181,0,0.91
151,3,L,201,92,20,0,0.91
151,4,U,201,197,230,0,0.91
151,5,D,216,168,36,0,0.91
151,6,D,222,170,40,0,0.91
151,7,L,205,102,34,0,0.91
151,8,R,171,21,26,0,0.91
151,9,F,18,120,64,0,0.91
151,10,F,34,142,66,0,0.91
151,11,L,209,92,27,0,0.91
151,12,U,207,213,224,0,0.91
151,13,R,169,20,47,0,0.91
151,14,B,36,64,188,0,0.91
151,15,F,22,131,60,0,0.91
151,16,R,182,39,47,0,0.91
151,17,L,215,90,39,0,0.91
151,18,B,11,53,203,0,0.91
151,19,F,19,120,51,0,0.91
151,20,U,217,208,232,0,0.91
151,21,L,196,92,18,0,0.91
151,22,F,29,139,67,0,0.91
151,23,L,212,106,38,0,0.91
151,24,R,159,29,30,0,0.91
151,25,B,16,69,178,0,0.91
151,26,D,212,192,43,0,0.91
151,27,B,9,59,185,0,0.91
151,28,U,202,215,231,0,0.91
151,29,R,169,34,41,0,0.91
151,30,F,12,127,67,0,0.91
151,31,D,215,191,47,0,0.91
151,32,D,218,181,40,0,0.91
151,33,D,229,169,49,0,0.91
151,34,B,26,54,187,0,0.91
151,35,F,28,116,66,0,0.91
151,36,R,174,19,41,0,0.91
151,37,B,34,61,180,0,0.91
151,38,L,197,80,33,0,0.91
151,39,R,168,25,38,0,0.91
151,40,L,204,108,31,0,0.91
151,41,D,226,173,45,0,0.91
151,42,F,28,119,57,0,0.91
151,43,U,203,208,233,0,0.91
151,44,D,208,188,35,0,0.91
151,45,U,210,199,224,0,0.91
151,46,F,30,128,46,0,0.91
151,47,U,208,211,213,0,0.91
151,48,D,221,184,30,0,0.91
151,49,B,23,51,175,0,0.91
151,50,U,212,202,217,0,0.91
151,51,U,205,200,219,0,0.91
151,52,R,178,20,43,0,0.91
151,53,L,214,86,28,0,0.91
152,0,U,229,192,207,0,0.85
152,1,L,235,94,35,0,0.85
152,2,U,236,178,206,0,0.85
152,3,D,236,180,31,0,0.85
152,4,U,228,191,210,0,0.85
152,5,F,33,113,63,0,0.85
152,6,D,226,176,29,0,0.85
152,7,D,230,180,29,0,0.85
152,8,L,228,93,22,0,0.85
152,9,F,23,120,52,0,0.85
152,10,U,234,194,224,0,0.85
152,11,F,27,129,55,0,0.85
152,12,B,29,49,172,0,0.85
152,13,R,182,32,20,0,0.85
152,14,B,23,54,176,0,0.85
152,15,L,222,85,33,0,0.85
152,16,R,179,22,45,0,0.85
152,17,D,255,246,109,1,0.85
152,18,F,27,107,48,0,0.85
152,19,L,221,82,28,0,0.85
152,20,D,229,183,36,0,0.85
152,21,F,30,115,54,0,0.85
152,22,F,28,127,54,0,0.85
152,23,L,238,87,35,0,0.85
152,24,L,218,86,28,0,0.85
152,25,B,24,52,176,0,0.85
152,26,U,235,185,217,0,0.85
152,27,D,229,166,46,0,0.85
152,28,D,228,169,42,0,0.85
152,29,B,17,49,168,0,0.85
152,30,U,228,196,209,0,0.85
152,31,D,228,162,34,0,0.85
152,32,D,229,181,24,0,0.85
152,33,F,11,106,57,0,0.85
152,34,F,28,133,46,0,0.85
152,35,B,26,52,183,0,0.85
152,36,B,27,68,170,0,0.85
152,37,F,33,123,54,0,0.85
152,38,R,191,22,19,0,0.85
152,39,B,24,47,175,0,0.85
152,40,L,240,91,27,0,0.85
152,41,L,255,152,88,1,0.85
152,42,U,243,185,213,0,0.85
152,43,R,170,20,37,0,0.85
152,44,B,24,54,174,0,0.85
152,45,R,255,85,96,1,0.85
152,46,U,232,195,200,0,0.85
152,47,R,189,13,35,0,0.85
152,48,U,238,175,211,0,0.85
152,49,B,23,47,176,0,0.85
152,50,R,177,19,27,0,0.85
152,51,R,187,29,47,0,0.85
152,52,R,182,18,48,0,0.85
152,53,L,223,94,35,0,0.85
153,0,L,255,159,85,1,0.947
153,1,D,231,208,30,0,0.947
153,2,D,243,203,38,0,0.947
153,3,D,237,195,47,0,0.947
153,4,U,233,232,206,0,0.947
153,5,U,219,231,204,0,0.947
153,6,U,233,217,212,0,0.947
153,7,U,229,211,204,0,0.947
153,8,L,234,97,36,0,0.947
153,9,B,25,77,169,0,0.947
153,10,B,31,61,165,0,0.947
153,11,R,185,26,57,0,0.947
153,12,R,177,23,42,0,0.947
153,13,R,186,29,42,0,0.947
153,14,L,231,97,12,0,0.947
153,15,D,236,205,38,0,0.947
153,16,F,34,137,61,0,0.947
153,17,U,225,205,218,0,0.947
153,18,R,184,33,31,0,0.947
153,19,R,175,21,34,0,0.947
153,20,U,226,217,217,0,0.947
153,21,D,236,205,35,0,0.947
153,22,F,19,132,41,0,0.947
153,23,F,29,149,51,0,0.947
153,24,D,229,194,39,0,0.947
153,25,D,237,199,36,0,0.947
153,26,B,11,64,171,0,0.947
153,27,B,28,60,168,0,0.947
153,28,B,26,86,167,0,0.947
153,29,R,203,21,36,0,0.947
153,30,U,224,230,214,0,0.947
153,31,D,238,209,46,0,0.947
153,32,L,226,105,19,0,0.947
153,33,U,241,203,230,0,0.947
153,34,R,255,81,108,1,0.947
153,35,R,181,28,37,0,0.947
153,36,F,33,126,62,0,0.947
153,37,F,34,130,65,0,0.947
153,38,F,31,136,44,0,0.947
153,39,U,233,216,225,0,0.947
153,40,L,230,108,25,0,0.947
153,41,L,233,93,17,0,0.947
153,42,L,232,102,22,0,0.947
153,43,L,238,103,28,0,0.947
153,44,L,232,106,18,0,0.947
153,45,F,13,147,66,0,0.947
153,46,R,192,22,45,0,0.947
153,47,D,237,202,31,0,0.947
153,48,B,21,60,175,0,0.947
153,49,B,19,65,168,0,0.947
153,50,F,14,141,60,0,0.947
153,51,B,25,42,180,0,0.947
153,52,B,24,58,187,0,0.947
153,53,F,25,146,60,0,0.947
154,0,F,0,127,45,0,0.82
154,1,D,176,168,26,0,0.82
154,2,F,0,114,46,0,0.82
154,3,D,168,160,39,0,0.82
154,4,U,160,181,210,0,0.82
154,5,B,24,50,160,0,0.82
154,6,B,5,49,155,0,0.82
154,7,L,158,78,26,0,0.82
154,8,F,13,111,49,0,0.82
154,9,D,163,175,35,0,0.82
154,10,D,156,179,41,0,0.82
154,11,R,131,16,33,0,0.82
154,12,B,13,59,156,0,0.82
154,13,R,143,11,28,0,0.82
154,14,B,20,51,153,0,0.82
154,15,B,8,70,155,0,0.82
154,16,B,23,49,153,0,0.82
154,17,D,167,182,44,0,0.82
154,18,R,149,35,44,0,0.82
154,19,F,16,112,64,0,0.82
154,20,L,159,91,16,0,0.82
154,21,F,9,118,46,0,0.82
154,22,F,15,125,52,0,0.82
154,23,L,172,83,23,0,0.82
154,24,R,125,34,17,0,0.82
154,25,F,20,122,33,0,0.82
154,26,D,155,157,32,0,0.82
154,27,B,15,52,161,0,0.82
154,28,U,182,177,197,0,0.82
154,29,L,165,95,4,0,0.82
154,30,F,5,109,45,0,0.82
154,31,D,170,165,17,0,0.82
154,32,U,158,172,188,0,0.82
154,33,U,163,178,203,0,0.82
154,34,U,182,188,182,0,0.82
154,35,R,144,40,31,0,0.82
154,36,L,167,95,22,0,0.82
154,37,L,244,161,86,1,0.82
154,38,U,160,183,188,0,0.82
154,39,U,174,187,192,0,0.82
154,40,L,170,87,29,0,0.82
154,41,D,180,170,28,0,0.82
154,42,B,8,69,160,0,0.82
154,43,R,128,23,24,0,0.82
154,44,D,178,171,30,0,0.82
154,45,U,153,201,195,0,0.82
154,46,R,115,19,32,0,0.82
154,47,U,165,176,203,0,0.82
154,48,R,137,24,28,0,0.82
154,49,B,3,51,155,0,0.82
154,50,L,155,88,27,0,0.82
154,51,F,13,114,53,0,0.82
154,52,R,146,34,20,0,0.82
154,53,L,160,106,18,0,0.82
155,0,U,129,150,134,0,0.559
155,1,D,114,134,25,0,0.559
155,2,D,117,133,32,0,0.559
155,3,F,11,103,30,0,0.559
155,4,U,112,151,128,0,0.559
155,5,R,100,19,21,0,0.559
155,6,U,111,133,121,0,0.559
155,7,B,20,43,102,0,0.559
155,8,F,22,86,37,0,0.559
155,9,L,111,77,2,0,0.559
155,10,U,112,142,122,0,0.559
155,11,F,8,108,33,0,0.559
155,12,L,114,57,3,0,0.559
155,13,R,87,9,25,0,0.559
155,14,L,110,65,12,0,0.559
155,15,L,178,128,78,1,0.559
155,16,D,119,132,14,0,0.559
155,17,B,24,46,106,0,0.559
155,18,B,24,36,108,0,0.559
155,19,U,117,148,113,0,0.559
155,20,U,109,146,124,0,0.559
155,21,B,24,40,102,0,0.559
155,22,F,10,83,32,0,0.559
155,23,U,186,229,204,1,0.559
155,24,B,8,36,100,0,0.559
155,25,B,8,62,107,0,0.559
155,26,U,115,142,116,0,0.559
155,27,D,117,113,18,0,0.559
155,28,R,89,30,7,0,0.559
155,29,B,19,41,107,0,0.559
155,30,L,109,71,20,0,0.559
155,31,D,137,127,20,0,0.559
155,32,F,11,89,34,0,0.559
155,33,D,118,131,8,0,0.559
155,34,D,120,122,20,0,0.559
155,35,D,195,194,90,1,0.559
155,36,R,95,18,18,0,0.559
155,37,U,115,151,117,0,0.559
155,38,R,92,24,17,0,0.559
155,39,R,84,24,27,0,0.559
155,40,L,122,68,8,0,0.559
155,41,L,127,78,19,0,0.559
155,42,R,89,20,14,0,0.559
155,43,F,4,94,37,0,0.559
155,44,R,97,19,37,0,0.559
155,45,L,108,78,10,0,0.559
155,46,R,100,12,38,0,0.559
155,47,F,23,81,45,0,0.559
155,48,D,119,141,21,0,0.559
155,49,B,11,33,97,0,0.559
155,50,F,12,80,27,0,0.559
155,51,L,115,72,10,0,0.559
155,52,B,23,40,106,0,0.559
155,53,F,23,87,44,0,0.559
156,0,F,34,187,107,0,1.262
156,1,B,47,88,255,0,1.262
156,2,L,255,142,53,0,1.262
156,3,B,34,85,255,0,1.262
156,4,U,255,255,255,0,1.262
156,5,B,24,95,255,0,1.262
156,6,D,255,255,55,0,1.262
156,7,D,255,255,58,0,1.262
156,8,R,255,42,55,0,1.262
156,9,F,48,191,92,0,1.262
156,10,L,255,147,46,0,1.262
156,11,U,255,255,255,0,1.262
156,12,B,41,108,255,0,1.262
156,13,R,243,37,47,0,1.262
156,14,L,255,133,37,0,1.262
156,15,F,43,190,89,0,1.262
156,16,F,41,188,94,0,1.262
156,17,R,255,29,66,0,1.262
156,18,B,26,98,255,0,1.262
156,19,R,253,36,65,0,1.262
156,20,U,255,255,255,0,1.262
156,21,U,255,255,255,0,1.262
156,22,F,43,179,97,0,1.262
156,23,D,255,255,53,0,1.262
156,24,F,30,190,90,0,1.262
156,25,F,28,173,105,0,1.262
156,26,D,255,255,56,0,1.262
156,27,D,255,255,60,0,1.262
156,28,R,255,38,64,0,1.262
156,29,R,255,39,59,0,1.262
156,30,U,255,255,255,0,1.262
156,31,D,255,255,65,0,1.262
156,32,L,255,125,25,0,1.262
156,33,B,42,94,255,0,1.262
156,34,D,255,255,63,0,1.262
156,35,D,255,255,54,0,1.262
156,36,L,255,144,47,0,1.262
156,37,U,255,255,255,0,1.262
156,38,L,255,143,48,0,1.262
156,39,U,255,255,255,0,1.262
156,40,L,255,127,45,0,1.262
156,41,L,255,142,37,0,1.262
156,42,U,255,255,255,0,1.262
156,43,F,41,194,103,0,1.262
156,44,L,255,141,60,0,1.262
156,45,B,19,81,255,0,1.262
156,46,R,255,40,56,0,1.262
156,47,U,255,255,255,0,1.262
156,48,D,255,255,54,0,1.262
156,49,B,42,93,255,0,1.262
156,50,R,255,114,128,1,1.262
156,51,B,30,78,255,0,1.262
156,52,F,25,199,98,0,1.262
156,53,R,255,61,68,0,1.262
157,0,L,134,78,22,0,0.735
157,1,L,151,69,28,0,0.735
157,2,D,131,132,37,0,0.735
157,3,F,18,107,50,0,0.735
157,4,U,145,162,192,0,0.735
157,5,B,2,54,146,0,0.735
157,6,B,23,48,159,0,0.735
157,7,R,129,12,38,0,0.735
157,8,L,149,71,20,0,0.735
157,9,D,149,143,34,0,0.735
157,10,D,148,151,33,0,0.735
157,11,F,7,103,57,0,0.735
157,12,R,110,22,30,0,0.735
157,13,R,123,19,36,0,0.735
157,14,B,17,28,155,0,0.735
157,15,D,157,148,42,0,0.735
157,16,L,152,83,27,0,0.735
157,17,B,12,41,164,0,0.735
157,18,D,158,129,24,0,0.735
157,19,F,25,101,39,0,0.735
157,20,B,19,54,160,0,0.735
157,21,U,149,154,187,0,0.735
157,22,F,12,101,73,0,0.735
157,23,B,36,45,143,0,0.735
157,24,R,120,18,31,0,0.735
157,25,R,108,19,27,0,0.735
157,26,R,121,8,33,0,0.735
157,27,U,140,149,186,0,0.735
157,28,D,148,138,28,0,0.735
157,29,F,11,94,48,0,0.735
157,30,R,118,35,40,0,0.735
157,31,D,148,131,42,0,0.735
157,32,B,16,49,164,0,0.735
157,33,R,106,15,34,0,0.735
157,34,L,161,72,21,0,0.735
157,35,L,149,73,22,0,0.735
157,36,U,145,150,188,0,0.735
157,37,D,158,152,34,0,0.735
157,38,R,119,30,37,0,0.735
157,39,L,155,72,17,0,0.735
157,40,L,154,72,30,0,0.735
157,41,F,9,102,53,0,0.735
157,42,U,142,153,183,0,0.735
157,43,U,147,153,212,0,0.735
157,44,B,8,51,151,0,0.735
157,45,L,153,70,14,0,0.735
157,46,U,161,164,177,0,0.735
157,47,F,15,97,40,0,0.735
157,48,U,151,160,191,0,0.735
157,49,B,20,60,151,0,0.735
157,50,F,26,117,30,0,0.735
157,51,U,148,166,194,0,0.735
157,52,D,148,154,40,0,0.735
157,53,F,3,106,51,0,0.735
158,0,F,32,194,71,0,1.181
158,1,D,255,255,38,0,1.181
158,2,D,255,255,29,0,1.181
158,3,L,255,147,22,0,1.181
158,4,U,255,255,244,0,1.181
158,5,R,226,41,44,0,1.181
158,6,L,255,219,97,1,1.181
158,7,D,255,255,26,0,1.181
158,8,D,255,255,41,0,1.181
158,9,B,22,97,209,0,1.181
158,10,B,26,82,197,0,1.181
158,11,F,31,203,54,0,1.181
158,12,U,255,255,205,0,1.181
158,13,R,235,47,34,0,1.181
158,14,D,255,255,58,0,1.181
158,15,U,255,255,242,0,1.181
158,16,R,232,35,52,0,1.181
158,17,L,255,145,22,0,1.181
158,18,U,255,255,228,0,1.181
158,19,B,22,109,194,0,1.181
158,20,L,255,147,28,0,1.181
158,21,R,228,50,48,0,1.181
158,22,F,31,211,65,0,1.181
158,23,B,28,103,193,0,1.181
158,24,D,255,255,40,0,1.181
158,25,L,255,161,16,0,1.181
158,26,R,232,49,39,0,1.181
158,27,R,231,40,39,0,1.181
158,28,B,29,98,194,0,1.181
158,29,B,45,98,207,0,1.181
158,30,D,255,255,40,0,1.181
158,31,D,255,255,54,0,1.181
158,32,U,255,255,243,0,1.181
158,33,R,227,53,40,0,1.181
158,34,U,255,255,244,0,1.181
158,35,U,255,255,226,0,1.181
158,36,R,227,35,35,0,1.181
158,37,F,35,193,54,0,1.181
158,38,F,33,218,59,0,1.181
158,39,U,255,255,248,0,1.181
158,40,L,255,146,33,0,1.181
158,41,F,32,210,81,0,1.181
158,42,U,255,255,229,0,1.181
158,43,L,255,150,27,0,1.181
158,44,B,45,106,196,0,1.181
158,45,L,255,155,29,0,1.181
158,46,F,27,209,62,0,1.181
158,47,D,255,255,36,0,1.181
158,48,R,229,41,40,0,1.181
158,49,B,21,108,207,0,1.181
158,50,F,44,213,66,0,1.181
158,51,B,23,87,180,0,1.181
158,52,L,255,136,26,0,1.181
158,53,F,33,199,62,0,1.181
159,0,D,196,152,27,0,0.737
159,1,L,255,139,84,1,0.737
159,2,U,188,160,174,0,0.737
159,3,F,25,101,60,0,0.737
159,4,U,177,164,173,0,0.737
159,5,U,181,150,173,0,0.737
159,6,D,205,151,29,0,0.737
159,7,D,194,144,26,0,0.737
159,8,D,201,156,33,0,0.737
159,9,L,187,80,26,0,0.737
159,10,B,6,50,135,0,0.737
159,11,B,21,38,131,0,0.737
159,12,R,154,16,25,0,0.737
159,13,R,148,24,37,0,0.737
159,14,R,148,22,26,0,0.737
159,15,B,22,57,141,0,0.737
159,16,U,191,153,181,0,0.737
159,17,D,209,133,34,0,0.737
159,18,F,19,93,61,0,0.737
159,19,F,24,119,41,0,0.737
159,20,F,17,91,48,0,0.737
159,21,L,179,73,27,0,0.737
159,22,F,24,110,48,0,0.737
159,23,D,202,147,19,0,0.737
159,24,F,24,102,41,0,0.737
159,25,R,146,30,16,0,0.737
159,26,U,185,164,177,0,0.737
159,27,U,194,149,181,0,0.737
159,28,B,19,36,147,0,0.737
159,29,R,154,6,8,0,0.737
159,30,L,190,70,20,0,0.737
159,31,D,197,141,32,0,0.737
159,32,R,157,12,35,0,0.737
159,33,L,193,74,21,0,0.737
159,34,L,185,69,17,0,0.737
159,35,B,13,60,141,0,0.737
159,36,B,26,62,150,0,0.737
159,37,U,208,155,185,0,0.737
159,38,R,152,19,31,0,0.737
159,39,B,21,48,142,0,0.737
159,40,L,204,58,7,0,0.737
159,41,D,186,150,30,0,0.737
159,42,F,23,118,48,0,0.737
159,43,B,9,51,153,0,0.737
159,44,R,171,20,31,0,0.737
159,45,L,195,80,17,0,0.737
159,46,F,17,115,60,0,0.737
159,47,L,192,71,14,0,0.737
159,48,F,12,93,46,0,0.737
159,49,B,15,50,135,0,0.737
159,50,D,255,215,80,1,0.737
159,51,R,228,89,110,1,0.737
159,52,U,189,160,165,0,0.737
159,53,U,208,164,182,0,0.737
160,0,L,255,131,27,0,1.299
160,1,B,28,78,252,0,1.299
160,2,D,255,254,64,0,1.299
160,3,U,255,255,255,0,1.299
160,4,U,255,255,255,0,1.299
160,5,L,255,127,33,0,1.299
160,6,U,255,255,255,0,1.299
160,7,F,41,159,92,0,1.299
160,8,R,247,27,69,0,1.299
160,9,D,255,239,46,0,1.299
160,10,F,34,161,87,0,1.299
160,11,F,37,162,90,0,1.299
160,12,U,255,255,255,0,1.299
160,13,R,255,37,49,0,1.299
160,14,L,255,124,35,0,1.299
160,15,R,251,34,39,0,1.299
160,16,R,255,38,55,0,1.299
160,17,R,255,31,53,0,1.299
160,18,B,106,133,255,1,1.299
160,19,R,245,32,50,0,1.299
160,20,F,26,174,94,0,1.299
160,21,D,255,255,58,0,1.299
160,22,F,44,184,85,0,1.299
160,23,F,26,167,86,0,1.299
160,24,U,255,255,255,0,1.299
160,25,D,255,243,53,0,1.299
160,26,D,255,223,56,0,1.299
160,27,F,36,166,99,0,1.299
160,28,R,255,39,42,0,1.299
160,29,B,39,81,255,0,1.299
160,30,B,15,68,255,0,1.299
160,31,D,255,255,45,0,1.299
160,32,U,255,255,255,0,1.299
160,33,B,33,92,255,0,1.299
160,34,B,24,83,255,0,1.299
160,35,U,255,255,255,0,1.299
160,36,D,255,248,55,0,1.299
160,37,L,255,127,37,0,1.299
160,38,R,255,84,129,1,1.299
160,39,F,27,176,82,0,1.299
160,40,L,255,124,31,0,1.299
160,41,B,32,83,245,0,1.299
160,42,L,255,134,36,0,1.299
160,43,U,255,255,255,0,1.299
160,44,L,255,123,32,0,1.299
160,45,L,255,109,31,0,1.299
160,46,L,255,108,26,0,1.299
160,47,B,34,83,255,0,1.299
160,48,D,255,236,60,0,1.299
160,49,B,36,81,250,0,1.299
160,50,D,255,255,57,0,1.299
160,51,F,26,163,80,0,1.299
160,52,R,255,21,63,0,1.299
160,53,U,255,255,255,0,1.299
161,0,D,179,152,24,0,0.644
161,1,L,160,76,16,0,0.644
161,2,U,158,152,152,0,0.644
161,3,D,220,225,92,1,0.644
161,4,U,148,165,155,0,0.644
161,5,F,17,90,31,0,0.644
161,6,L,161,92,18,0,0.644
161,7,L,159,79,9,0,0.644
161,8,F,25,97,42,0,0.644
161,9,L,151,65,10,0,0.644
161,10,U,150,156,162,0,0.644
161,11,B,19,43,124,0,0.644
161,12,B,12,56,127,0,0.644
161,13,R,124,20,26,0,0.644
161,14,B,9,38,120,0,0.644
161,15,B,10,47,128,0,0.644
161,16,D,159,151,39,0,0.644
161,17,R,124,32,19,0,0.644
161,18,F,8,103,40,0,0.644
161,19,U,146,170,157,0,0.644
161,20,U,150,158,149,0,0.644
161,21,U,147,162,139,0,0.644
161,22,F,3,113,37,0,0.644
161,23,R,121,19,20,0,0.644
161,24,R,144,24,32,0,0.644
161,25,L,234,161,68,1,0.644
161,26,D,167,147,26,0,0.644
161,27,F,26,107,28,0,0.644
161,28,D,162,145,34,0,0.644
161,29,L,141,80,17,0,0.644
161,30,L,162,78,0,0,0.644
161,31,D,166,146,19,0,0.644
161,32,F,24,102,54,0,0.644
161,33,B,25,39,127,0,0.644
161,34,F,17,102,40,0,0.644
161,35,B,25,41,125,0,0.644
161,36,F,5,104,32,0,0.644
161,37,B,7,47,112,0,0.644
161,38,D,169,137,38,0,0.644
161,39,R,134,21,30,0,0.644
161,40,L,159,93,20,0,0.644
161,41,R,122,23,23,0,0.644
161,42,R,127,16,21,0,0.644
161,43,B,23,47,127,0,0.644
161,44,U,155,159,146,0,0.644
161,45,L,167,88,15,0,0.644
161,46,F,24,91,32,0,0.644
161,47,R,133,7,48,0,0.644
161,48,U,165,173,149,0,0.644
161,49,B,6,41,114,0,0.644
161,50,D,167,138,19,0,0.644
161,51,U,170,150,145,0,0.644
161,52,R,138,40,13,0,0.644
161,53,D,212,211,97,1,0.644
162,0,D,255,221,40,0,1.218
162,1,R,255,28,45,0,1.218
162,2,B,35,85,240,0,1.218
162,3,B,55,71,243,0,1.218
162,4,U,255,242,255,0,1.218
162,5,F,29,151,77,0,1.218
162,6,R,254,27,51,0,1.218
162,7,R,255,23,49,0,1.218
162,8,U,255,254,255,0,1.218
162,9,B,36,77,237,0,1.218
162,10,D,255,255,110,1,1.218
162,11,L,255,134,37,0,1.218
162,12,B,35,78,252,0,1.218
162,13,R,255,38,52,0,1.218
162,14,F,17,155,86,0,1.218
162,15,B,108,143,255,1,1.218
162,16,U,255,249,255,0,1.218
162,17,L,255,116,41,0,1.218
162,18,D,255,248,55,0,1.218
162,19,B,56,66,229,0,1.218
162,20,R,255,31,61,0,1.218
162,21,D,255,233,45,0,1.218
162,22,F,35,165,78,0,1.218
162,23,D,255,236,51,0,1.218
162,24,L,255,126,36,0,1.218
162,25,L,255,117,32,0,1.218
162,26,R,255,51,60,0,1.218
162,27,F,36,153,89,0,1.218
162,28,U,255,255,255,0,1.218
162,29,D,255,220,50,0,1.218
162,30,F,36,152,85,0,1.218
162,31,D,255,224,45,0,1.218
162,32,R,255,19,58,0,1.218
162,33,F,38,163,92,0,1.218
162,34,L,255,184,113,1,1.218
162,35,F,102,229,135,1,1.218
162,36,B,31,74,244,0,1.218
162,37,U,255,255,255,0,1.218
162,38,F,31,160,76,0,1.218
162,39,L,255,116,16,0,1.218
162,40,L,255,119,26,0,1.218
162,41,L,255,112,23,0,1.218
162,42,R,255,30,53,0,1.218
162,43,R,255,25,48,0,1.218
162,44,D,255,255,112,1,1.218
162,45,U,255,253,255,0,1.218
162,46,D,255,236,36,0,1.218
162,47,L,255,116,38,0,1.218
162,48,U,255,243,255,0,1.218
162,49,B,44,66,236,0,1.218
162,50,F,28,137,91,0,1.218
162,51,U,255,247,255,0,1.218
162,52,B,24,81,233,0,1.218
162,53,U,255,250,255,0,1.218
163,0,D,169,163,41,0,0.704
163,1,D,179,163,25,0,0.704
163,2,L,184,80,2,0,0.704
163,3,R,147,19,10,0,0.704
163,4,U,158,167,144,0,0.704
163,5,R,131,18,41,0,0.704
163,6,L,169,79,16,0,0.704
163,7,U,171,186,172,0,0.704
163,8,R,192,81,97,1,0.704
163,9,F,33,110,53,0,0.704
163,10,D,169,159,25,0,0.704
163,11,U,181,174,162,0,0.704
163,12,R,140,30,28,0,0.704
163,13,R,144,36,34,0,0.704
163,14,B,15,52,133,0,0.704
163,15,R,135,14,20,0,0.704
163,16,U,165,163,185,0,0.704
163,17,D,180,159,22,0,0.704
163,18,F,28,103,37,0,0.704
163,19,B,27,53,137,0,0.704
163,20,U,171,178,157,0,0.704
163,21,F,22,116,47,0,0.704
163,22,F,15,124,45,0,0.704
163,23,B,23,44,118,0,0.704
163,24,U,176,173,155,0,0.704
163,25,F,21,125,43,0,0.704
163,26,B,16,57,135,0,0.704
163,27,F,19,99,51,0,0.704
163,28,U,164,195,156,0,0.704
163,29,U,172,178,163,0,0.704
163,30,L,190,82,26,0,0.704
163,31,D,173,160,34,0,0.704
163,32,L,173,82,10,0,0.704
163,33,D,177,190,27,0,0.704
163,34,R,142,18,56,0,0.704
163,35,R,126,18,13,0,0.704
163,36,R,143,24,31,0,0.704
163,37,F,18,126,56,0,0.704
163,38,D,183,142,20,0,0.704
163,39,D,174,170,6,0,0.704
163,40,L,183,86,30,0,0.704
163,41,L,160,78,9,0,0.704
163,42,L,165,77,3,0,0.704
163,43,B,29,58,124,0,0.704
163,44,L,153,93,0,0,0.704
163,45,B,9,43,125,0,0.704
163,46,F,22,121,47,0,0.704
163,47,B,9,64,140,0,0.704
163,48,D,250,252,89,1,0.704
163,49,B,12,47,126,0,0.704
163,50,L,175,85,14,0,0.704
163,51,F,27,113,40,0,0.704
163,52,U,235,238,230,1,0.704
163,53,B,11,52,134,0,0.704
164,0,D,171,161,39,0,0.693
164,1,L,154,90,15,0,0.693
164,2,R,204,88,87,1,0.693
164,3,L,169,70,16,0,0.693
164,4,U,152,165,140,0,0.693
164,5,B,13,69,98,0,0.693
164,6,U,165,181,141,0,0.693
164,7,D,163,152,30,0,0.693
164,8,L,169,87,17,0,0.693
164,9,D,176,173,29,0,0.693
164,10,R,197,101,87,1,0.693
164,11,D,170,157,22,0,0.693
164,12,D,173,162,31,0,0.693
164,13,R,128,36,22,0,0.693
164,14,F,108,191,108,1,0.693
164,15,F,8,112,54,0,0.693
164,16,L,153,72,17,0,0.693
164,17,L,173,81,8,0,0.693
164,18,B,16,52,122,0,0.693
164,19,F,32,114,32,0,0.693
164,20,B,8,40,112,0,0.693
164,21,U,151,186,137,0,0.693
164,22,F,12,126,25,0,0.693
164,23,R,139,24,26,0,0.693
164,24,F,17,106,43,0,0.693
164,25,U,173,164,140,0,0.693
164,26,U,162,178,142,0,0.693
164,27,D,165,161,33,0,0.693
164,28,R,124,20,20,0,0.693
164,29,L,157,80,26,0,0.693
164,30,B,11,74,100,0,0.693
164,31,D,147,159,13,0,0.693
164,32,D,177,168,15,0,0.693
164,33,R,130,20,45,0,0.693
164,34,U,164,182,143,0,0.693
164,35,U,165,180,132,0,0.693
164,36,F,18,116,27,0,0.693
164,37,F,88,175,95,1,0.693
164,38,R,131,27,31,0,0.693
164,39,B,13,42,105,0,0.693
164,40,L,161,83,18,0,0.693
164,41,F,16,123,33,0,0.693
164,42,U,167,185,142,0,0.693
164,43,U,167,171,146,0,0.693
164,44,L,159,83,6,0,0.693
164,45,B,20,50,107,0,0.693
164,46,B,23,47,115,0,0.693
164,47,R,133,27,24,0,0.693
164,48,R,122,24,26,0,0.693
164,49,B,32,68,120,0,0.693
164,50,D,175,144,19,0,0.693
164,51,B,8,58,117,0,0.693
164,52,L,168,89,18,0,0.693
164,53,F,16,110,44,0,0.693
165,0,U,255,222,215,0,1.05
165,1,L,255,93,29,0,1.05
165,2,L,255,81,17,0,1.05
165,3,F,24,136,58,0,1.05
165,4,U,255,216,227,0,1.05
165,5,U,255,222,226,0,1.05
165,6,L,255,103,22,0,1.05
165,7,D,255,190,43,0,1.05
165,8,R,225,33,47,0,1.05
165,9,F,40,133,71,0,1.05
165,10,B,16,65,166,0,1.05
165,11,F,30,127,60,0,1.05
165,12,D,255,205,55,0,1.05
165,13,R,236,36,41,0,1.05
165,14,R,228,26,28,0,1.05
165,15,U,255,220,216,0,1.05
165,16,D,255,188,56,0,1.05
165,17,L,255,99,39,0,1.05
165,18,D,255,204,36,0,1.05
165,19,F,27,148,67,0,1.05
165,20,U,255,222,220,0,1.05
165,21,R,225,31,23,0,1.05
165,22,F,31,145,59,0,1.05
165,23,B,45,61,169,0,1.05
165,24,R,234,26,43,0,1.05
165,25,U,255,218,220,0,1.05
165,26,R,231,35,31,0,1.05
165,27,B,29,73,187,0,1.05
165,28,F,36,127,63,0,1.05
165,29,B,97,131,235,1,1.05
165,30,B,14,72,184,0,1.05
165,31,D,255,192,38,0,1.05
165,32,L,255,104,20,0,1.05
165,33,F,19,133,64,0,1.05
165,34,R,221,33,46,0,1.05
165,35,D,255,200,37,0,1.05
165,36,L,255,94,5,0,1.05
165,37,R,223,39,46,0,1.05
165,38,B,22,62,171,0,1.05
165,39,L,255,97,30,0,1.05
165,40,L,255,98,6,0,1.05
165,41,B,48,54,177,0,1.05
165,42,D,255,196,44,0,1.05
165,43,L,255,93,18,0,1.05
165,44,D,255,182,44,0,1.05
165,45,U,255,222,226,0,1.05
165,46,U,255,202,214,0,1.05
165,47,B,24,58,171,0,1.05
165,48,U,255,211,219,0,1.05
165,49,B,30,73,193,0,1.05
165,50,F,30,135,59,0,1.05
165,51,F,38,142,61,0,1.05
165,52,D,255,200,46,0,1.05
165,53,R,225,31,23,0,1.05
166,0,L,209,125,14,0,1.048
166,1,F,11,167,53,0,1.048
166,2,R,171,50,45,0,1.048
166,3,R,187,45,36,0,1.048
166,4,U,213,255,255,0,1.048
166,5,B,34,83,203,0,1.048
166,6,R,165,41,38,0,1.048
166,7,D,227,247,31,0,1.048
166,8,F,39,163,77,0,1.048
166,9,U,222,255,255,0,1.048
166,10,R,187,40,36,0,1.048
166,11,F,21,170,76,0,1.048
166,12,L,216,115,16,0,1.048
166,13,R,174,57,41,0,1.048
166,14,D,215,241,48,0,1.048
166,15,F,24,149,63,0,1.048
166,16,D,214,241,37,0,1.048
166,17,F,21,156,64,0,1.048
166,18,B,41,84,204,0,1.048
166,19,L,208,111,35,0,1.048
166,20,R,173,38,45,0,1.048
166,21,F,24,145,76,0,1.048
166,22,F,37,166,67,0,1.048
166,23,B,25,75,186,0,1.048
166,24,B,20,77,209,0,1.048
166,25,U,207,255,248,0,1.048
166,26,U,218,255,253,0,1.048
166,27,R,179,24,55,0,1.048
166,28,R,160,44,49,0,1.048
166,29,L,216,113,31,0,1.048
166,30,B,19,88,177,0,1.048
166,31,D,220,216,43,0,1.048
166,32,B,21,84,191,0,1.048
166,33,U,207,241,244,0,1.048
166,34,U,216,255,240,0,1.048
166,35,L,213,126,29,0,1.048
166,36,D,203,232,35,0,1.048
166,37,D,197,241,45,0,1.048
166,38,D,211,241,44,0,1.048
166,39,L,211,124,25,0,1.048
166,40,L,209,129,14,0,1.048
166,41,U,230,255,244,0,1.048
166,42,B,26,70,197,0,1.048
166,43,U,255,255,255,1,1.048
166,44,U,213,255,255,0,1.048
166,45,D,217,246,42,0,1.048
166,46,R,173,39,36,0,1.048
166,47,B,10,76,207,0,1.048
166,48,F,21,172,78,0,1.048
166,49,B,20,77,199,0,1.048
166,50,F,28,169,70,0,1.048
166,51,D,230,240,45,0,1.048
166,52,L,209,122,37,0,1.048
166,53,L,220,122,26,0,1.048
167,0,L,209,95,28,0,0.813
167,1,F,24,139,61,0,0.813
167,2,U,213,212,195,0,0.813
167,3,B,98,122,218,1,0.813
167,4,U,210,212,182,0,0.813
167,5,D,208,192,46,0,0.813
167,6,L,215,97,28,0,0.813
167,7,L,206,99,30,0,0.813
167,8,R,175,31,30,0,0.813
167,9,F,26,144,50,0,0.813
167,10,L,217,103,5,0,0.813
167,11,L,224,116,26,0,0.813
167,12,F,25,135,54,0,0.813
167,13,R,191,40,26,0,0.813
167,14,D,233,192,27,0,0.813
167,15,B,22,70,147,0,0.813
167,16,R,253,101,114,1,0.813
167,17,D,210,199,37,0,0.813
167,18,F,36,122,49,0,0.813
167,19,U,201,219,179,0,0.813
167,20,U,219,224,191,0,0.813
167,21,R,174,33,56,0,0.813
167,22,F,20,143,47,0,0.813
167,23,L,224,95,25,0,0.813
167,24,F,12,140,71,0,0.813
167,25,F,15,134,59,0,0.813
167,26,R,167,10,19,0,0.813
167,27,R,177,37,33,0,0.813
167,28,D,222,206,32,0,0.813
167,29,D,232,210,29,0,0.813
167,30,D,232,203,31,0,0.813
167,31,D,221,206,22,0,0.813
167,32,U,204,225,200,0,0.813
167,33,R,178,37,19,0,0.813
167,34,R,165,24,29,0,0.813
167,35,L,218,98,20,0,0.813
167,36,B,22,70,157,0,0.813
167,37,L,224,113,19,0,0.813
167,38,D,218,183,18,0,0.813
167,39,B,30,69,149,0,0.813
167,40,L,214,92,2,0,0.813
167,41,F,19,136,31,0,0.813
167,42,B,34,59,152,0,0.813
167,43,R,186,40,29,0,0.813
167,44,D,229,205,32,0,0.813
167,45,F,26,131,53,0,0.813
167,46,U,211,214,185,0,0.813
167,47,U,224,214,182,0,0.813
167,48,B,20,87,145,0,0.813
167,49,B,27,53,149,0,0.813
167,50,U,207,211,190,0,0.813
167,51,B,37,66,153,0,0.813
167,52,B,25,61,149,0,0.813
167,53,U,224,218,181,0,0.813
168,0,U,113,127,131,0,0.538
168,1,B,20,26,115,0,0.538
168,2,L,110,57,32,0,0.538
168,3,D,128,108,20,0,0.538
168,4,U,124,130,134,0,0.538
168,5,F,19,75,15,0,0.538
168,6,U,126,119,139,0,0.538
168,7,B,11,35,101,0,0.538
168,8,U,123,130,144,0,0.538
168,9,R,100,20,19,0,0.538
168,10,U,117,126,114,0,0.538
168,11,D,110,111,30,0,0.538
168,12,D,131,126,17,0,0.538
168,13,R,95,12,17,0,0.538
168,14,L,114,59,21,0,0.538
168,15,B,1,36,100,0,0.538
168,16,F,24,92,34,0,0.538
168,17,R,89,21,31,0,0.538
168,18,F,5,75,40,0,0.538
168,19,D,111,124,23,0,0.538
168,20,F,13,69,47,0,0.538
168,21,U,106,117,129,0,0.538
168,22,F,12,67,31,0,0.538
168,23,L,121,57,16,0,0.538
168,24,R,102,20,31,0,0.538
168,25,R,94,9,36,0,0.538
168,26,R,81,5,14,0,0.538
168,27,D,138,113,32,0,0.538
168,28,F,0,70,40,0,0.538
168,29,D,115,113,28,0,0.538
168,30,D,120,113,25,0,0.538
168,31,D,117,115,31,0,0.538
168,32,L,109,60,22,0,0.538
168,33,B,11,36,123,0,0.538
168,34,B,22,55,123,0,0.538
168,35,B,10,31,106,0,0.538
168,36,L,124,30,15,0,0.538
168,37,F,23,79,40,0,0.538
168,38,L,115,44,22,0,0.538
168,39,B,11,41,109,0,0.538
168,40,L,132,62,18,0,0.538
168,41,R,94,10,26,0,0.538
168,42,D,128,112,6,0,0.538
168,43,R,88,32,19,0,0.538
168,44,F,14,63,33,0,0.538
168,45,F,6,85,42,0,0.538
168,46,R,99,24,19,0,0.538
168,47,B,26,35,116,0,0.538
168,48,U,134,119,137,0,0.538
168,49,B,12,38,111,0,0.538
168,50,U,116,123,140,0,0.538
168,51,U,106,117,130,0,0.538
168,52,L,106,61,11,0,0.538
168,53,L,110,47,8,0,0.538
169,0,B,30,48,169,0,0.945
169,1,F,32,126,42,0,0.945
169,2,R,193,33,31,0,0.945
169,3,D,246,171,37,0,0.945
169,4,U,232,201,202,0,0.945
169,5,B,18,63,140,0,0.945
169,6,D,242,179,46,0,0.945
169,7,D,242,165,34,0,0.945
169,8,D,253,170,28,0,0.945
169,9,B,39,50,149,0,0.945
169,10,U,243,203,206,0,0.945
169,11,U,246,182,199,0,0.945
169,12,D,255,181,43,0,0.945
169,13,R,187,22,30,0,0.945
169,14,D,255,174,34,0,0.945
169,15,L,243,67,31,0,0.945
169,16,U,231,188,187,0,0.945
169,17,U,242,189,196,0,0.945
169,18,F,38,113,53,0,0.945
169,19,B,31,54,157,0,0.945
169,20,L,255,97,15,0,0.945
169,21,U,249,185,204,0,0.945
169,22,F,15,130,58,0,0.945
169,23,F,29,123,57,0,0.945
169,24,U,240,193,205,0,0.945
169,25,R,203,17,39,0,0.945
169,26,U,237,187,193,0,0.945
169,27,F,21,122,61,0,0.945
169,28,U,255,196,194,0,0.945
169,29,B,32,65,155,0,0.945
169,30,R,255,93,120,1,0.945
169,31,D,249,175,40,0,0.945
169,32,F,17,114,54,0,0.945
169,33,L,253,88,16,0,0.945
169,34,L,233,103,11,0,0.945
169,35,R,210,19,43,0,0.945
169,36,D,255,169,39,0,0.945
169,37,R,205,35,32,0,0.945
169,38,R,209,25,26,0,0.945
169,39,R,207,35,34,0,0.945
169,40,L,245,96,35,0,0.945
169,41,L,255,169,108,1,0.945
169,42,D,245,181,35,0,0.945
169,43,F,29,133,42,0,0.945
169,44,L,242,79,19,0,0.945
169,45,F,41,114,52,0,0.945
169,46,L,242,93,19,0,0.945
169,47,R,193,18,33,0,0.945
169,48,L,237,71,31,0,0.945
169,49,B,27,53,160,0,0.945
169,50,B,32,50,162,0,0.945
169,51,B,22,67,142,0,0.945
169,52,B,15,69,152,0,0.945
169,53,F,20,113,36,0,0.945
170,0,R,238,38,53,0,1.276
170,1,F,21,159,95,0,1.276
170,2,L,255,112,39,0,1.276
170,3,F,29,149,75,0,1.276
170,4,U,255,255,255,0,1.276
170,5,F,37,157,70,0,1.276
170,6,R,255,98,120,1,1.276
170,7,U,255,250,255,0,1.276
170,8,U,255,255,255,0,1.276
170,9,L,255,195,96,1,1.276
170,10,L,255,124,29,0,1.276
170,11,B,29,73,255,0,1.276
170,12,B,18,80,255,0,1.276
170,13,R,240,50,50,0,1.276
170,14,R,255,109,115,1,1.276
170,15,D,255,239,45,0,1.276
170,16,U,255,255,255,0,1.276
170,17,L,255,123,26,0,1.276
170,18,U,255,255,255,0,1.276
170,19,B,34,71,239,0,1.276
170,20,B,35,75,241,0,1.276
170,21,L,255,130,39,0,1.276
170,22,F,27,168,103,0,1.276
170,23,R,235,44,72,0,1.276
170,24,F,30,170,65,0,1.276
170,25,R,250,38,58,0,1.276
170,26,R,241,41,60,0,1.276
170,27,L,255,118,31,0,1.276
170,28,U,255,255,255,0,1.276
170,29,F,22,163,75,0,1.276
170,30,B,29,66,229,0,1.276
170,31,D,255,233,68,0,1.276
170,32,L,255,199,106,1,1.276
170,33,R,242,31,56,0,1.276
170,34,F,106,223,158,1,1.276
170,35,D,255,222,45,0,1.276
170,36,F,37,172,81,0,1.276
170,37,U,255,255,255,0,1.276
170,38,B,23,80,233,0,1.276
170,39,L,255,123,30,0,1.276
170,40,L,255,109,48,0,1.276
170,41,D,255,231,60,0,1.276
170,42,D,255,255,112,1,1.276
170,43,D,255,241,35,0,1.276
170,44,U,255,255,255,0,1.276
170,45,D,255,243,38,0,1.276
170,46,R,225,23,55,0,1.276
170,47,U,255,255,255,0,1.276
170,48,D,255,232,72,0,1.276
170,49,B,34,62,240,0,1.276
170,50,B,25,89,242,0,1.276
170,51,F,42,157,76,0,1.276
170,52,D,255,235,43,0,1.276
170,53,B,36,86,237,0,1.276
171,0,L,230,120,32,0,1.013
171,1,F,24,173,81,0,1.013
171,2,U,232,255,255,0,1.013
171,3,D,252,241,45,0,1.013
171,4,U,232,255,255,0,1.013
171,5,R,180,42,48,0,1.013
171,6,R,199,38,44,0,1.013
171,7,F,17,177,82,0,1.013
171,8,R,182,33,48,0,1.013
171,9,B,24,82,208,0,1.013
171,10,D,234,252,31,0,1.013
171,11,R,195,27,45,0,1.013
171,12,U,229,255,255,0,1.013
171,13,R,192,22,36,0,1.013
171,14,L,233,129,21,0,1.013
171,15,U,250,255,255,0,1.013
171,16,R,175,26,36,0,1.013
171,17,R,180,21,41,0,1.013
171,18,D,232,255,44,0,1.013
171,19,R,192,17,57,0,1.013
171,20,D,252,233,36,0,1.013
171,21,F,19,180,61,0,1.013
171,22,F,17,156,74,0,1.013
171,23,B,32,71,220,0,1.013
171,24,D,241,235,49,0,1.013
171,25,L,245,134,32,0,1.013
171,26,B,36,79,214,0,1.013
171,27,L,249,123,21,0,1.013
171,28,D,229,238,29,0,1.013
171,29,L,227,115,26,0,1.013
171,30,F,14,168,72,0,1.013
171,31,D,246,251,57,0,1.013
171,32,B,23,68,218,0,1.013
171,33,L,238,120,35,0,1.013
171,34,B,41,82,208,0,1.013
171,35,U,236,255,255,0,1.013
171,36,U,225,255,255,0,1.013
171,37,B,24,69,219,0,1.013
171,38,F,35,156,78,0,1.013
171,39,R,198,49,49,0,1.013
171,40,L,241,125,34,0,1.013
171,41,U,249,255,255,0,1.013
171,42,B,25,95,201,0,1.013
171,43,D,235,237,55,0,1.013
171,44,F,88,236,142,1,1.013
171,45,B,30,84,202,0,1.013
171,46,L,225,112,37,0,1.013
171,47,F,23,171,72,0,1.013
171,48,U,222,252,252,0,1.013
171,49,B,41,76,215,0,1.013
171,50,U,226,255,255,0,1.013
171,51,F,12,165,75,0,1.013
171,52,L,243,121,33,0,1.013
171,53,D,242,244,41,0,1.013
172,0,B,27,69,142,0,0.875
172,1,F,21,152,54,0,0.875
172,2,F,29,117,58,0,0.875
172,3,F,11,139,51,0,0.875
172,4,U,217,197,177,0,0.875
172,5,D,223,171,39,0,0.875
172,6,L,209,93,15,0,0.875
172,7,B,36,48,150,0,0.875
172,8,U,225,179,164,0,0.875
172,9,R,173,17,32,0,0.875
172,10,F,28,138,43,0,0.875
172,11,U,225,201,180,0,0.875
172,12,D,225,185,27,0,0.875
172,13,R,183,27,22,0,0.875
172,14,B,7,68,148,0,0.875
172,15,F,23,139,48,0,0.875
172,16,D,225,182,40,0,0.875
172,17,R,193,24,25,0,0.875
172,18,D,234,193,35,0,0.875
172,19,L,210,97,20,0,0.875
172,20,F,21,133,47,0,0.875
172,21,F,27,129,46,0,0.875
172,22,F,38,129,54,0,0.875
172,23,L,229,87,17,0,0.875
172,24,B,17,59,133,0,0.875
172,25,U,228,203,166,0,0.875
172,26,L,225,87,7,0,0.875
172,27,R,182,26,24,0,0.875
172,28,L,227,99,20,0,0.875
172,29,D,255,255,110,1,0.875
172,30,B,27,63,119,0,0.875
172,31,D,223,201,26,0,0.875
172,32,R,178,23,16,0,0.875
172,33,R,184,41,44,0,0.875
172,34,R,177,19,26,0,0.875
172,35,F,28,126,55,0,0.875
172,36,U,224,193,167,0,0.875
172,37,L,228,102,19,0,0.875
172,38,B,36,60,140,0,0.875
172,39,R,179,31,12,0,0.875
172,40,L,222,96,12,0,0.875
172,41,R,172,36,26,0,0.875
172,42,D,224,193,20,0,0.875
172,43,D,246,179,25,0,0.875
172,44,U,210,198,168,0,0.875
172,45,L,218,86,0,0,0.875
172,46,U,231,209,181,0,0.875
172,47,L,226,100,13,0,0.875
172,48,U,244,198,166,0,0.875
172,49,B,40,57,143,0,0.875
172,50,B,16,58,146,0,0.875
172,51,D,229,175,36,0,0.875
172,52,U,215,190,183,0,0.875
172,53,B,26,59,136,0,0.875
173,0,U,255,218,255,0,1.097
173,1,U,255,255,255,1,1.097
173,2,F,40,127,72,0,1.097
173,3,B,33,65,234,0,1.097
173,4,U,255,201,255,0,1.097
173,5,F,26,141,72,0,1.097
173,6,F,21,146,82,0,1.097
173,7,U,255,215,255,0,1.097
173,8,D,255,206,49,0,1.097
173,9,L,255,113,39,0,1.097
173,10,D,255,203,49,0,1.097
173,11,U,255,219,255,0,1.097
173,12,D,255,202,49,0,1.097
173,13,R,220,15,46,0,1.097
173,14,L,255,106,23,0,1.097
173,15,B,19,51,228,0,1.097
173,16,R,221,33,37,0,1.097
173,17,L,255,102,28,0,1.097
173,18,U,255,226,255,0,1.097
173,19,L,255,99,34,0,1.097
173,20,F,34,142,71,0,1.097
173,21,L,255,102,30,0,1.097
173,22,F,40,140,82,0,1.097
173,23,L,255,111,20,0,1.097
173,24,F,21,125,86,0,1.097
173,25,U,255,216,255,0,1.097
173,26,D,255,206,41,0,1.097
173,27,R,233,30,48,0,1.097
173,28,F,34,139,78,0,1.097
173,29,L,255,117,34,0,1.097
173,30,R,237,16,49,0,1.097
173,31,D,255,198,52,0,1.097
173,32,F,45,145,87,0,1.097
173,33,B,41,76,229,0,1.097
173,34,U,255,230,255,0,1.097
173,35,U,255,234,255,0,1.097
173,36,B,20,66,218,0,1.097
173,37,D,255,201,44,0,1.097
173,38,R,226,18,30,0,1.097
173,39,R,232,36,55,0,1.097
173,40,L,255,107,28,0,1.097
173,41,F,39,132,81,0,1.097
173,42,R,222,34,49,0,1.097
173,43,D,255,199,41,0,1.097
173,44,D,255,209,39,0,1.097
173,45,L,255,96,26,0,1.097
173,46,B,31,76,232,0,1.097
173,47,R,231,25,47,0,1.097
173,48,B,35,67,229,0,1.097
173,49,B,33,79,239,0,1.097
173,50,B,41,69,222,0,1.097
173,51,B,21,67,220,0,1.097
173,52,R,211,26,66,0,1.097
173,53,D,255,203,48,0,1.097
174,0,B,27,64,236,0,1.07
174,1,F,32,161,83,0,1.07
174,2,L,239,122,22,0,1.07
174,3,U,223,245,255,0,1.07
174,4,U,243,243,255,0,1.07
174,5,F,26,165,77,0,1.07
174,6,B,31,80,232,0,1.07
174,7,R,192,29,44,0,1.07
174,8,D,239,219,55,0,1.07
174,9,R,196,31,50,0,1.07
174,10,L,239,128,38,0,1.07
174,11,F,23,164,67,0,1.07
174,12,R,189,26,52,0,1.07
174,13,R,189,26,44,0,1.07
174,14,F,14,148,73,0,1.07
174,15,R,196,34,55,0,1.07
174,16,B,39,81,220,0,1.07
174,17,F,21,171,81,0,1.07
174,18,R,196,34,39,0,1.07
174,19,U,242,247,255,0,1.07
174,20,B,29,88,232,0,1.07
174,21,U,228,247,255,0,1.07
174,22,F,7,155,83,0,1.07
174,23,B,18,73,232,0,1.07
174,24,B,22,71,231,0,1.07
174,25,D,241,226,53,0,1.07
174,26,U,234,242,255,0,1.07
174,27,U,233,255,255,0,1.07
174,28,R,208,34,52,0,1.07
174,29,F,32,162,79,0,1.07
174,30,U,235,241,255,0,1.07
174,31,D,250,208,63,0,1.07
174,32,L,245,114,44,0,1.07
174,33,R,207,40,30,0,1.07
174,34,D,227,232,40,0,1.07
174,35,L,241,113,34,0,1.07
174,36,L,235,116,17,0,1.07
174,37,F,25,151,88,0,1.07
174,38,U,232,251,255,0,1.07
174,39,D,242,220,50,0,1.07
174,40,L,237,122,23,0,1.07
174,41,B,16,79,235,0,1.07
174,42,F,104,239,135,1,1.07
174,43,L,239,117,31,0,1.07
174,44,L,245,131,29,0,1.07
174,45,U,236,253,255,0,1.07
174,46,R,191,38,59,0,1.07
174,47,D,238,236,42,0,1.07
174,48,D,253,219,42,0,1.07
174,49,B,14,71,232,0,1.07
174,50,L,236,113,28,0,1.07
174,51,D,238,223,49,0,1.07
174,52,B,20,74,224,0,1.07
174,53,D,232,232,42,0,1.07
175,0,D,141,148,16,0,0.66
175,1,D,129,149,38,0,0.66
175,2,L,131,81,14,0,0.66
175,3,B,15,40,145,0,0.66
175,4,U,138,166,175,0,0.66
175,5,L,125,73,20,0,0.66
175,6,U,149,166,183,0,0.66
175,7,F,23,101,50,0,0.66
175,8,R,119,13,40,0,0.66
175,9,F,2,119,55,0,0.66
175,10,F,27,115,48,0,0.66
175,11,F,1,122,51,0,0.66
175,12,F,21,104,29,0,0.66
175,13,R,115,14,28,0,0.66
175,14,L,142,69,21,0,0.66
175,15,F,8,104,52,0,0.66
175,16,U,126,166,167,0,0.66
175,17,U,145,169,175,0,0.66
175,18,L,128,67,16,0,0.66
175,19,R,123,25,25,0,0.66
175,20,U,132,181,174,0,0.66
175,21,F,3,93,61,0,0.66
175,22,F,15,108,49,0,0.66
175,23,D,139,154,28,0,0.66
175,24,F,0,106,43,0,0.66
175,25,B,22,58,134,0,0.66
175,26,D,139,156,44,0,0.66
175,27,D,148,150,40,0,0.66
175,28,U,130,179,170,0,0.66
175,29,R,101,18,27,0,0.66
175,30,U,146,180,156,0,0.66
175,31,D,136,164,32,0,0.66
175,32,R,115,26,34,0,0.66
175,33,B,24,47,119,0,0.66
175,34,D,144,151,15,0,0.66
175,35,R,111,15,28,0,0.66
175,36,B,0,54,136,0,0.66
175,37,R,112,15,22,0,0.66
175,38,B,21,55,135,0,0.66
175,39,D,130,159,24,0,0.66
175,40,L,144,74,19,0,0.66
175,41,U,140,166,173,0,0.66
175,42,R,100,31,25,0,0.66
175,43,L,134,78,14,0,0.66
175,44,L,131,81,12,0,0.66
175,45,U,135,171,168,0,0.66
175,46,B,7,56,152,0,0.66
175,47,L,132,86,12,0,0.66
175,48,B,12,42,132,0,0.66
175,49,B,8,49,134,0,0.66
175,50,L,154,72,22,0,0.66
175,51,B,20,36,123,0,0.66
175,52,R,117,12,26,0,0.66
175,53,D,119,147,26,0,0.66
176,0,B,34,100,229,0,1.168
176,1,R,208,36,47,0,1.168
176,2,U,241,255,255,0,1.168
176,3,F,25,173,82,0,1.168
176,4,U,255,255,255,0,1.168
176,5,L,234,130,38,0,1.168
176,6,R,200,45,59,0,1.168
176,7,U,241,255,255,0,1.168
176,8,R,200,49,32,0,1.168
176,9,U,251,255,255,0,1.168
176,10,U,237,255,255,0,1.168
176,11,F,38,182,78,0,1.168
176,12,B,26,89,240,0,1.168
176,13,R,196,34,43,0,1.168
176,14,L,243,132,26,0,1.168
176,15,L,241,143,37,0,1.168
176,16,L,245,142,31,0,1.168
176,17,U,252,255,255,0,1.168
176,18,B,30,82,225,0,1.168
176,19,R,198,37,40,0,1.168
176,20,B,24,80,236,0,1.168
176,21,D,238,255,64,0,1.168
176,22,F,33,182,92,0,1.168
176,23,U,240,255,255,0,1.168
176,24,F,22,186,98,0,1.168
176,25,B,19,78,247,0,1.168
176,26,D,243,255,45,0,1.168
176,27,R,191,40,41,0,1.168
176,28,R,188,34,53,0,1.168
176,29,F,37,182,87,0,1.168
176,30,R,207,40,56,0,1.168
176,31,D,247,248,55,0,1.168
176,32,F,17,186,73,0,1.168
176,33,B,16,84,224,0,1.168
176,34,B,26,83,232,0,1.168
176,35,L,255,140,29,0,1.168
176,36,L,250,136,28,0,1.168
176,37,U,233,255,255,0,1.168
176,38,D,249,255,62,0,1.168
176,39,D,243,255,29,0,1.168
176,40,L,235,116,30,0,1.168
176,41,F,26,176,75,0,1.168
176,42,L,255,136,35,0,1.168
176,43,D,241,255,51,0,1.168
176,44,D,246,255,47,0,1.168
176,45,R,253,109,121,1,1.168
176,46,F,30,187,94,0,1.168
176,47,D,245,255,60,0,1.168
176,48,D,255,255,115,1,1.168
176,49,B,22,76,233,0,1.168
176,50,B,42,99,235,0,1.168
176,51,F,30,191,71,0,1.168
176,52,L,240,132,16,0,1.168
176,53,U,237,255,255,0,1.168
177,0,R,148,7,40,0,0.843
177,1,D,255,255,111,1,0.843
177,2,B,18,73,160,0,0.843
177,3,U,185,200,226,0,0.843
177,4,U,184,204,216,0,0.843
177,5,R,166,22,29,0,0.843
177,6,D,185,186,47,0,0.843
177,7,B,1,49,185,0,0.843
177,8,F,16,121,55,0,0.843
177,9,R,143,17,37,0,0.843
177,10,U,179,213,195,0,0.843
177,11,U,189,194,228,0,0.843
177,12,F,11,131,72,0,0.843
177,13,R,154,20,35,0,0.843
177,14,D,191,194,37,0,0.843
177,15,L,190,84,23,0,0.843
177,16,B,29,57,170,0,0.843
177,17,F,16,136,63,0,0.843
177,18,R,153,19,22,0,0.843
177,19,L,193,90,29,0,0.843
177,20,D,193,178,27,0,0.843
177,21,F,27,110,40,0,0.843
177,22,F,32,120,60,0,0.843
177,23,D,197,199,28,0,0.843
177,24,D,188,190,36,0,0.843
177,25,B,13,66,160,0,0.843
177,26,B,27,59,174,0,0.843
177,27,L,179,91,31,0,0.843
177,28,R,221,104,111,1,0.843
177,29,D,186,180,36,0,0.843
177,30,U,181,210,206,0,0.843
177,31,D,203,177,29,0,0.843
177,32,U,185,189,228,0,0.843
177,33,B,32,70,188,0,0.843
177,34,D,199,168,41,0,0.843
177,35,U,179,206,213,0,0.843
177,36,F,15,120,63,0,0.843
177,37,F,28,118,62,0,0.843
177,38,B,23,58,172,0,0.843
177,39,F,28,137,65,0,0.843
177,40,L,191,99,18,0,0.843
177,41,L,184,93,15,0,0.843
177,42,L,191,108,38,0,0.843
177,43,L,183,89,16,0,0.843
177,44,F,25,126,68,0,0.843
177,45,R,141,26,31,0,0.843
177,46,B,21,57,159,0,0.843
177,47,U,192,200,216,0,0.843
177,48,L,184,85,23,0,0.843
177,49,B,25,72,175,0,0.843
177,50,R,215,104,104,1,0.843
177,51,L,183,93,27,0,0.843
177,52,R,140,26,36,0,0.843
177,53,U,182,213,202,0,0.843
178,0,L,173,87,21,0,0.849
178,1,L,185,69,17,0,0.849
178,2,R,133,12,27,0,0.849
178,3,B,21,52,168,0,0.849
178,4,U,162,186,191,0,0.849
178,5,L,175,90,18,0,0.849
178,6,F,22,115,48,0,0.849
178,7,U,167,180,194,0,0.849
178,8,B,14,60,151,0,0.849
178,9,D,248,248,93,1,0.849
178,10,U,173,190,193,0,0.849
178,11,U,177,194,186,0,0.849
178,12,D,179,182,23,0,0.849
178,13,R,145,28,35,0,0.849
178,14,R,214,87,103,1,0.849
178,15,B,18,58,154,0,0.849
178,16,D,193,176,49,0,0.849
178,17,B,27,58,159,0,0.849
178,18,D,189,162,21,0,0.849
178,19,R,130,30,30,0,0.849
178,20,R,139,25,39,0,0.849
178,21,U,241,247,255,1,0.849
178,22,F,25,116,57,0,0.849
178,23,L,182,84,14,0,0.849
178,24,D,169,164,24,0,0.849
178,25,B,20,45,154,0,0.849
178,26,D,175,174,24,0,0.849
178,27,F,19,123,40,0,0.849
178,28,R,144,19,25,0,0.849
178,29,L,162,86,15,0,0.849
178,30,B,15,60,129,0,0.849
178,31,D,185,185,31,0,0.849
178,32,R,138,22,39,0,0.849
178,33,B,37,48,129,0,0.849
178,34,F,21,116,51,0,0.849
178,35,U,172,166,191,0,0.849
178,36,U,168,185,185,0,0.849
178,37,L,237,141,101,1,0.849
178,38,L,173,88,32,0,0.849
178,39,D,182,169,14,0,0.849
178,40,L,183,92,11,0,0.849
178,41,F,6,120,51,0,0.849
178,42,L,185,75,19,0,0.849
178,43,U,179,187,179,0,0.849
178,44,R,129,19,48,0,0.849
178,45,F,12,113,59,0,0.849
178,46,F,22,127,47,0,0.849
178,47,F,13,123,50,0,0.849
178,48,F,18,109,46,0,0.849
178,49,B,12,49,147,0,0.849
178,50,B,16,52,161,0,0.849
178,51,R,154,20,44,0,0.849
178,52,D,181,150,34,0,0.849
178,53,U,233,255,255,1,0.849
179,0,D,201,165,26,0,0.784
179,1,D,181,163,23,0,0.784
179,2,B,19,58,140,0,0.784
179,3,U,190,184,178,0,0.784
179,4,U,190,164,154,0,0.784
179,5,R,150,21,34,0,0.784
179,6,U,185,164,170,0,0.784
179,7,B,20,43,131,0,0.784
179,8,F,21,108,53,0,0.784
179,9,R,145,20,22,0,0.784
179,10,D,185,161,43,0,0.784
179,11,D,186,158,24,0,0.784
179,12,R,138,17,28,0,0.784
179,13,R,147,15,31,0,0.784
179,14,U,193,165,178,0,0.784
179,15,L,255,157,93,1,0.784
179,16,F,27,108,38,0,0.784
179,17,F,11,104,41,0,0.784
179,18,B,14,49,141,0,0.784
179,19,D,185,157,45,0,0.784
179,20,D,181,150,21,0,0.784
179,21,R,158,28,19,0,0.784
179,22,F,23,97,51,0,0.784
179,23,B,20,51,128,0,0.784
179,24,D,190,156,40,0,0.784
179,25,U,186,169,170,0,0.784
179,26,F,24,114,54,0,0.784
179,27,R,156,20,19,0,0.784
179,28,F,20,119,58,0,0.784
179,29,U,180,185,186,0,0.784
179,30,B,26,43,147,0,0.784
179,31,D,196,172,27,0,0.784
179,32,D,187,164,39,0,0.784
179,33,B,27,47,137,0,0.784
179,34,L,187,83,26,0,0.784
179,35,R,144,10,38,0,0.784
179,36,L,184,78,26,0,0.784
179,37,R,139,22,27,0,0.784
179,38,R,153,21,35,0,0.784
179,39,L,245,146,82,1,0.784
179,40,L,193,89,19,0,0.784
179,41,F,25,107,44,0,0.784
179,42,L,196,79,29,0,0.784
179,43,L,204,70,23,0,0.784
179,44,B,17,54,124,0,0.784
179,45,L,190,73,21,0,0.784
179,46,L,189,86,19,0,0.784
179,47,F,22,106,37,0,0.784
179,48,B,15,47,139,0,0.784
179,49,B,21,53,150,0,0.784
179,50,U,201,162,177,0,0.784
179,51,U,189,168,181,0,0.784
179,52,F,3,114,47,0,0.784
179,53,U,171,168,190,0,0.784
180,0,D,255,232,60,0,0.963
180,1,B,29,68,206,0,0.963
180,2,L,255,125,30,0,0.963
180,3,L,245,123,13,0,0.963
180,4,U,250,237,253,0,0.963
180,5,F,23,152,76,0,0.963
180,6,L,252,104,33,0,0.963
180,7,D,255,208,37,0,0.963
180,8,D,255,215,47,0,0.963
180,9,F,23,150,69,0,0.963
180,10,L,248,117,35,0,0.963
180,11,U,255,233,244,0,0.963
180,12,B,12,79,199,0,0.963
180,13,R,194,22,49,0,0.963
180,14,D,255,222,44,0,0.963
180,15,B,35,73,179,0,0.963
180,16,U,255,226,255,0,0.963
180,17,U,253,230,245,0,0.963
180,18,F,21,154,73,0,0.963
180,19,B,87,126,255,1,0.963
180,20,R,207,20,51,0,0.963
180,21,F,37,155,73,0,0.963
180,22,F,23,128,75,0,0.963
180,23,R,197,46,39,0,0.963
180,24,F,32,145,58,0,0.963
180,25,F,23,168,69,0,0.963
180,26,U,236,244,255,0,0.963
180,27,L,245,112,27,0,0.963
180,28,D,251,217,30,0,0.963
180,29,R,206,38,36,0,0.963
180,30,L,255,117,31,0,0.963
180,31,D,255,216,37,0,0.963
180,32,F,103,225,122,1,0.963
180,33,R,204,24,40,0,0.963
180,34,U,255,255,255,1,0.963
180,35,F,22,146,71,0,0.963
180,36,B,30,92,193,0,0.963
180,37,B,23,78,198,0,0.963
180,38,D,255,255,99,1,0.963
180,39,L,255,103,33,0,0.963
180,40,L,248,113,36,0,0.963
180,41,R,197,24,52,0,0.963
180,42,D,255,215,50,0,0.963
180,43,U,244,236,238,0,0.963
180,44,U,241,241,255,0,0.963
180,45,B,28,59,200,0,0.963
180,46,U,254,236,255,0,0.963
180,47,L,245,113,24,0,0.963
180,48,R,255,98,116,1,0.963
180,49,B,17,68,204,0,0.963
180,50,D,255,224,44,0,0.963
180,51,R,212,40,41,0,0.963
180,52,R,219,42,40,0,0.963
180,53,B,26,67,200,0,0.963
181,0,U,237,216,240,0,0.96
181,1,U,238,224,251,0,0.96
181,2,U,239,211,241,0,0.96
181,3,U,247,214,238,0,0.96
181,4,U,241,227,232,0,0.96
181,5,U,247,206,250,0,0.96
181,6,L,235,95,19,0,0.96
181,7,F,17,127,65,0,0.96
181,8,B,33,62,212,0,0.96
181,9,L,232,95,26,0,0.96
181,10,B,38,58,197,0,0.96
181,11,F,33,133,72,0,0.96
181,12,D,238,194,41,0,0.96
181,13,R,187,33,29,0,0.96
181,14,L,224,96,14,0,0.96
181,15,D,231,186,40,0,0.96
181,16,R,176,25,36,0,0.96
181,17,B,33,51,184,0,0.96
181,18,B,12,55,189,0,0.96
181,19,L,238,93,24,0,0.96
181,20,D,237,199,30,0,0.96
181,21,B,18,63,207,0,0.96
181,22,F,19,130,73,0,0.96
181,23,F,25,136,81,0,0.96
181,24,F,19,142,82,0,0.96
181,25,U,255,255,255,1,0.96
181,26,F,27,148,69,0,0.96
181,27,L,214,102,24,0,0.96
181,28,R,177,33,37,0,0.96
181,29,L,227,117,35,0,0.96
181,30,D,251,209,31,0,0.96
181,31,D,253,187,33,0,0.96
181,32,B,28,61,210,0,0.96
181,33,D,236,201,41,0,0.96
181,34,R,183,25,38,0,0.96
181,35,R,190,26,48,0,0.96
181,36,B,23,66,210,0,0.96
181,37,F,29,158,68,0,0.96
181,38,U,236,219,253,0,0.96
181,39,R,195,27,40,0,0.96
181,40,L,231,100,14,0,0.96
181,41,D,229,187,53,0,0.96
181,42,R,191,35,40,0,0.96
181,43,L,236,94,11,0,0.96
181,44,U,232,210,239,0,0.96
181,45,R,178,32,48,0,0.96
181,46,L,238,109,19,0,0.96
181,47,R,194,27,38,0,0.96
181,48,B,25,56,194,0,0.96
181,49,B,25,50,209,0,0.96
181,50,F,33,143,81,0,0.96
181,51,D,244,200,54,0,0.96
181,52,D,235,185,49,0,0.96
181,53,F,23,145,73,0,0.96
182,0,L,195,91,13,0,0.827
182,1,B,22,57,174,0,0.827
182,2,R,177,27,33,0,0.827
182,3,R,163,24,32,0,0.827
182,4,U,203,187,200,0,0.827
182,5,F,23,132,61,0,0.827
182,6,R,160,34,38,0,0.827
182,7,B,35,62,167,0,0.827
182,8,B,12,68,175,0,0.827
182,9,R,173,21,27,0,0.827
182,10,L,211,92,3,0,0.827
182,11,U,206,185,218,0,0.827
182,12,D,213,163,38,0,0.827
182,13,R,162,30,26,0,0.827
182,14,R,151,32,20,0,0.827
182,15,U,200,199,213,0,0.827
182,16,L,203,109,32,0,0.827
182,17,D,204,178,30,0,0.827
182,18,D,206,195,41,0,0.827
182,19,D,204,169,16,0,0.827
182,20,U,255,255,255,1,0.827
182,21,U,192,201,205,0,0.827
182,22,F,17,127,54,0,0.827
182,23,L,200,86,26,0,0.827
182,24,F,8,124,62,0,0.827
182,25,D,255,253,115,1,0.827
182,26,B,23,78,163,0,0.827
182,27,L,185,74,7,0,0.827
182,28,R,162,11,24,0,0.827
182,29,L,206,77,22,0,0.827
182,30,L,207,101,24,0,0.827
182,31,D,194,171,46,0,0.827
182,32,B,34,55,174,0,0.827
182,33,B,27,55,175,0,0.827
182,34,F,14,129,62,0,0.827
182,35,L,199,87,34,0,0.827
182,36,F,15,118,46,0,0.827
182,37,U,199,194,200,0,0.827
182,38,F,30,126,62,0,0.827
182,39,F,10,122,70,0,0.827
182,40,L,209,95,31,0,0.827
182,41,F,27,127,61,0,0.827
182,42,R,166,22,49,0,0.827
182,43,U,220,197,207,0,0.827
182,44,U,220,199,212,0,0.827
182,45,F,26,126,55,0,0.827
182,46,U,255,254,255,1,0.827
182,47,D,217,178,33,0,0.827
182,48,B,38,57,163,0,0.827
182,49,B,29,50,151,0,0.827
182,50,R,163,21,30,0,0.827
182,51,B,16,54,165,0,0.827
182,52,D,187,186,33,0,0.827
182,53,D,202,177,42,0,0.827
183,0,D,222,254,22,0,1.051
183,1,F,30,173,40,0,1.051
183,2,L,219,120,24,0,1.051
183,3,D,219,240,36,0,1.051
183,4,U,209,255,227,0,1.051
183,5,R,180,55,28,0,1.051
183,6,U,208,253,226,0,1.051
183,7,R,187,37,48,0,1.051
183,8,L,230,105,22,0,1.051
183,9,U,255,255,255,1,1.051
183,10,U,228,254,221,0,1.051
183,11,B,15,67,183,0,1.051
183,12,D,214,239,35,0,1.051
183,13,R,177,35,48,0,1.051
183,14,L,220,117,34,0,1.051
183,15,F,18,158,70,0,1.051
183,16,B,13,72,171,0,1.051
183,17,R,162,35,31,0,1.051
183,18,L,228,132,27,0,1.051
183,19,F,18,165,61,0,1.051
183,20,F,102,220,131,1,1.051
183,21,D,220,239,44,0,1.051
183,22,F,20,170,53,0,1.051
183,23,R,182,36,38,0,1.051
183,24,U,223,252,213,0,1.051
183,25,B,27,78,181,0,1.051
183,26,L,209,124,31,0,1.051
183,27,R,166,22,44,0,1.051
183,28,R,165,43,50,0,1.051
183,29,D,214,255,37,0,1.051
183,30,D,218,235,42,0,1.051
183,31,D,226,239,33,0,1.051
183,32,L,212,109,16,0,1.051
183,33,D,255,255,104,1,1.051
183,34,F,25,159,62,0,1.051
183,35,B,23,85,192,0,1.051
183,36,R,165,30,25,0,1.051
183,37,F,39,148,62,0,1.051
183,38,B,10,77,185,0,1.051
183,39,B,28,72,189,0,1.051
183,40,L,209,113,18,0,1.051
183,41,B,17,90,190,0,1.051
183,42,R,178,17,38,0,1.051
183,43,L,219,107,32,0,1.051
183,44,F,14,164,65,0,1.051
183,45,D,218,236,42,0,1.051
183,46,U,224,255,238,0,1.051
183,47,B,24,61,175,0,1.051
183,48,U,210,255,236,0,1.051
183,49,B,20,71,184,0,1.051
183,50,U,216,255,233,0,1.051
183,51,U,213,238,224,0,1.051
183,52,L,191,119,46,0,1.051
183,53,F,33,168,81,0,1.051
184,0,B,21,81,215,0,1.158
184,1,D,255,236,50,0,1.158
184,2,F,31,163,71,0,1.158
184,3,B,34,77,205,0,1.158
184,4,U,255,255,255,0,1.158
184,5,F,20,167,69,0,1.158
184,6,U,255,255,255,0,1.158
184,7,U,255,255,255,0,1.158
184,8,R,228,28,46,0,1.158
184,9,U,255,255,255,1,1.158
184,10,U,255,254,255,0,1.158
184,11,L,255,115,51,0,1.158
184,12,F,28,177,72,0,1.158
184,13,R,223,41,45,0,1.158
184,14,L,255,133,37,0,1.158
184,15,F,49,170,58,0,1.158
184,16,L,255,127,20,0,1.158
184,17,F,18,177,59,0,1.158
184,18,F,16,169,82,0,1.158
184,19,R,227,24,51,0,1.158
184,20,B,21,81,186,0,1.158
184,21,F,19,171,71,0,1.158
184,22,F,32,137,83,0,1.158
184,23,D,255,255,110,1,1.158
184,24,L,255,198,96,1,1.158
184,25,U,255,255,255,0,1.158
184,26,R,219,34,38,0,1.158
184,27,B,26,80,213,0,1.158
184,28,B,32,86,205,0,1.158
184,29,U,255,250,255,0,1.158
184,30,U,255,255,255,0,1.158
184,31,D,255,242,56,0,1.158
184,32,F,102,227,145,1,1.158
184,33,B,29,86,224,0,1.158
184,34,D,255,245,53,0,1.158
184,35,D,255,255,101,1,1.158
184,36,D,255,247,48,0,1.158
184,37,R,255,98,108,1,1.158
184,38,L,255,129,25,0,1.158
184,39,R,225,28,37,0,1.158
184,40,L,255,123,31,0,1.158
184,41,R,240,37,46,0,1.158
184,42,D,255,234,44,0,1.158
184,43,L,255,123,47,0,1.158
184,44,U,255,255,250,0,1.158
184,45,D,255,240,44,0,1.158
184,46,L,255,114,34,0,1.158
184,47,R,210,39,68,0,1.158
184,48,B,19,81,212,0,1.158
184,49,B,17,79,219,0,1.158
184,50,D,255,246,40,0,1.158
184,51,R,220,27,54,0,1.158
184,52,B,24,70,207,0,1.158
184,53,L,255,111,36,0,1.158
185,0,F,29,147,58,0,0.908
185,1,B,11,74,168,0,0.908
185,2,L,205,113,22,0,0.908
185,3,F,28,157,65,0,0.908
185,4,U,210,242,210,0,0.908
185,5,D,229,218,31,0,0.908
185,6,B,18,70,150,0,0.908
185,7,F,14,157,73,0,0.908
185,8,B,34,66,174,0,0.908
185,9,R,174,27,46,0,0.908
185,10,R,178,38,40,0,0.908
185,11,U,219,235,201,0,0.908
185,12,D,255,255,109,1,0.908
185,13,R,179,28,33,0,0.908
185,14,U,211,237,202,0,0.908
185,15,F,35,153,36,0,0.908
185,16,R,166,33,37,0,0.908
185,17,D,216,215,48,0,0.908
185,18,L,205,118,30,0,0.908
185,19,L,219,129,15,0,0.908
185,20,U,206,240,208,0,0.908
185,21,D,221,212,33,0,0.908
185,22,F,36,157,63,0,0.908
185,23,L,218,126,22,0,0.908
185,24,F,26,139,54,0,0.908
185,25,U,214,242,198,0,0.908
185,26,U,201,231,187,0,0.908
185,27,D,207,216,39,0,0.908
185,28,F,35,153,51,0,0.908
185,29,L,213,109,31,0,0.908
185,30,R,180,18,33,0,0.908
185,31,D,232,227,34,0,0.908
185,32,B,0,77,168,0,0.908
185,33,D,214,223,38,0,0.908
185,34,D,220,215,34,0,0.908
185,35,R,174,28,26,0,0.908
185,36,U,201,239,196,0,0.908
185,37,R,164,25,41,0,0.908
185,38,D,255,255,107,1,0.908
185,39,B,21,83,162,0,0.908
185,40,L,199,113,24,0,0.908
185,41,F,26,154,74,0,0.908
185,42,B,20,74,164,0,0.908
185,43,U,197,227,195,0,0.908
185,44,L,208,101,33,0,0.908
185,45,B,22,63,158,0,0.908
185,46,U,211,231,194,0,0.908
185,47,R,160,30,48,0,0.908
185,48,L,188,107,22,0,0.908
185,49,B,16,88,165,0,0.908
185,50,L,196,112,12,0,0.908
185,51,F,29,151,65,0,0.908
185,52,B,14,73,177,0,0.908
185,53,R,168,22,31,0,0.908
186,0,R,209,31,51,0,1.088
186,1,U,255,255,255,0,1.088
186,2,D,255,231,41,0,1.088
186,3,R,205,20,47,0,1.088
186,4,U,255,254,255,0,1.088
186,5,F,13,174,74,0,1.088
186,6,U,255,255,255,0,1.088
186,7,L,255,126,25,0,1.088
186,8,R,206,47,42,0,1.088
186,9,F,25,171,79,0,1.088
186,10,R,212,24,42,0,1.088
186,11,L,255,126,33,0,1.088
186,12,L,255,124,21,0,1.088
186,13,R,197,23,53,0,1.088
186,14,F,38,163,65,0,1.088
186,15,R,203,34,42,0,1.088
186,16,B,24,83,227,0,1.088
186,17,D,255,233,45,0,1.088
186,18,L,255,110,40,0,1.088
186,19,U,255,255,255,0,1.088
186,20,U,249,255,255,0,1.088
186,21,D,255,241,47,0,1.088
186,22,F,29,163,83,0,1.088
186,23,B,13,74,227,0,1.088
186,24,U,253,255,255,0,1.088
186,25,D,255,243,35,0,1.088
186,26,B,30,68,218,0,1.088
186,27,F,15,171,70,0,1.088
186,28,B,30,85,221,0,1.088
186,29,U,255,255,255,0,1.088
186,30,U,242,255,255,0,1.088
186,31,D,255,250,28,0,1.088
186,32,U,255,255,255,0,1.088
186,33,F,32,164,73,0,1.088
186,34,F,27,156,74,0,1.088
186,35,F,28,169,77,0,1.088
186,36,B,26,63,218,0,1.088
186,37,B,11,81,232,0,1.088
186,38,B,27,62,222,0,1.088
186,39,D,255,247,52,0,1.088
186,40,L,255,115,31,0,1.088
186,41,R,209,25,42,0,1.088
186,42,D,255,255,55,0,1.088
186,43,R,207,34,34,0,1.088
186,44,L,255,132,26,0,1.088
186,45,B,31,90,223,0,1.088
186,46,F,14,169,75,0,1.088
186,47,D,255,243,46,0,1.088
186,48,L,255,118,26,0,1.088
186,49,B,25,77,228,0,1.088
186,50,L,255,106,38,0,1.088
186,51,L,252,130,30,0,1.088
186,52,D,255,254,45,0,1.088
186,53,R,203,36,46,0,1.088
187,0,D,223,203,27,0,0.93
187,1,R,181,22,38,0,0.93
187,2,R,160,33,44,0,0.93
187,3,F,32,139,56,0,0.93
187,4,U,214,225,203,0,0.93
187,5,U,217,237,189,0,0.93
187,6,U,208,214,181,0,0.93
187,7,L,209,99,20,0,0.93
187,8,F,13,137,42,0,0.93
187,9,L,207,99,21,0,0.93
187,10,L,209,102,20,0,0.93
187,11,D,227,209,45,0,0.93
187,12,L,217,112,24,0,0.93
187,13,R,153,32,24,0,0.93
187,14,U,194,223,198,0,0.93
187,15,B,26,72,159,0,0.93
187,16,D,255,255,93,1,0.93
187,17,D,210,213,32,0,0.93
187,18,R,160,24,28,0,0.93
187,19,D,204,196,45,0,0.93
187,20,U,206,211,190,0,0.93
187,21,L,209,111,12,0,0.93
187,22,F,7,161,42,0,0.93
187,23,F,10,144,61,0,0.93
187,24,F,30,136,52,0,0.93
187,25,D,203,205,26,0,0.93
187,26,U,225,234,187,0,0.93
187,27,R,164,39,26,0,0.93
187,28,B,19,63,153,0,0.93
187,29,R,179,23,22,0,0.93
187,30,F,12,138,41,0,0.93
187,31,D,199,198,36,0,0.93
187,32,R,167,25,35,0,0.93
187,33,L,205,104,13,0,0.93
187,34,B,28,66,151,0,0.93
187,35,F,89,214,121,1,0.93
187,36,B,12,62,143,0,0.93
187,37,D,186,194,52,0,0.93
187,38,F,7,142,58,0,0.93
187,39,R,164,27,24,0,0.93
187,40,L,199,99,10,0,0.93
187,41,B,20,71,160,0,0.93
187,42,U,218,229,215,0,0.93
187,43,R,167,20,20,0,0.93
187,44,D,211,212,40,0,0.93
187,45,B,22,77,153,0,0.93
187,46,U,202,223,190,0,0.93
187,47,L,210,95,12,0,0.93
187,48,F,31,140,62,0,0.93
187,49,B,27,69,162,0,0.93
187,50,B,21,72,159,0,0.93
187,51,L,214,97,20,0,0.93
187,52,U,217,230,200,0,0.93
187,53,B,34,62,153,0,0.93
188,0,L,255,135,25,0,1.148
188,1,F,106,251,148,1,1.148
188,2,U,255,255,255,0,1.148
188,3,R,237,28,48,0,1.148
188,4,U,255,255,255,0,1.148
188,5,L,255,114,25,0,1.148
188,6,F,33,178,81,0,1.148
188,7,R,248,37,48,0,1.148
188,8,R,255,35,72,0,1.148
188,9,U,255,255,255,0,1.148
188,10,U,255,255,255,0,1.148
188,11,B,28,82,232,0,1.148
188,12,U,255,255,255,0,1.148
188,13,R,253,30,65,0,1.148
188,14,B,32,72,246,0,1.148
188,15,U,255,255,255,0,1.148
188,16,U,255,255,255,0,1.148
188,17,B,27,77,244,0,1.148
188,18,R,226,44,43,0,1.148
188,19,B,44,93,231,0,1.148
188,20,B,22,93,230,0,1.148
188,21,U,255,255,255,0,1.148
188,22,F,33,171,89,0,1.148
188,23,B,36,92,232,0,1.148
188,24,F,45,182,80,0,1.148
188,25,R,251,35,36,0,1.148
188,26,F,27,181,84,0,1.148
188,27,L,255,124,23,0,1.148
188,28,F,29,179,81,0,1.148
188,29,R,248,30,46,0,1.148
188,30,D,255,253,46,0,1.148
188,31,D,255,251,61,0,1.148
188,32,F,26,170,85,0,1.148
188,33,B,46,82,230,0,1.148
188,34,F,38,169,82,0,1.148
188,35,R,243,26,57,0,1.148
188,36,F,35,177,84,0,1.148
188,37,D,255,252,53,0,1.148
188,38,D,255,240,54,0,1.148
188,39,D,255,238,57,0,1.148
188,40,L,255,122,38,0,1.148
188,41,R,246,42,66,0,1.148
188,42,D,255,255,41,0,1.148
188,43,L,255,128,26,0,1.148
188,44,U,255,255,255,0,1.148
188,45,L,255,120,52,0,1.148
188,46,D,255,252,36,0,1.148
188,47,D,255,255,50,0,1.148
188,48,L,255,134,40,0,1.148
188,49,B,26,77,245,0,1.148
188,50,B,40,78,243,0,1.148
188,51,D,255,255,47,0,1.148
188,52,L,255,143,37,0,1.148
188,53,L,255,120,28,0,1.148
189,0,D,255,255,60,0,1.282
189,1,B,20,115,241,0,1.282
189,2,U,255,255,255,0,1.282
189,3,F,39,208,89,0,1.282
189,4,U,255,255,255,0,1.282
189,5,R,242,32,46,0,1.282
189,6,R,232,56,34,0,1.282
189,7,L,255,161,18,0,1.282
189,8,R,228,41,56,0,1.282
189,9,B,28,97,246,0,1.282
189,10,B,39,90,245,0,1.282
189,11,B,28,101,252,0,1.282
189,12,R,226,31,49,0,1.282
189,13,R,221,57,63,0,1.282
189,14,F,21,217,70,0,1.282
189,15,U,255,255,255,0,1.282
189,16,R,235,45,61,0,1.282
189,17,D,255,255,46,0,1.282
189,18,U,255,255,255,0,1.282
189,19,B,35,95,252,0,1.282
189,20,D,255,255,40,0,1.282
189,21,F,39,211,72,0,1.282
189,22,F,4,202,89,0,1.282
189,23,D,255,255,51,0,1.282
189,24,F,29,218,81,0,1.282
189,25,D,255,255,46,0,1.282
189,26,F,28,222,96,0,1.282
189,27,D,255,255,55,0,1.282
189,28,L,255,154,43,0,1.282
189,29,R,231,45,57,0,1.282
189,30,B,41,96,243,0,1.282
189,31,D,255,255,69,0,1.282
189,32,U,255,255,255,0,1.282
189,33,U,255,255,255,0,1.282
189,34,R,234,44,42,0,1.282
189,35,R,226,43,36,0,1.282
189,36,B,26,101,255,0,1.282
189,37,U,255,255,255,0,1.282
189,38,B,10,120,246,0,1.282
189,39,U,255,255,255,0,1.282
189,40,L,255,151,30,0,1.282
189,41,D,255,255,58,0,1.282
189,42,L,255,168,35,0,1.282
189,43,D,255,255,48,0,1.282
189,44,L,255,156,29,0,1.282
189,45,L,255,144,36,0,1.282
189,46,U,255,255,255,1,1.282
189,47,L,255,163,45,0,1.282
189,48,L,255,165,52,0,1.282
189,49,B,14,99,255,0,1.282
189,50,L,255,158,23,0,1.282
189,51,F,8,223,89,0,1.282
189,52,F,41,222,75,0,1.282
189,53,F,14,219,95,0,1.282
190,0,D,209,171,41,0,0.755
190,1,B,87,123,207,1,0.755
190,2,D,202,161,23,0,0.755
190,3,U,207,176,157,0,0.755
190,4,U,204,175,155,0,0.755
190,5,L,203,87,10,0,0.755
190,6,U,197,190,156,0,0.755
190,7,L,201,84,11,0,0.755
190,8,L,207,83,2,0,0.755
190,9,U,215,180,161,0,0.755
190,10,U,204,179,151,0,0.755
190,11,B,13,49,134,0,0.755
190,12,L,199,89,0,0,0.755
190,13,R,154,24,18,0,0.755
190,14,B,27,52,126,0,0.755
190,15,D,197,165,15,0,0.755
190,16,F,28,119,41,0,0.755
190,17,U,192,186,152,0,0.755
190,18,L,209,91,11,0,0.755
190,19,F,19,131,49,0,0.755
190,20,F,29,112,50,0,0.755
190,21,D,195,172,35,0,0.755
190,22,F,19,120,41,0,0.755
190,23,D,203,169,30,0,0.755
190,24,B,22,58,121,0,0.755
190,25,U,189,186,140,0,0.755
190,26,F,7,105,50,0,0.755
190,27,L,206,110,14,0,0.755
190,28,R,160,22,15,0,0.755
190,29,L,209,78,10,0,0.755
190,30,F,22,112,48,0,0.755
190,31,D,211,173,26,0,0.755
190,32,D,198,166,18,0,0.755
190,33,F,8,103,52,0,0.755
190,34,R,151,32,26,0,0.755
190,35,R,160,23,40,0,0.755
190,36,F,9,120,40,0,0.755
190,37,F,12,99,36,0,0.755
190,38,B,13,54,136,0,0.755
190,39,B,24,52,143,0,0.755
190,40,L,196,85,14,0,0.755
190,41,R,168,27,27,0,0.755
190,42,R,168,25,21,0,0.755
190,43,R,170,19,22,0,0.755
190,44,D,211,163,27,0,0.755
190,45,R,184,30,23,0,0.755
190,46,U,197,190,163,0,0.755
190,47,R,155,28,14,0,0.755
190,48,L,212,96,30,0,0.755
190,49,B,11,59,145,0,0.755
190,50,D,209,166,38,0,0.755
190,51,B,10,54,133,0,0.755
190,52,B,18,55,137,0,0.755
190,53,U,208,182,150,0,0.755
191,0,U,255,255,250,0,1.151
191,1,L,255,162,25,0,1.151
191,2,R,223,43,33,0,1.151
191,3,R,219,43,37,0,1.151
191,4,U,255,255,255,0,1.151
191,5,F,41,199,71,0,1.151
191,6,L,255,215,94,1,1.151
191,7,R,215,46,52,0,1.151
191,8,B,32,87,197,0,1.151
191,9,D,255,255,45,0,1.151
191,10,U,255,255,255,0,1.151
191,11,U,255,255,255,0,1.151
191,12,L,255,124,33,0,1.151
191,13,R,236,44,39,0,1.151
191,14,D,255,255,44,0,1.151
191,15,U,255,255,247,0,1.151
191,16,D,255,255,59,0,1.151
191,17,B,37,83,204,0,1.151
191,18,D,255,255,38,0,1.151
191,19,U,255,255,255,0,1.151
191,20,R,223,48,49,0,1.151
191,21,B,97,170,255,1,1.151
191,22,F,18,186,75,0,1.151
191,23,U,255,255,255,0,1.151
191,24,D,255,255,39,0,1.151
191,25,D,255,255,39,0,1.151
191,26,B,29,84,190,0,1.151
191,27,L,255,134,17,0,1.151
191,28,L,255,137,28,0,1.151
191,29,L,255,141,25,0,1.151
191,30,D,255,255,43,0,1.151
191,31,D,255,255,38,0,1.151
191,32,B,36,88,212,0,1.151
191,33,R,241,44,33,0,1.151
191,34,B,22,93,192,0,1.151
191,35,U,255,255,250,0,1.151
191,36,F,22,190,67,0,1.151
191,37,F,25,194,65,0,1.151
191,38,B,97,169,255,1,1.151
191,39,U,255,255,255,0,1.151
191,40,L,255,129,21,0,1.151
191,41,R,233,30,56,0,1.151
191,42,F,35,190,66,0,1.151
191,43,R,225,44,47,0,1.151
191,44,F,40,194,65,0,1.151
191,45,F,34,196,70,0,1.151
191,46,F,22,184,75,0,1.151
191,47,L,255,154,33,0,1.151
191,48,F,15,182,71,0,1.151
191,49,B,19,88,213,0,1.151
191,50,B,35,80,212,0,1.151
191,51,R,232,32,48,0,1.151
191,52,L,255,129,37,0,1.151
191,53,D,255,255,22,0,1.151
192,0,F,21,64,36,0,0.504
192,1,D,116,102,29,0,0.504
192,2,D,128,105,23,0,0.504
192,3,R,108,9,16,0,0.504
192,4,U,108,104,116,0,0.504
192,5,U,115,115,116,0,0.504
192,6,U,148,112,112,0,0.504
192,7,L,124,56,21,0,0.504
192,8,D,139,95,28,0,0.504
192,9,B,13,40,95,0,0.504
192,10,F,13,71,28,0,0.504
192,11,B,13,35,81,0,0.504
192,12,L,120,46,21,0,0.504
192,13,R,101,14,14,0,0.504
192,14,D,200,166,98,1,0.504
192,15,D,124,98,25,0,0.504
192,16,F,17,56,34,0,0.504
192,17,U,124,93,109,0,0.504
192,18,F,21,71,29,0,0.504
192,19,B,21,18,107,0,0.504
192,20,L,119,62,9,0,0.504
192,21,R,96,16,18,0,0.504
192,22,F,21,75,30,0,0.504
192,23,D,125,98,34,0,0.504
192,24,B,13,40,96,0,0.504
192,25,F,6,55,35,0,0.504
192,26,F,17,71,43,0,0.504
192,27,U,130,122,124,0,0.504
192,28,D,119,107,12,0,0.504
192,29,L,193,110,90,1,0.504
192,30,U,135,96,111,0,0.504
192,31,D,121,83,19,0,0.504
192,32,L,122,39,0,0,0.504
192,33,R,88,15,7,0,0.504
192,34,B,13,33,101,0,0.504
192,35,F,12,70,44,0,0.504
192,36,R,95,13,30,0,0.504
192,37,B,3,36,74,0,0.504
192,38,L,111,37,10,0,0.504
192,39,R,100,0,34,0,0.504
192,40,L,140,60,11,0,0.504
192,41,U,128,101,114,0,0.504
192,42,B,7,34,91,0,0.504
192,43,L,120,64,10,0,0.504
192,44,L,129,53,9,0,0.504
192,45,R,97,23,16,0,0.504
192,46,B,18,28,93,0,0.504
192,47,D,138,84,14,0,0.504
192,48,R,95,17,14,0,0.504
192,49,B,14,37,111,0,0.504
192,50,F,21,57,46,0,0.504
192,51,R,100,6,22,0,0.504
192,52,U,116,104,111,0,0.504
192,53,U,120,87,129,0,0.504
193,0,R,175,32,41,0,0.898
193,1,R,173,36,48,0,0.898
193,2,D,217,193,35,0,0.898
193,3,B,19,64,180,0,0.898
193,4,U,215,187,215,0,0.898
193,5,U,216,209,227,0,0.898
193,6,L,211,99,13,0,0.898
193,7,D,255,255,105,1,0.898
193,8,U,207,212,221,0,0.898
193,9,L,216,99,21,0,0.898
193,10,B,28,55,173,0,0.898
193,11,F,25,133,63,0,0.898
193,12,L,221,95,18,0,0.898
193,13,R,178,13,37,0,0.898
193,14,F,30,134,70,0,0.898
193,15,F,21,128,57,0,0.898
193,16,L,212,97,31,0,0.898
193,17,U,215,216,226,0,0.898
193,18,D,204,192,34,0,0.898
193,19,L,216,89,19,0,0.898
193,20,B,39,69,177,0,0.898
193,21,D,214,183,33,0,0.898
193,22,F,28,139,49,0,0.898
193,23,F,26,129,59,0,0.898
193,24,D,227,180,31,0,0.898
193,25,B,22,55,175,0,0.898
193,26,U,222,194,232,0,0.898
193,27,R,186,23,43,0,0.898
193,28,D,212,184,34,0,0.898
193,29,L,210,103,27,0,0.898
193,30,B,31,49,179,0,0.898
193,31,D,217,175,47,0,0.898
193,32,U,217,207,235,0,0.898
193,33,U,212,217,208,0,0.898
193,34,F,35,137,53,0,0.898
193,35,F,13,151,57,0,0.898
193,36,D,231,190,39,0,0.898
193,37,L,215,86,15,0,0.898
193,38,B,17,69,165,0,0.898
193,39,R,167,30,37,0,0.898
193,40,L,213,88,10,0,0.898
193,41,R,169,17,34,0,0.898
193,42,R,167,14,49,0,0.898
193,43,R,158,32,34,0,0.898
193,44,B,18,51,172,0,0.898
193,45,L,212,79,32,0,0.898
193,46,F,24,130,61,0,0.898
193,47,F,32,130,67,0,0.898
193,48,U,210,218,217,0,0.898
193,49,B,14,55,187,0,0.898
193,50,U,228,207,239,0,0.898
193,51,R,166,20,34,0,0.898
193,52,D,231,179,37,0,0.898
193,53,B,13,62,172,0,0.898
194,0,B,46,74,209,0,0.991
194,1,R,176,28,40,0,0.991
194,2,F,26,133,85,0,0.991
194,3,D,224,199,43,0,0.991
194,4,U,194,231,255,0,0.991
194,5,F,24,140,72,0,0.991
194,6,D,208,206,39,0,0.991
194,7,L,204,101,7,0,0.991
194,8,F,15,152,84,0,0.991
194,9,U,204,227,255,0,0.991
194,10,D,200,211,31,0,0.991
194,11,D,217,206,44,0,0.991
194,12,U,207,243,242,0,0.991
194,13,R,157,30,46,0,0.991
194,14,L,203,109,28,0,0.991
194,15,L,210,115,21,0,0.991
194,16,U,211,234,255,0,0.991
194,17,B,32,60,199,0,0.991
194,18,B,13,68,221,0,0.991
194,19,F,19,144,72,0,0.991
194,20,R,174,20,43,0,0.991
194,21,B,14,71,220,0,0.991
194,22,F,3,146,71,0,0.991
194,23,B,28,61,213,0,0.991
194,24,D,203,214,63,0,0.991
194,25,B,24,80,225,0,0.991
194,26,F,20,145,74,0,0.991
194,27,L,217,100,34,0,0.991
194,28,D,206,213,44,0,0.991
194,29,U,195,224,255,0,0.991
194,30,F,21,147,91,0,0.991
194,31,D,203,202,38,0,0.991
194,32,F,22,141,71,0,0.991
194,33,U,202,221,255,0,0.991
194,34,L,230,105,28,0,0.991
194,35,U,255,255,255,1,0.991
194,36,D,217,206,59,0,0.991
194,37,R,193,27,36,0,0.991
194,38,L,214,113,21,0,0.991
194,39,R,168,38,48,0,0.991
194,40,L,202,113,21,0,0.991
194,41,L,222,106,12,0,0.991
194,42,B,15,74,228,0,0.991
194,43,R,242,96,133,1,0.991
194,44,F,11,153,60,0,0.991
194,45,R,155,20,51,0,0.991
194,46,B,94,136,255,1,0.991
194,47,R,163,41,45,0,0.991
194,48,U,214,216,255,0,0.991
194,49,B,12,73,200,0,0.991
194,50,U,215,236,255,0,0.991
194,51,R,179,41,42,0,0.991
194,52,D,210,204,45,0,0.991
194,53,L,207,104,42,0,0.991
195,0,R,155,22,44,0,0.922
195,1,B,11,60,157,0,0.922
195,2,R,160,16,21,0,0.922
195,3,R,145,19,41,0,0.922
195,4,U,190,207,181,0,0.922
195,5,U,255,255,255,1,0.922
195,6,D,193,195,27,0,0.922
195,7,D,191,183,27,0,0.922
195,8,R,161,14,35,0,0.922
195,9,F,5,116,52,0,0.922
195,10,L,193,94,3,0,0.922
195,11,D,205,196,25,0,0.922
195,12,R,165,21,32,0,0.922
195,13,R,148,17,19,0,0.922
195,14,F,18,136,49,0,0.922
195,15,B,25,67,164,0,0.922
195,16,D,203,187,34,0,0.922
195,17,U,190,198,179,0,0.922
195,18,L,205,88,24,0,0.922
195,19,R,166,28,27,0,0.922
195,20,U,194,217,181,0,0.922
195,21,D,255,253,108,1,0.922
195,22,F,27,126,53,0,0.922
195,23,U,198,195,187,0,0.922
195,24,F,24,136,57,0,0.922
195,25,R,143,25,27,0,0.922
195,26,L,255,169,89,1,0.922
195,27,L,193,113,35,0,0.922
195,28,B,28,61,169,0,0.922
195,29,U,186,190,187,0,0.922
195,30,B,13,42,144,0,0.922
195,31,D,192,183,35,0,0.922
195,32,F,25,135,43,0,0.922
195,33,B,26,74,150,0,0.922
195,34,U,189,208,193,0,0.922
195,35,R,155,29,24,0,0.922
195,36,D,181,182,28,0,0.922
195,37,F,19,126,44,0,0.922
195,38,F,22,134,50,0,0.922
195,39,L,188,96,15,0,0.922
195,40,L,195,91,4,0,0.922
195,41,B,35,64,159,0,0.922
195,42,D,194,186,32,0,0.922
195,43,U,192,203,181,0,0.922
195,44,U,255,255,255,1,0.922
195,45,B,14,58,152,0,0.922
195,46,L,176,89,4,0,0.922
195,47,F,15,132,53,0,0.922
195,48,L,200,97,28,0,0.922
195,49,B,24,43,153,0,0.922
195,50,D,183,192,42,0,0.922
195,51,B,31,63,152,0,0.922
195,52,F,9,136,54,0,0.922
195,53,L,189,85,9,0,0.922
196,0,L,151,79,20,0,0.73
196,1,B,9,52,166,0,0.73
196,2,R,127,18,35,0,0.73
196,3,U,154,159,186,0,0.73
196,4,U,165,155,214,0,0.73
196,5,D,142,135,21,0,0.73
196,6,R,126,23,28,0,0.73
196,7,D,160,143,27,0,0.73
196,8,D,228,202,99,1,0.73
196,9,L,220,137,82,1,0.73
196,10,R,128,19,47,0,0.73
196,11,U,138,154,196,0,0.73
196,12,U,159,157,214,0,0.73
196,13,R,119,6,37,0,0.73
196,14,B,9,47,155,0,0.73
196,15,U,172,147,208,0,0.73
196,16,F,20,100,55,0,0.73
196,17,L,147,73,22,0,0.73
196,18,D,226,202,99,1,0.73
196,19,B,14,44,146,0,0.73
196,20,F,17,108,52,0,0.73
196,21,L,167,75,17,0,0.73
196,22,F,8,89,48,0,0.73
196,23,B,15,37,156,0,0.73
196,24,D,242,196,105,1,0.73
196,25,U,156,158,198,0,0.73
196,26,B,16,43,156,0,0.73
196,27,R,118,14,34,0,0.73
196,28,R,196,91,97,1,0.73
196,29,L,146,89,25,0,0.73
196,30,F,23,101,60,0,0.73
196,31,D,167,153,33,0,0.73
196,32,D,163,149,21,0,0.73
196,33,B,16,49,151,0,0.73
196,34,R,121,29,37,0,0.73
196,35,B,16,42,159,0,0.73
196,36,U,182,156,187,0,0.73
196,37,F,3,108,58,0,0.73
196,38,F,9,110,64,0,0.73
196,39,U,149,149,199,0,0.73
196,40,L,155,77,29,0,0.73
196,41,D,154,144,23,0,0.73
196,42,U,160,164,173,0,0.73
196,43,L,146,75,8,0,0.73
196,44,B,17,51,159,0,0.73
196,45,F,22,98,63,0,0.73
196,46,L,153,69,13,0,0.73
196,47,F,2,98,54,0,0.73
196,48,R,124,12,30,0,0.73
196,49,B,24,48,168,0,0.73
196,50,L,159,69,38,0,0.73
196,51,D,151,129,28,0,0.73
196,52,F,18,105,56,0,0.73
196,53,R,121,31,36,0,0.73
197,0,B,34,75,210,0,1.19
197,1,U,255,255,252,0,1.19
197,2,L,255,121,35,0,1.19
197,3,L,255,124,36,0,1.19
197,4,U,255,253,237,0,1.19
197,5,L,255,118,26,0,1.19
197,6,R,255,99,101,1,1.19
197,7,D,255,254,40,0,1.19
197,8,U,255,255,245,0,1.19
197,9,R,238,38,46,0,1.19
197,10,U,255,255,236,0,1.19
197,11,D,255,234,50,0,1.19
197,12,B,40,80,210,0,1.19
197,13,R,242,41,38,0,1.19
197,14,D,255,248,44,0,1.19
197,15,L,255,120,30,0,1.19
197,16,U,255,255,230,0,1.19
197,17,L,255,122,20,0,1.19
197,18,D,255,236,28,0,1.19
197,19,R,238,35,48,0,1.19
197,20,F,23,171,64,0,1.19
197,21,B,50,84,202,0,1.19
197,22,F,35,172,65,0,1.19
197,23,D,255,254,53,0,1.19
197,24,B,41,70,196,0,1.19
197,25,D,255,242,27,0,1.19
197,26,F,32,158,58,0,1.19
197,27,R,252,8,50,0,1.19
197,28,L,255,119,24,0,1.19
197,29,U,255,255,236,0,1.19
197,30,U,255,255,242,0,1.19
197,31,D,255,239,51,0,1.19
197,32,B,31,74,213,0,1.19
197,33,D,255,246,39,0,1.19
197,34,F,45,171,66,0,1.19
197,35,U,255,255,245,0,1.19
197,36,L,255,106,32,0,1.19
197,37,B,33,85,198,0,1.19
197,38,F,41,172,67,0,1.19
197,39,F,31,153,55,0,1.19
197,40,L,255,116,20,0,1.19
197,41,R,255,36,25,0,1.19
197,42,B,12,65,193,0,1.19
197,43,R,254,37,37,0,1.19
197,44,U,255,252,239,0,1.19
197,45,F,41,190,61,0,1.19
197,46,F,24,170,69,0,1.19
197,47,D,255,246,54,0,1.19
197,48,F,48,174,59,0,1.19
197,49,B,31,80,194,0,1.19
197,50,R,255,39,44,0,1.19
197,51,B,33,86,190,0,1.19
197,52,L,255,120,18,0,1.19
197,53,R,243,14,41,0,1.19
198,0,D,219,212,41,0,0.913
198,1,L,224,93,22,0,0.913
198,2,L,222,97,25,0,0.913
198,3,R,171,17,37,0,0.913
198,4,U,215,242,197,0,0.913
198,5,U,215,227,195,0,0.913
198,6,R,176,22,27,0,0.913
198,7,B,36,61,171,0,0.913
198,8,L,213,112,21,0,0.913
198,9,U,231,226,195,0,0.913
198,10,B,19,69,163,0,0.913
198,11,D,231,205,33,0,0.913
198,12,L,218,89,23,0,0.913
198,13,R,168,29,29,0,0.913
198,14,F,19,143,44,0,0.913
198,15,L,219,118,34,0,0.913
198,16,R,192,38,37,0,0.913
198,17,F,39,144,62,0,0.913
198,18,B,28,69,151,0,0.913
198,19,D,227,222,36,0,0.913
198,20,F,21,146,51,0,0.913
198,21,R,177,23,40,0,0.913
198,22,F,21,143,54,0,0.913
198,23,U,255,255,255,1,0.913
198,24,R,172,50,34,0,0.913
198,25,F,20,147,58,0,0.913
198,26,B,19,71,148,0,0.913
198,27,U,226,221,183,0,0.913
198,28,D,224,196,41,0,0.913
198,29,D,237,197,29,0,0.913
198,30,U,210,216,188,0,0.913
198,31,D,223,195,40,0,0.913
198,32,U,237,217,195,0,0.913
198,33,L,215,85,5,0,0.913
198,34,L,234,105,34,0,0.913
198,35,R,178,36,42,0,0.913
198,36,F,20,155,65,0,0.913
198,37,B,91,138,219,1,0.913
198,38,D,237,199,34,0,0.913
198,39,R,173,26,41,0,0.913
198,40,L,221,115,21,0,0.913
198,41,D,233,198,28,0,0.913
198,42,U,192,235,203,0,0.913
198,43,F,13,136,53,0,0.913
198,44,B,15,78,172,0,0.913
198,45,F,26,146,52,0,0.913
198,46,B,13,55,152,0,0.913
198,47,R,177,38,28,0,0.913
198,48,L,223,121,36,0,0.913
198,49,B,32,75,138,0,0.913
198,50,F,90,216,124,1,0.913
198,51,U,226,234,200,0,0.913
198,52,D,216,203,26,0,0.913
198,53,B,32,70,168,0,0.913
199,0,D,155,116,23,0,0.605
199,1,U,142,125,126,0,0.605
199,2,L,158,61,6,0,0.605
199,3,L,145,64,13,0,0.605
199,4,U,148,132,146,0,0.605
199,5,U,147,151,132,0,0.605
199,6,U,128,129,144,0,0.605
199,7,R,124,23,30,0,0.605
199,8,U,164,132,149,0,0.605
199,9,F,88,156,122,1,0.605
199,10,L,162,51,23,0,0.605
199,11,B,23,31,107,0,0.605
199,12,R,120,16,32,0,0.605
199,13,R,131,7,2,0,0.605
199,14,F,9,90,42,0,0.605
199,15,D,165,136,34,0,0.605
199,16,B,78,122,176,1,0.605
199,17,U,164,145,144,0,0.605
199,18,R,128,23,23,0,0.605
199,19,D,143,132,29,0,0.605
199,20,L,155,62,23,0,0.605
199,21,F,12,77,48,0,0.605
199,22,F,15,82,35,0,0.605
199,23,F,29,90,35,0,0.605
199,24,L,142,57,14,0,0.605
199,25,U,139,134,137,0,0.605
199,26,R,112,15,17,0,0.605
199,27,B,17,53,128,0,0.605
199,28,B,8,40,117,0,0.605
199,29,F,13,75,33,0,0.605
199,30,L,213,125,86,1,0.605
199,31,D,153,118,36,0,0.605
199,32,D,151,138,21,0,0.605
199,33,F,18,84,37,0,0.605
199,34,R,113,7,16,0,0.605
199,35,R,127,24,30,0,0.605
199,36,R,111,29,27,0,0.605
199,37,D,145,122,23,0,0.605
199,38,F,18,71,26,0,0.605
199,39,B,21,45,105,0,0.605
199,40,L,149,71,15,0,0.605
199,41,L,147,50,6,0,0.605
199,42,L,153,64,18,0,0.605
199,43,B,7,21,107,0,0.605
199,44,U,146,134,150,0,0.605
199,45,D,164,127,24,0,0.605
199,46,F,18,85,47,0,0.605
199,47,B,3,47,115,0,0.605
199,48,D,151,112,26,0,0.605
199,49,B,7,31,111,0,0.605
199,50,R,119,17,17,0,0.605
199,51,B,15,54,112,0,0.605
199,52,U,142,129,134,0,0.605
199,53,D,165,128,35,0,0.605
200,0,B,27,68,154,0,0.871
200,1,B,11,56,173,0,0.871
200,2,D,224,165,31,0,0.871
200,3,L,234,79,13,0,0.871
200,4,U,224,177,210,0,0.871
200,5,L,228,92,17,0,0.871
200,6,D,230,161,52,0,0.871
200,7,F,88,192,132,1,0.871
200,8,U,221,190,212,0,0.871
200,9,F,18,105,54,0,0.871
200,10,D,229,160,28,0,0.871
200,11,F,28,111,49,0,0.871
200,12,F,25,128,49,0,0.871
200,13,R,175,34,18,0,0.871
200,14,F,21,128,56,0,0.871
200,15,R,180,23,41,0,0.871
200,16,R,179,23,31,0,0.871
200,17,U,232,186,203,0,0.871
200,18,F,93,189,137,1,0.871
200,19,D,233,162,36,0,0.871
200,20,L,245,96,33,0,0.871
200,21,R,174,39,39,0,0.871
200,22,F,27,118,62,0,0.871
200,23,U,213,192,198,0,0.871
200,24,D,247,171,30,0,0.871
200,25,B,16,53,181,0,0.871
200,26,B,24,56,162,0,0.871
200,27,R,197,21,30,0,0.871
200,28,U,255,249,255,1,0.871
200,29,U,215,171,213,0,0.871
200,30,U,222,188,212,0,0.871
200,31,D,239,174,44,0,0.871
200,32,F,23,115,66,0,0.871
200,33,B,15,47,159,0,0.871
200,34,L,222,96,33,0,0.871
200,35,F,20,106,51,0,0.871
200,36,U,230,197,207,0,0.871
200,37,B,32,61,157,0,0.871
200,38,R,194,34,40,0,0.871
200,39,B,24,64,174,0,0.871
200,40,L,230,90,34,0,0.871
200,41,D,226,167,32,0,0.871
200,42,D,236,170,33,0,0.871
200,43,R,187,23,46,0,0.871
200,44,B,33,55,170,0,0.871
200,45,L,226,79,26,0,0.871
200,46,R,255,78,98,1,0.871
200,47,L,238,97,15,0,0.871
200,48,L,220,75,31,0,0.871
200,49,B,26,54,162,0,0.871
200,50,D,255,235,116,1,0.871
200,51,R,183,30,40,0,0.871
200,52,U,230,182,223,0,0.871
200,53,L,239,78,36,0,0.871
201,0,U,255,224,255,0,1.058
201,1,L,255,95,22,0,1.058
201,2,U,255,214,255,0,1.058
201,3,R,220,23,39,0,1.058
201,4,U,255,217,255,0,1.058
201,5,U,255,218,255,0,1.058
201,6,D,255,208,51,0,1.058
201,7,U,255,228,255,0,1.058
201,8,L,255,105,38,0,1.058
201,9,F,18,132,89,0,1.058
201,10,L,255,96,21,0,1.058
201,11,R,227,26,48,0,1.058
201,12,B,40,70,225,0,1.058
201,13,R,229,15,42,0,1.058
201,14,F,53,146,89,0,1.058
201,15,B,22,81,214,0,1.058
201,16,B,33,68,217,0,1.058
201,17,D,255,177,54,0,1.058
201,18,F,29,135,65,0,1.058
201,19,R,208,19,39,0,1.058
201,20,D,255,189,41,0,1.058
201,21,D,255,217,51,0,1.058
201,22,F,7,145,98,0,1.058
201,23,U,255,224,255,0,1.058
201,24,L,255,120,32,0,1.058
201,25,D,255,200,34,0,1.058
201,26,L,255,111,28,0,1.058
201,27,D,255,205,54,0,1.058
201,28,L,255,115,22,0,1.058
201,29,U,255,218,255,0,1.058
201,30,R,216,36,54,0,1.058
201,31,D,255,211,36,0,1.058
201,32,D,255,190,25,0,1.058
201,33,U,255,226,255,0,1.058
201,34,B,30,58,218,0,1.058
201,35,B,19,64,226,0,1.058
201,36,F,28,140,75,0,1.058
201,37,D,255,206,40,0,1.058
201,38,R,222,37,36,0,1.058
201,39,U,255,217,255,0,1.058
201,40,L,255,98,42,0,1.058
201,41,F,31,153,75,0,1.058
201,42,F,29,139,75,0,1.058
201,43,B,50,75,225,0,1.058
201,44,B,12,62,232,0,1.058
201,45,B,31,63,231,0,1.058
201,46,F,31,134,78,0,1.058
201,47,L,255,109,28,0,1.058
201,48,R,214,27,52,0,1.058
201,49,B,31,75,221,0,1.058
201,50,F,28,139,80,0,1.058
201,51,R,210,38,45,0,1.058
201,52,L,255,115,19,0,1.058
201,53,R,221,33,47,0,1.058
202,0,F,23,109,68,0,0.817
202,1,B,20,52,157,0,0.817
202,2,F,25,104,72,0,0.817
202,3,F,27,105,49,0,0.817
202,4,U,174,191,221,0,0.817
202,5,D,177,167,51,0,0.817
202,6,B,23,44,188,0,0.817
202,7,R,147,23,36,0,0.817
202,8,L,183,90,22,0,0.817
202,9,D,185,163,36,0,0.817
202,10,F,4,113,82,0,0.817
202,11,D,162,155,45,0,0.817
202,12,U,165,189,232,0,0.817
202,13,R,136,19,46,0,0.817
202,14,F,23,128,59,0,0.817
202,15,B,22,49,168,0,0.817
202,16,B,10,46,190,0,0.817
202,17,R,146,24,36,0,0.817
202,18,U,170,191,219,0,0.817
202,19,B,5,53,162,0,0.817
202,20,B,14,47,162,0,0.817
202,21,R,124,23,41,0,0.817
202,22,F,22,108,53,0,0.817
202,23,B,19,62,185,0,0.817
202,24,B,19,46,182,0,0.817
202,25,L,173,80,15,0,0.817
202,26,R,134,32,48,0,0.817
202,27,R,136,25,50,0,0.817
202,28,U,160,177,217,0,0.817
202,29,D,177,152,41,0,0.817
202,30,L,159,92,22,0,0.817
202,31,D,171,172,37,0,0.817
202,32,D,167,173,35,0,0.817
202,33,L,243,165,82,1,0.817
202,34,F,24,122,78,0,0.817
202,35,U,156,187,236,0,0.817
202,36,L,174,85,20,0,0.817
202,37,L,157,95,13,0,0.817
202,38,L,156,91,31,0,0.817
202,39,R,145,30,29,0,0.817
202,40,L,170,82,16,0,0.817
202,41,U,174,172,217,0,0.817
202,42,D,186,165,36,0,0.817
202,43,D,181,155,40,0,0.817
202,44,U,180,186,212,0,0.817
202,45,R,145,19,43,0,0.817
202,46,L,163,75,36,0,0.817
202,47,U,169,179,208,0,0.817
202,48,U,167,193,222,0,0.817
202,49,B,18,38,183,0,0.817
202,50,D,178,175,33,0,0.817
202,51,F,22,110,48,0,0.817
202,52,R,122,29,34,0,0.817
202,53,F,87,172,144,1,0.817
203,0,F,16,106,53,0,0.921
203,1,L,194,96,28,0,0.921
203,2,D,207,168,46,0,0.921
203,3,U,198,198,227,0,0.921
203,4,U,193,183,228,0,0.921
203,5,L,192,93,21,0,0.921
203,6,B,8,52,183,0,0.921
203,7,L,185,90,25,0,0.921
203,8,L,198,100,12,0,0.921
203,9,B,26,58,181,0,0.921
203,10,D,213,164,41,0,0.921
203,11,R,165,21,34,0,0.921
203,12,B,28,65,185,0,0.921
203,13,R,171,26,30,0,0.921
203,14,F,27,120,61,0,0.921
203,15,R,164,27,33,0,0.921
203,16,R,156,29,45,0,0.921
203,17,R,175,24,41,0,0.921
203,18,D,197,190,42,0,0.921
203,19,U,203,200,240,0,0.921
203,20,U,193,187,243,0,0.921
203,21,B,24,52,187,0,0.921
203,22,F,30,112,63,0,0.921
203,23,U,208,198,226,0,0.921
203,24,L,198,92,27,0,0.921
203,25,B,19,52,187,0,0.921
203,26,U,200,190,247,0,0.921
203,27,D,206,180,45,0,0.921
203,28,L,197,96,20,0,0.921
203,29,F,30,127,61,0,0.921
203,30,R,168,21,46,0,0.921
203,31,D,195,176,50,0,0.921
203,32,D,199,158,33,0,0.921
203,33,F,25,121,52,0,0.921
203,34,B,87,123,243,1,0.921
203,35,B,17,55,185,0,0.921
203,36,D,199,184,28,0,0.921
203,37,F,16,130,66,0,0.921
203,38,R,150,27,20,0,0.921
203,39,R,157,28,29,0,0.921
203,40,L,204,89,24,0,0.921
203,41,D,224,180,41,0,0.921
203,42,U,185,177,231,0,0.921
203,43,F,21,126,57,0,0.921
203,44,B,17,60,177,0,0.921
203,45,F,20,129,61,0,0.921
203,46,F,22,122,68,0,0.921
203,47,L,202,87,21,0,0.921
203,48,D,201,178,32,0,0.921
203,49,B,32,36,194,0,0.921
203,50,U,213,191,239,0,0.921
203,51,U,202,212,242,0,0.921
203,52,R,173,20,40,0,0.921
203,53,L,196,86,20,0,0.921
204,0,B,33,68,223,0,1.212
204,1,D,255,236,40,0,1.212
204,2,R,250,52,53,0,1.212
204,3,R,252,39,56,0,1.212
204,4,U,255,248,255,0,1.212
204,5,L,255,130,36,0,1.212
204,6,U,255,255,255,0,1.212
204,7,D,255,226,31,0,1.212
204,8,U,255,244,255,0,1.212
204,9,B,34,84,219,0,1.212
204,10,U,255,255,255,0,1.212
204,11,F,39,163,69,0,1.212
204,12,F,29,166,71,0,1.212
204,13,R,255,30,51,0,1.212
204,14,U,255,251,255,0,1.212
204,15,L,255,113,24,0,1.212
204,16,F,34,163,84,0,1.212
204,17,L,255,125,36,0,1.212
204,18,R,246,41,41,0,1.212
204,19,B,18,51,215,0,1.212
204,20,R,255,29,10,0,1.212
204,21,B,44,86,210,0,1.212
204,22,F,36,172,68,0,1.212
204,23,L,255,120,35,0,1.212
204,24,F,32,164,77,0,1.212
204,25,L,255,121,21,0,1.212
204,26,F,17,157,68,0,1.212
204,27,D,255,241,40,0,1.212
204,28,B,40,69,218,0,1.212
204,29,U,255,255,255,0,1.212
204,30,R,244,32,68,0,1.212
204,31,D,255,224,44,0,1.212
204,32,D,255,244,52,0,1.212
204,33,L,255,109,20,0,1.212
204,34,R,243,28,43,0,1.212
204,35,B,31,65,218,0,1.212
204,36,D,255,236,35,0,1.212
204,37,F,38,169,77,0,1.212
204,38,F,26,154,73,0,1.212
204,39,D,255,234,46,0,1.212
204,40,L,255,115,28,0,1.212
204,41,U,255,255,255,0,1.212
204,42,U,255,255,255,0,1.212
204,43,B,25,73,231,0,1.212
204,44,L,255,116,38,0,1.212
204,45,D,255,234,37,0,1.212
204,46,R,238,20,53,0,1.212
204,47,R,235,43,34,0,1.212
204,48,F,102,232,134,1,1.212
204,49,B,16,70,229,0,1.212
204,50,L,255,107,28,0,1.212
204,51,D,255,239,48,0,1.212
204,52,U,255,255,255,0,1.212
204,53,B,26,84,223,0,1.212
205,0,L,223,87,22,0,0.802
205,1,L,255,165,89,1,0.802
205,2,D,221,181,41,0,0.802
205,3,B,19,65,156,0,0.802
205,4,U,215,213,191,0,0.802
205,5,R,179,23,36,0,0.802
205,6,B,22,56,139,0,0.802
205,7,B,16,56,153,0,0.802
205,8,B,33,53,162,0,0.802
205,9,U,234,199,198,0,0.802
205,10,F,28,132,55,0,0.802
205,11,R,178,46,27,0,0.802
205,12,D,222,191,50,0,0.802
205,13,R,185,42,38,0,0.802
205,14,L,216,97,18,0,0.802
205,15,F,16,135,60,0,0.802
205,16,F,25,120,58,0,0.802
205,17,L,235,96,12,0,0.802
205,18,D,228,181,34,0,0.802
205,19,U,216,203,187,0,0.802
205,20,L,216,88,24,0,0.802
205,21,R,176,17,39,0,0.802
205,22,F,13,134,48,0,0.802
205,23,B,13,58,158,0,0.802
205,24,R,178,31,26,0,0.802
205,25,B,22,41,164,0,0.802
205,26,R,172,25,31,0,0.802
205,27,U,198,209,196,0,0.802
205,28,R,172,35,32,0,0.802
205,29,U,209,216,193,0,0.802
205,30,L,206,79,17,0,0.802
205,31,D,214,180,37,0,0.802
205,32,U,200,206,195,0,0.802
205,33,F,31,132,51,0,0.802
205,34,F,31,143,56,0,0.802
205,35,F,16,136,44,0,0.802
205,36,D,228,191,26,0,0.802
205,37,L,228,85,29,0,0.802
205,38,R,170,22,21,0,0.802
205,39,R,157,28,25,0,0.802
205,40,L,221,96,23,0,0.802
205,41,D,233,176,34,0,0.802
205,42,L,210,102,19,0,0.802
205,43,U,209,200,193,0,0.802
205,44,B,11,67,135,0,0.802
205,45,F,27,136,54,0,0.802
205,46,F,20,139,60,0,0.802
205,47,B,29,58,161,0,0.802
205,48,D,217,185,42,0,0.802
205,49,B,12,59,147,0,0.802
205,50,U,198,217,200,0,0.802
205,51,U,215,197,194,0,0.802
205,52,D,223,173,38,0,0.802
205,53,D,221,203,25,0,0.802
206,0,L,255,112,27,0,1.054
206,1,B,35,89,191,0,1.054
206,2,F,44,153,68,0,1.054
206,3,L,255,171,96,1,1.054
206,4,U,255,243,240,0,1.054
206,5,D,255,221,40,0,1.054
206,6,B,29,60,182,0,1.054
206,7,F,92,211,141,1,1.054
206,8,L,255,103,11,0,1.054
206,9,U,255,255,255,1,1.054
206,10,F,26,156,67,0,1.054
206,11,R,219,33,25,0,1.054
206,12,U,255,235,225,0,1.054
206,13,R,217,19,41,0,1.054
206,14,R,223,13,26,0,1.054
206,15,L,255,100,30,0,1.054
206,16,B,36,86,181,0,1.054
206,17,B,23,65,177,0,1.054
206,18,D,255,209,34,0,1.054
206,19,U,255,244,233,0,1.054
206,20,F,29,138,67,0,1.054
206,21,R,216,15,34,0,1.054
206,22,F,22,152,65,0,1.054
206,23,L,255,106,25,0,1.054
206,24,F,90,217,122,1,1.054
206,25,L,255,116,21,0,1.054
206,26,U,255,238,234,0,1.054
206,27,R,216,30,52,0,1.054
206,28,B,21,76,170,0,1.054
206,29,B,27,78,201,0,1.054
206,30,B,35,72,181,0,1.054
206,31,D,255,219,39,0,1.054
206,32,U,255,232,220,0,1.054
206,33,B,37,76,180,0,1.054
206,34,F,27,156,60,0,1.054
206,35,U,255,239,232,0,1.054
206,36,F,21,149,67,0,1.054
206,37,D,255,255,116,1,1.054
206,38,R,211,35,57,0,1.054
206,39,D,255,255,127,1,1.054
206,40,L,255,120,27,0,1.054
206,41,U,255,238,225,0,1.054
206,42,D,255,228,36,0,1.054
206,43,R,220,35,49,0,1.054
206,44,D,255,209,48,0,1.054
206,45,U,255,235,215,0,1.054
206,46,D,255,224,39,0,1.054
206,47,D,255,226,37,0,1.054
206,48,F,94,233,138,1,1.054
206,49,B,37,81,181,0,1.054
206,50,R,213,32,35,0,1.054
206,51,R,213,23,38,0,1.054
206,52,L,255,115,29,0,1.054
206,53,L,255,114,26,0,1.054
207,0,F,100,241,140,1,1.208
207,1,B,22,80,186,0,1.208
207,2,B,35,81,200,0,1.208
207,3,F,16,162,62,0,1.208
207,4,U,234,255,248,0,1.208
207,5,D,255,252,27,0,1.208
207,6,L,242,133,32,0,1.208
207,7,D,255,247,42,0,1.208
207,8,D,252,239,34,0,1.208
207,9,F,26,168,74,0,1.208
207,10,L,237,124,22,0,1.208
207,11,L,244,122,38,0,1.208
207,12,D,255,227,49,0,1.208
207,13,R,189,25,34,0,1.208
207,14,U,239,255,255,0,1.208
207,15,U,236,255,246,0,1.208
207,16,D,252,240,39,0,1.208
207,17,R,199,26,40,0,1.208
207,18,U,251,255,234,0,1.208
207,19,R,207,23,35,0,1.208
207,20,R,192,18,42,0,1.208
207,21,R,195,43,39,0,1.208
207,22,F,33,163,62,0,1.208
207,23,F,30,166,59,0,1.208
207,24,D,255,252,44,0,1.208
207,25,U,254,255,249,0,1.208
207,26,F,22,171,57,0,1.208
207,27,B,24,91,200,0,1.208
207,28,F,17,164,55,0,1.208
207,29,R,220,30,31,0,1.208
207,30,B,39,80,188,0,1.208
207,31,D,248,234,39,0,1.208
207,32,B,25,82,189,0,1.208
207,33,D,251,247,51,0,1.208
207,34,U,255,255,233,0,1.208
207,35,B,24,84,189,0,1.208
207,36,D,245,230,40,0,1.208
207,37,R,196,30,31,0,1.208
207,38,F,29,163,57,0,1.208
207,39,F,17,159,71,0,1.208
207,40,L,255,118,19,0,1.208
207,41,U,255,255,254,0,1.208
207,42,B,30,80,198,0,1.208
207,43,R,214,51,44,0,1.208
207,44,L,251,132,32,0,1.208
207,45,U,249,255,238,0,1.208
207,46,L,255,122,23,0,1.208
207,47,L,247,115,30,0,1.208
207,48,L,250,128,37,0,1.208
207,49,B,25,80,191,0,1.208
207,50,L,255,128,34,0,1.208
207,51,U,255,255,255,0,1.208
207,52,B,87,141,251,1,1.208
207,53,R,215,30,46,0,1.208
208,0,L,174,95,8,0,0.799
208,1,F,19,102,46,0,0.799
208,2,F,30,114,50,0,0.799
208,3,B,25,48,130,0,0.799
208,4,U,170,171,183,0,0.799
208,5,L,179,78,19,0,0.799
208,6,U,174,181,180,0,0.799
208,7,L,173,95,9,0,0.799
208,8,L,183,79,25,0,0.799
208,9,F,26,112,50,0,0.799
208,10,F,8,99,48,0,0.799
208,11,R,147,18,34,0,0.799
208,12,D,192,146,32,0,0.799
208,13,R,160,22,29,0,0.799
208,14,U,180,179,154,0,0.799
208,15,B,23,49,145,0,0.799
208,16,F,14,111,51,0,0.799
208,17,L,187,80,21,0,0.799
208,18,L,171,81,21,0,0.799
208,19,D,198,153,31,0,0.799
208,20,D,179,164,23,0,0.799
208,21,L,186,73,32,0,0.799
208,22,F,20,110,49,0,0.799
208,23,F,21,114,56,0,0.799
208,24,B,20,47,129,0,0.799
208,25,R,141,14,37,0,0.799
208,26,U,170,171,176,0,0.799
208,27,D,195,147,29,0,0.799
208,28,D,191,147,35,0,0.799
208,29,R,128,22,22,0,0.799
208,30,R,142,25,42,0,0.799
208,31,D,177,173,43,0,0.799
208,32,R,133,23,34,0,0.799
208,33,F,31,117,45,0,0.799
208,34,R,141,28,24,0,0.799
208,35,B,21,52,134,0,0.799
208,36,U,198,176,191,0,0.799
208,37,D,192,168,25,0,0.799
208,38,B,15,53,140,0,0.799
208,39,L,170,100,37,0,0.799
208,40,L,184,83,16,0,0.799
208,41,B,11,55,140,0,0.799
208,42,D,188,168,47,0,0.799
208,43,U,179,177,172,0,0.799
208,44,R,148,14,43,0,0.799
208,45,U,184,164,174,0,0.799
208,46,U,189,180,169,0,0.799
208,47,F,24,114,43,0,0.799
208,48,B,22,43,137,0,0.799
208,49,B,9,60,149,0,0.799
208,50,U,176,176,185,0,0.799
208,51,D,171,159,34,0,0.799
208,52,B,94,118,195,1,0.799
208,53,R,139,30,25,0,0.799
209,0,B,30,74,205,0,1.023
209,1,U,255,255,246,0,1.023
209,2,U,255,255,252,0,1.023
209,3,U,255,249,239,0,1.023
209,4,U,255,245,228,0,1.023
209,5,F,31,162,67,0,1.023
209,6,F,48,162,74,0,1.023
209,7,D,255,229,36,0,1.023
209,8,U,255,245,239,0,1.023
209,9,B,23,77,187,0,1.023
209,10,U,255,255,245,0,1.023
209,11,L,255,119,27,0,1.023
209,12,B,30,83,201,0,1.023
209,13,R,216,38,35,0,1.023
209,14,R,222,23,52,0,1.023
209,15,F,23,160,65,0,1.023
209,16,F,32,147,64,0,1.023
209,17,L,255,122,17,0,1.023
209,18,D,255,247,35,0,1.023
209,19,F,25,152,62,0,1.023
209,20,R,214,49,31,0,1.023
209,21,U,255,254,241,0,1.023
209,22,F,24,167,64,0,1.023
209,23,R,214,31,42,0,1.023
209,24,R,218,30,35,0,1.023
209,25,L,255,120,26,0,1.023
209,26,D,255,232,35,0,1.023
209,27,F,20,158,60,0,1.023
209,28,F,13,152,74,0,1.023
209,29,R,214,25,41,0,1.023
209,30,D,255,244,50,0,1.023
209,31,D,255,235,36,0,1.023
209,32,R,212,30,37,0,1.023
209,33,B,32,66,201,0,1.023
209,34,B,90,146,255,1,1.023
209,35,U,255,242,249,0,1.023
209,36,L,255,119,37,0,1.023
209,37,L,255,119,44,0,1.023
209,38,L,255,126,24,0,1.023
209,39,D,255,239,42,0,1.023
209,40,L,255,113,19,0,1.023
209,41,B,32,64,202,0,1.023
209,42,R,227,47,32,0,1.023
209,43,L,255,195,92,1,1.023
209,44,U,255,241,243,0,1.023
209,45,F,33,157,71,0,1.023
209,46,R,216,30,34,0,1.023
209,47,D,255,235,40,0,1.023
209,48,D,255,236,32,0,1.023
209,49,B,29,84,202,0,1.023
209,50,B,26,65,198,0,1.023
209,51,B,30,85,197,0,1.023
209,52,L,255,122,37,0,1.023
209,53,D,255,248,38,0,1.023
210,0,R,223,33,59,0,1.134
210,1,R,211,37,52,0,1.134
210,2,F,21,157,75,0,1.134
210,3,R,211,26,36,0,1.134
210,4,U,255,247,255,0,1.134
210,5,D,255,228,42,0,1.134
210,6,F,21,160,79,0,1.134
210,7,U,255,249,255,0,1.134
210,8,R,206,26,61,0,1.134
210,9,B,103,135,255,1,1.134
210,10,L,255,112,35,0,1.134
210,11,U,255,246,255,0,1.134
210,12,L,255,120,16,0,1.134
210,13,R,210,42,64,0,1.134
210,14,B,20,82,211,0,1.134
210,15,B,38,71,232,0,1.134
210,16,F,33,151,69,0,1.134
210,17,D,255,211,21,0,1.134
210,18,U,255,247,255,0,1.134
210,19,F,32,153,81,0,1.134
210,20,D,255,222,37,0,1.134
210,21,R,200,37,47,0,1.134
210,22,F,14,151,73,0,1.134
210,23,F,41,165,75,0,1.134
210,24,F,104,215,143,1,1.134
210,25,L,255,104,39,0,1.134
210,26,L,255,125,17,0,1.134
210,27,D,255,231,39,0,1.134
210,28,U,255,248,255,0,1.134
210,29,U,255,239,255,0,1.134
210,30,B,30,68,223,0,1.134
210,31,D,253,223,33,0,1.134
210,32,D,255,236,50,0,1.134
210,33,F,26,164,60,0,1.134
210,34,L,255,124,25,0,1.134
210,35,L,251,107,33,0,1.134
210,36,U,255,247,255,0,1.134
210,37,U,255,248,255,0,1.134
210,38,R,201,53,50,0,1.134
210,39,D,255,227,58,0,1.134
210,40,L,255,119,31,0,1.134
210,41,F,27,169,83,0,1.134
210,42,D,255,214,32,0,1.134
210,43,D,255,239,38,0,1.134
210,44,L,255,108,29,0,1.134
210,45,L,255,115,32,0,1.134
210,46,B,16,58,225,0,1.134
210,47,B,31,68,225,0,1.134
210,48,U,255,251,255,0,1.134
210,49,B,29,88,216,0,1.134
210,50,R,212,27,53,0,1.134
210,51,B,21,63,217,0,1.134
210,52,B,17,76,238,0,1.134
210,53,R,220,36,51,0,1.134
211,0,D,234,191,32,0,1.0
211,1,U,239,211,248,0,1.0
211,2,U,223,219,227,0,1.0
211,3,L,222,100,23,0,1.0
211,4,U,230,226,235,0,1.0
211,5,U,242,219,227,0,1.0
211,6,U,226,221,243,0,1.0
211,7,L,233,101,26,0,1.0
211,8,R,178,25,34,0,1.0
211,9,U,224,227,227,0,1.0
211,10,B,20,57,192,0,1.0
211,11,F,16,158,57,0,1.0
211,12,F,32,146,72,0,1.0
211,13,R,189,20,57,0,1.0
211,14,F,26,133,75,0,1.0
211,15,B,24,61,194,0,1.0
211,16,B,25,71,189,0,1.0
211,17,D,245,207,37,0,1.0
211,18,F,25,151,65,0,1.0
211,19,U,226,224,239,0,1.0
211,20,B,29,56,180,0,1.0
211,21,L,230,111,27,0,1.0
211,22,F,37,155,71,0,1.0
211,23,D,238,202,33,0,1.0
211,24,F,26,133,72,0,1.0
211,25,L,219,114,24,0,1.0
211,26,D,231,205,41,0,1.0
211,27,R,188,18,18,0,1.0
211,28,F,32,142,71,0,1.0
211,29,L,213,101,17,0,1.0
211,30,R,188,36,31,0,1.0
211,31,D,241,208,23,0,1.0
211,32,D,236,203,38,0,1.0
211,33,L,236,114,31,0,1.0
211,34,F,34,149,64,0,1.0
211,35,B,20,57,174,0,1.0
211,36,L,227,107,24,0,1.0
211,37,D,236,210,47,0,1.0
211,38,L,230,103,13,0,1.0
211,39,R,196,27,19,0,1.0
211,40,L,232,103,31,0,1.0
211,41,B,25,70,185,0,1.0
211,42,U,238,213,233,0,1.0
211,43,B,26,64,196,0,1.0
211,44,D,240,205,41,0,1.0
211,45,R,191,33,32,0,1.0
211,46,R,187,26,37,0,1.0
211,47,F,25,142,55,0,1.0
211,48,R,185,36,45,0,1.0
211,49,B,10,62,192,0,1.0
211,50,D,226,205,52,0,1.0
211,51,R,191,21,43,0,1.0
211,52,U,218,221,218,0,1.0
211,53,B,20,51,183,0,1.0
212,0,U,127,128,115,0,0.538
212,1,F,28,87,32,0,0.538
212,2,R,111,8,19,0,0.538
212,3,B,10,28,99,0,0.538
212,4,U,125,123,110,0,0.538
212,5,L,138,60,0,0,0.538
212,6,D,136,131,25,0,0.538
212,7,D,142,115,32,0,0.538
212,8,R,101,10,16,0,0.538
212,9,F,3,69,40,0,0.538
212,10,B,9,30,101,0,0.538
212,11,D,138,106,14,0,0.538
212,12,D,132,111,28,0,0.538
212,13,R,109,8,18,0,0.538
212,14,D,123,106,32,0,0.538
212,15,R,95,12,26,0,0.538
212,16,U,132,118,107,0,0.538
212,17,L,124,62,11,0,0.538
212,18,L,133,62,1,0,0.538
212,19,R,92,19,27,0,0.538
212,20,U,131,127,100,0,0.538
212,21,R,103,11,15,0,0.538
212,22,F,18,56,27,0,0.538
212,23,F,22,74,22,0,0.538
212,24,R,108,5,26,0,0.538
212,25,D,127,121,22,0,0.538
212,26,B,4,35,90,0,0.538
212,27,D,138,99,26,0,0.538
212,28,L,123,42,10,0,0.538
212,29,U,124,121,124,0,0.538
212,30,L,129,69,28,0,0.538
212,31,D,149,112,30,0,0.538
212,32,B,24,46,91,0,0.538
212,33,B,24,44,93,0,0.538
212,34,U,123,125,116,0,0.538
212,35,U,119,111,122,0,0.538
212,36,F,12,83,29,0,0.538
212,37,R,95,10,1,0,0.538
212,38,F,18,65,48,0,0.538
212,39,U,124,122,104,0,0.538
212,40,L,119,56,6,0,0.538
212,41,F,32,75,12,0,0.538
212,42,D,133,103,15,0,0.538
212,43,U,124,113,99,0,0.538
212,44,F,16,77,30,0,0.538
212,45,B,11,49,85,0,0.538
212,46,L,126,69,14,0,0.538
212,47,L,126,50,8,0,0.538
212,48,B,11,35,103,0,0.538
212,49,B,3,37,96,0,0.538
212,50,F,19,75,25,0,0.538
212,51,B,17,41,90,0,0.538
212,52,R,102,26,17,0,0.538
212,53,L,130,67,12,0,0.538
213,0,R,127,19,37,0,0.66
213,1,D,160,162,31,0,0.66
213,2,F,17,113,36,0,0.66
213,3,U,172,158,150,0,0.66
213,4,U,164,167,157,0,0.66
213,5,D,172,142,23,0,0.66
213,6,R,131,22,24,0,0.66
213,7,D,164,144,21,0,0.66
213,8,D,170,153,37,0,0.66
213,9,B,0,40,109,0,0.66
213,10,L,159,90,4,0,0.66
213,11,L,156,88,7,0,0.66
213,12,U,175,155,141,0,0.66
213,13,R,112,25,11,0,0.66
213,14,F,17,105,36,0,0.66
213,15,U,153,161,150,0,0.66
213,16,L,151,70,6,0,0.66
213,17,L,165,88,20,0,0.66
213,18,F,4,105,45,0,0.66
213,19,R,134,21,18,0,0.66
213,20,L,173,77,9,0,0.66
213,21,F,20,114,38,0,0.66
213,22,F,21,107,39,0,0.66
213,23,L,154,79,0,0,0.66
213,24,D,159,140,16,0,0.66
213,25,B,19,46,117,0,0.66
213,26,L,156,61,2,0,0.66
213,27,F,28,97,37,0,0.66
213,28,U,161,162,146,0,0.66
213,29,F,1,95,42,0,0.66
213,30,L,158,85,21,0,0.66
213,31,D,156,151,20,0,0.66
213,32,F,21,99,44,0,0.66
213,33,B,20,60,112,0,0.66
213,34,R,126,10,33,0,0.66
213,35,U,155,159,139,0,0.66
213,36,U,150,162,145,0,0.66
213,37,F,28,103,41,0,0.66
213,38,U,141,159,163,0,0.66
213,39,U,170,146,160,0,0.66
213,40,L,155,66,20,0,0.66
213,41,R,133,27,29,0,0.66
213,42,R,139,20,30,0,0.66
213,43,B,37,50,107,0,0.66
213,44,R,138,22,16,0,0.66
213,45,D,174,159,24,0,0.66
213,46,B,19,35,120,0,0.66
213,47,B,0,39,132,0,0.66
213,48,D,162,136,20,0,0.66
213,49,B,23,47,120,0,0.66
213,50,R,125,11,35,0,0.66
213,51,B,2,46,108,0,0.66
213,52,B,14,48,117,0,0.66
213,53,D,161,156,9,0,0.66
214,0,B,13,48,106,0,0.562
214,1,B,20,28,87,0,0.562
214,2,B,20,48,89,0,0.562
214,3,F,10,89,40,0,0.562
214,4,U,118,122,101,0,0.562
214,5,B,7,26,86,0,0.562
214,6,R,177,90,85,1,0.562
214,7,D,132,107,23,0,0.562
214,8,B,8,42,102,0,0.562
214,9,L,113,66,11,0,0.562
214,10,R,96,3,18,0,0.562
214,11,R,97,17,17,0,0.562
214,12,F,4,94,30,0,0.562
214,13,R,107,14,12,0,0.562
214,14,R,108,25,16,0,0.562
214,15,R,99,20,8,0,0.562
214,16,F,8,66,39,0,0.562
214,17,F,0,81,21,0,0.562
214,18,D,123,117,15,0,0.562
214,19,B,16,35,99,0,0.562
214,20,D,126,110,16,0,0.562
214,21,U,122,136,124,0,0.562
214,22,F,11,85,31,0,0.562
214,23,U,124,122,110,0,0.562
214,24,F,19,93,33,0,0.562
214,25,L,119,64,6,0,0.562
214,26,B,26,27,95,0,0.562
214,27,L,201,128,74,1,0.562
214,28,U,117,132,123,0,0.562
214,29,U,121,134,121,0,0.562
214,30,D,127,124,23,0,0.562
214,31,D,130,113,14,0,0.562
214,32,R,93,31,18,0,0.562
214,33,F,9,92,36,0,0.562
214,34,B,10,47,86,0,0.562
214,35,R,90,10,30,0,0.562
214,36,U,122,139,106,0,0.562
214,37,L,108,63,9,0,0.562
214,38,F,0,85,48,0,0.562
214,39,F,15,72,26,0,0.562
214,40,L,116,45,4,0,0.562
214,41,R,90,13,15,0,0.562
214,42,L,123,64,15,0,0.562
214,43,L,122,54,13,0,0.562
214,44,U,123,157,112,0,0.562
214,45,D,127,125,25,0,0.562
214,46,L,106,59,0,0,0.562
214,47,L,129,49,0,0,0.562
214,48,D,117,134,27,0,0.562
214,49,B,21,34,95,0,0.562
214,50,D,117,117,28,0,0.562
214,51,U,130,129,108,0,0.562
214,52,U,118,117,101,0,0.562
214,53,D,121,122,29,0,0.562
215,0,R,227,36,53,0,1.184
215,1,L,249,140,49,0,1.184
215,2,U,255,255,255,0,1.184
215,3,B,35,95,216,0,1.184
215,4,U,255,255,255,0,1.184
215,5,R,224,31,45,0,1.184
215,6,L,255,213,102,1,1.184
215,7,L,247,126,20,0,1.184
215,8,F,32,187,62,0,1.184
215,9,L,255,145,30,0,1.184
215,10,U,255,255,255,0,1.184
215,11,B,25,90,224,0,1.184
215,12,F,19,182,68,0,1.184
215,13,R,227,27,61,0,1.184
215,14,U,255,255,255,0,1.184
215,15,F,41,186,90,0,1.184
215,16,D,255,255,42,0,1.184
215,17,B,105,157,255,1,1.184
215,18,F,27,190,79,0,1.184
215,19,D,255,255,53,0,1.184
215,20,U,255,255,255,0,1.184
215,21,R,213,32,44,0,1.184
215,22,F,21,190,66,0,1.184
215,23,R,213,30,41,0,1.184
215,24,R,220,38,55,0,1.184
215,25,B,21,82,226,0,1.184
215,26,R,219,41,58,0,1.184
215,27,U,255,255,255,0,1.184
215,28,U,255,255,255,0,1.184
215,29,U,255,255,255,0,1.184
215,30,L,255,142,25,0,1.184
215,31,D,255,255,41,0,1.184
215,32,F,23,191,70,0,1.184
215,33,B,26,80,231,0,1.184
215,34,F,27,194,67,0,1.184
215,35,D,255,255,118,1,1.184
215,36,D,255,255,42,0,1.184
215,37,D,255,254,44,0,1.184
215,38,D,255,255,40,0,1.184
215,39,D,255,255,52,0,1.184
215,40,L,255,130,41,0,1.184
215,41,B,28,88,228,0,1.184
215,42,R,221,32,39,0,1.184
215,43,U,255,255,255,0,1.184
215,44,B,36,73,219,0,1.184
215,45,L,255,119,46,0,1.184
215,46,B,27,103,229,0,1.184
215,47,F,19,195,82,0,1.184
215,48,F,44,191,75,0,1.184
215,49,B,32,84,216,0,1.184
215,50,R,211,45,39,0,1.184
215,51,L,255,146,31,0,1.184
215,52,L,255,142,25,0,1.184
215,53,D,255,255,47,0,1.184
216,0,D,255,247,46,0,1.058
216,1,L,255,129,31,0,1.058
216,2,B,25,87,235,0,1.058
216,3,U,255,255,255,0,1.058
216,4,U,255,255,255,0,1.058
216,5,U,255,255,255,0,1.058
216,6,U,255,255,255,0,1.058
216,7,R,222,21,51,0,1.058
216,8,U,255,255,255,0,1.058
216,9,R,221,49,37,0,1.058
216,10,R,212,29,42,0,1.058
216,11,U,255,255,255,0,1.058
216,12,L,253,138,35,0,1.058
216,13,R,196,29,50,0,1.058
216,14,R,235,32,59,0,1.058
216,15,D,255,255,38,0,1.058
216,16,F,18,163,79,0,1.058
216,17,U,255,255,255,0,1.058
216,18,F,23,179,85,0,1.058
216,19,B,35,88,231,0,1.058
216,20,F,31,188,86,0,1.058
216,21,B,21,87,227,0,1.058
216,22,F,26,190,79,0,1.058
216,23,D,255,255,40,0,1.058
216,24,D,255,253,39,0,1.058
216,25,B,30,75,229,0,1.058
216,26,B,29,83,231,0,1.058
216,27,B,26,89,224,0,1.058
216,28,D,255,254,54,0,1.058
216,29,R,216,29,63,0,1.058
216,30,F,38,179,83,0,1.058
216,31,D,255,255,43,0,1.058
216,32,D,255,255,39,0,1.058
216,33,F,32,178,74,0,1.058
216,34,F,97,255,149,1,1.058
216,35,B,25,79,225,0,1.058
216,36,L,253,124,26,0,1.058
216,37,L,250,146,29,0,1.058
216,38,L,255,129,30,0,1.058
216,39,L,255,117,21,0,1.058
216,40,L,255,127,32,0,1.058
216,41,U,255,255,255,0,1.058
216,42,D,255,241,38,0,1.058
216,43,U,255,255,255,0,1.058
216,44,L,255,125,22,0,1.058
216,45,R,227,37,41,0,1.058
216,46,B,20,101,232,0,1.058
216,47,F,30,179,76,0,1.058
216,48,D,255,255,59,0,1.058
216,49,B,14,88,229,0,1.058
216,50,F,35,182,62,0,1.058
216,51,L,255,142,36,0,1.058
216,52,R,207,21,57,0,1.058
216,53,R,216,39,41,0,1.058
217,0,U,228,255,232,0,1.059
217,1,L,210,121,27,0,1.059
217,2,D,217,231,43,0,1.059
217,3,D,214,238,47,0,1.059
217,4,U,220,246,233,0,1.059
217,5,R,187,33,29,0,1.059
217,6,F,30,167,76,0,1.059
217,7,R,189,39,38,0,1.059
217,8,F,7,148,63,0,1.059
217,9,D,255,255,101,1,1.059
217,10,D,216,243,42,0,1.059
217,11,L,220,133,19,0,1.059
217,12,B,27,69,185,0,1.059
217,13,R,178,31,34,0,1.059
217,14,L,217,127,18,0,1.059
217,15,R,167,45,29,0,1.059
217,16,L,217,110,17,0,1.059
217,17,R,186,38,37,0,1.059
217,18,L,232,116,33,0,1.059
217,19,U,223,255,233,0,1.059
217,20,L,223,119,4,0,1.059
217,21,R,195,37,40,0,1.059
217,22,F,22,158,59,0,1.059
217,23,U,220,255,236,0,1.059
217,24,U,221,255,228,0,1.059
217,25,B,31,73,194,0,1.059
217,26,U,215,255,224,0,1.059
217,27,B,38,73,185,0,1.059
217,28,D,218,226,37,0,1.059
217,29,F,11,171,63,0,1.059
217,30,B,6,76,193,0,1.059
217,31,D,226,230,38,0,1.059
217,32,B,3,65,171,0,1.059
217,33,B,12,81,198,0,1.059
217,34,D,236,229,42,0,1.059
217,35,F,20,166,65,0,1.059
217,36,L,213,129,20,0,1.059
217,37,F,18,161,59,0,1.059
217,38,U,206,255,236,0,1.059
217,39,F,29,161,77,0,1.059
217,40,L,215,115,5,0,1.059
217,41,F,106,243,145,1,1.059
217,42,R,165,38,26,0,1.059
217,43,R,187,31,36,0,1.059
217,44,R,178,30,52,0,1.059
217,45,B,32,64,196,0,1.059
217,46,F,4,178,60,0,1.059
217,47,B,91,146,255,1,1.059
217,48,U,225,255,238,0,1.059
217,49,B,20,84,184,0,1.059
217,50,U,216,254,243,0,1.059
217,51,D,226,233,27,0,1.059
217,52,L,227,117,27,0,1.059
217,53,D,222,237,41,0,1.059
218,0,L,255,179,98,1,1.269
218,1,F,21,173,79,0,1.269
218,2,D,255,246,53,0,1.269
218,3,B,29,80,238,0,1.269
218,4,U,255,255,255,0,1.269
218,5,R,255,30,44,0,1.269
218,6,B,43,87,229,0,1.269
218,7,D,255,247,58,0,1.269
218,8,B,39,68,218,0,1.269
218,9,D,255,248,45,0,1.269
218,10,U,255,255,255,0,1.269
218,11,F,27,175,73,0,1.269
218,12,D,255,250,49,0,1.269
218,13,R,255,36,56,0,1.269
218,14,L,255,125,38,0,1.269
218,15,L,255,126,11,0,1.269
218,16,L,255,116,16,0,1.269
218,17,D,255,241,52,0,1.269
218,18,L,255,125,47,0,1.269
218,19,R,255,23,54,0,1.269
218,20,R,255,28,42,0,1.269
218,21,B,36,61,239,0,1.269
218,22,F,40,172,85,0,1.269
218,23,L,255,112,32,0,1.269
218,24,U,255,255,255,0,1.269
218,25,B,34,84,236,0,1.269
218,26,F,49,154,79,0,1.269
218,27,B,32,80,232,0,1.269
218,28,L,255,125,20,0,1.269
218,29,U,255,255,255,0,1.269
218,30,D,255,250,38,0,1.269
218,31,D,255,250,48,0,1.269
218,32,F,45,179,75,0,1.269
218,33,F,31,168,73,0,1.269
218,34,F,34,166,93,0,1.269
218,35,R,255,29,48,0,1.269
218,36,B,106,131,255,1,1.269
218,37,U,255,255,255,0,1.269
218,38,D,255,228,54,0,1.269
218,39,U,255,255,255,0,1.269
218,40,L,255,119,22,0,1.269
218,41,R,254,26,49,0,1.269
218,42,R,255,37,44,0,1.269
218,43,B,33,75,219,0,1.269
218,44,R,255,36,50,0,1.269
218,45,L,255,123,25,0,1.269
218,46,D,255,226,54,0,1.269
218,47,U,255,242,255,0,1.269
218,48,U,255,255,255,0,1.269
218,49,B,47,70,239,0,1.269
218,50,F,40,166,70,0,1.269
218,51,F,26,176,91,0,1.269
218,52,R,255,32,43,0,1.269
218,53,U,255,255,255,0,1.269
219,0,B,30,66,166,0,0.841
219,1,F,11,129,70,0,0.841
219,2,F,29,133,66,0,0.841
219,3,U,221,202,227,0,0.841
219,4,U,226,200,212,0,0.841
219,5,D,228,205,47,0,0.841
219,6,L,209,94,33,0,0.841
219,7,L,211,100,20,0,0.841
219,8,B,28,52,163,0,0.841
219,9,R,168,42,52,0,0.841
219,10,B,37,58,166,0,0.841
219,11,D,225,189,27,0,0.841
219,12,U,221,201,224,0,0.841
219,13,R,177,24,26,0,0.841
219,14,R,175,26,41,0,0.841
219,15,B,24,62,163,0,0.841
219,16,R,170,27,40,0,0.841
219,17,B,21,51,165,0,0.841
219,18,U,213,214,212,0,0.841
219,19,D,212,191,35,0,0.841
219,20,U,228,209,210,0,0.841
219,21,F,22,137,44,0,0.841
219,22,F,19,125,54,0,0.841
219,23,F,20,144,65,0,0.841
219,24,R,177,18,39,0,0.841
219,25,L,221,85,9,0,0.841
219,26,D,231,200,37,0,0.841
219,27,F,31,141,78,0,0.841
219,28,B,1,65,183,0,0.841
219,29,L,219,92,12,0,0.841
219,30,L,227,114,7,0,0.841
219,31,D,212,197,43,0,0.841
219,32,F,18,122,68,0,0.841
219,33,L,227,83,23,0,0.841
219,34,B,27,62,184,0,0.841
219,35,L,219,102,25,0,0.841
219,36,D,210,209,32,0,0.841
219,37,B,23,73,179,0,0.841
219,38,F,21,116,59,0,0.841
219,39,R,184,25,25,0,0.841
219,40,L,227,116,31,0,0.841
219,41,D,230,178,32,0,0.841
219,42,D,203,200,41,0,0.841
219,43,U,196,215,223,0,0.841
219,44,U,210,208,227,0,0.841
219,45,R,164,30,45,0,0.841
219,46,L,219,95,24,0,0.841
219,47,R,179,33,50,0,0.841
219,48,D,210,191,35,0,0.841
219,49,B,36,53,188,0,0.841
219,50,U,210,203,204,0,0.841
219,51,U,215,206,216,0,0.841
219,52,R,174,32,40,0,0.841
219,53,F,3,143,59,0,0.841
220,0,U,255,255,255,0,1.18
220,1,R,237,47,40,0,1.18
220,2,F,44,201,71,0,1.18
220,3,U,255,255,255,0,1.18
220,4,U,255,255,255,0,1.18
220,5,R,244,48,38,0,1.18
220,6,B,16,88,238,0,1.18
220,7,U,255,255,255,0,1.18
220,8,L,255,140,24,0,1.18
220,9,U,255,255,255,1,1.18
220,10,U,255,255,255,0,1.18
220,11,L,255,147,36,0,1.18
220,12,R,234,30,61,0,1.18
220,13,R,236,45,65,0,1.18
220,14,F,18,180,84,0,1.18
220,15,R,227,35,45,0,1.18
220,16,L,255,129,32,0,1.18
220,17,U,255,255,255,0,1.18
220,18,D,255,255,37,0,1.18
220,19,L,255,153,32,0,1.18
220,20,F,26,192,80,0,1.18
220,21,F,35,203,92,0,1.18
220,22,F,26,187,78,0,1.18
220,23,D,255,255,34,0,1.18
220,24,R,237,34,59,0,1.18
220,25,B,41,85,229,0,1.18
220,26,F,33,195,83,0,1.18
220,27,F,22,189,85,0,1.18
220,28,U,255,255,255,0,1.18
220,29,D,255,255,26,0,1.18
220,30,B,29,93,240,0,1.18
220,31,D,255,255,55,0,1.18
220,32,D,255,255,53,0,1.18
220,33,L,255,203,118,1,1.18
220,34,D,255,255,54,0,1.18
220,35,R,246,39,56,0,1.18
220,36,L,255,133,34,0,1.18
220,37,F,33,198,90,0,1.18
220,38,R,252,31,52,0,1.18
220,39,L,255,136,26,0,1.18
220,40,L,255,135,25,0,1.18
220,41,D,255,255,51,0,1.18
220,42,B,23,106,229,0,1.18
220,43,L,255,148,26,0,1.18
220,44,U,255,255,255,0,1.18
220,45,D,255,255,28,0,1.18
220,46,B,33,85,226,0,1.18
220,47,B,51,85,222,0,1.18
220,48,R,240,46,57,0,1.18
220,49,B,30,86,234,0,1.18
220,50,F,22,194,84,0,1.18
220,51,B,43,81,250,0,1.18
220,52,B,41,96,235,0,1.18
220,53,D,255,255,58,0,1.18
221,0,D,255,255,55,0,1.281
221,1,F,21,205,90,0,1.281
221,2,L,255,165,36,0,1.281
221,3,U,255,255,255,1,1.281
221,4,U,255,255,255,0,1.281
221,5,B,47,75,255,0,1.281
221,6,D,255,255,64,0,1.281
221,7,B,99,166,255,1,1.281
221,8,L,255,131,32,0,1.281
221,9,U,255,255,255,0,1.281
221,10,L,255,156,38,0,1.281
221,11,B,20,91,255,0,1.281
221,12,B,25,100,255,0,1.281
221,13,R,213,44,50,0,1.281
221,14,R,212,50,66,0,1.281
221,15,U,255,255,255,0,1.281
221,16,F,26,201,101,0,1.281
221,17,R,255,110,127,1,1.281
221,18,R,255,115,129,1,1.281
221,19,R,210,39,58,0,1.281
221,20,F,30,199,101,0,1.281
221,21,U,255,255,255,0,1.281
221,22,F,31,203,97,0,1.281
221,23,D,255,255,67,0,1.281
221,24,U,255,255,255,0,1.281
221,25,L,255,140,32,0,1.281
221,26,B,36,101,255,0,1.281
221,27,R,211,44,67,0,1.281
221,28,U,255,255,255,0,1.281
221,29,L,255,144,16,0,1.281
221,30,D,255,255,59,0,1.281
221,31,D,255,255,55,0,1.281
221,32,D,255,255,55,0,1.281
221,33,F,41,195,108,0,1.281
221,34,D,255,255,57,0,1.281
221,35,B,18,101,255,0,1.281
221,36,F,37,206,91,0,1.281
221,37,R,209,34,62,0,1.281
221,38,B,22,70,255,0,1.281
221,39,B,37,96,255,0,1.281
221,40,L,255,143,55,0,1.281
221,41,F,19,191,92,0,1.281
221,42,L,255,142,42,0,1.281
221,43,L,255,141,30,0,1.281
221,44,F,27,198,95,0,1.281
221,45,D,255,255,63,0,1.281
221,46,L,255,141,18,0,1.281
221,47,R,216,42,67,0,1.281
221,48,F,12,204,91,0,1.281
221,49,B,31,102,255,0,1.281
221,50,U,255,255,255,0,1.281
221,51,U,255,255,255,0,1.281
221,52,R,202,46,59,0,1.281
221,53,D,255,255,65,0,1.281
222,0,U,255,255,255,1,0.952
222,1,R,192,28,48,0,0.952
222,2,R,192,29,43,0,0.952
222,3,D,255,181,41,0,0.952
222,4,U,237,193,247,0,0.952
222,5,R,205,12,37,0,0.952
222,6,L,245,97,20,0,0.952
222,7,B,18,57,201,0,0.952
222,8,F,30,123,71,0,0.952
222,9,D,245,179,48,0,0.952
222,10,B,26,64,201,0,0.952
222,11,B,23,54,198,0,0.952
222,12,R,196,37,45,0,0.952
222,13,R,197,17,39,0,0.952
222,14,B,31,48,186,0,0.952
222,15,F,30,130,63,0,0.952
222,16,D,247,177,41,0,0.952
222,17,D,255,187,59,0,0.952
222,18,U,254,201,242,0,0.952
222,19,U,251,201,246,0,0.952
222,20,L,249,93,22,0,0.952
222,21,F,101,194,133,1,0.952
222,22,F,31,119,57,0,0.952
222,23,U,255,204,241,0,0.952
222,24,U,245,198,238,0,0.952
222,25,F,21,117,71,0,0.952
222,26,D,255,193,43,0,0.952
222,27,R,208,27,51,0,0.952
222,28,U,255,195,245,0,0.952
222,29,R,195,21,43,0,0.952
222,30,F,36,138,64,0,0.952
222,31,D,248,197,38,0,0.952
222,32,B,26,76,196,0,0.952
222,33,R,203,26,30,0,0.952
222,34,L,248,80,15,0,0.952
222,35,L,253,99,26,0,0.952
222,36,L,251,103,30,0,0.952
222,37,L,233,85,35,0,0.952
222,38,F,26,137,61,0,0.952
222,39,F,32,113,73,0,0.952
222,40,L,246,102,11,0,0.952
222,41,D,238,176,46,0,0.952
222,42,D,255,191,31,0,0.952
222,43,L,239,104,32,0,0.952
222,44,F,16,132,73,0,0.952
222,45,U,250,199,247,0,0.952
222,46,D,255,184,51,0,0.952
222,47,B,33,65,195,0,0.952
222,48,L,249,101,22,0,0.952
222,49,B,20,63,203,0,0.952
222,50,R,191,29,59,0,0.952
222,51,B,11,63,199,0,0.952
222,52,U,244,198,247,0,0.952
222,53,B,26,56,203,0,0.952
223,0,L,255,176,101,1,0.85
223,1,U,216,220,227,0,0.85
223,2,F,17,144,72,0,0.85
223,3,L,201,118,42,0,0.85
223,4,U,200,230,236,0,0.85
223,5,D,202,193,40,0,0.85
223,6,F,16,146,58,0,0.85
223,7,U,202,223,230,0,0.85
223,8,D,218,210,43,0,0.85
223,9,R,158,42,48,0,0.85
223,10,B,35,68,180,0,0.85
223,11,R,171,21,39,0,0.85
223,12,U,204,227,217,0,0.85
223,13,R,173,19,40,0,0.85
223,14,R,165,14,45,0,0.85
223,15,L,206,121,39,0,0.85
223,16,F,16,129,63,0,0.85
223,17,U,213,226,243,0,0.85
223,18,D,211,203,37,0,0.85
223,19,B,24,77,181,0,0.85
223,20,B,93,143,253,1,0.85
223,21,F,23,153,68,0,0.85
223,22,F,28,141,52,0,0.85
223,23,L,199,104,28,0,0.85
223,24,L,202,101,21,0,0.85
223,25,L,208,103,33,0,0.85
223,26,B,27,70,180,0,0.85
223,27,U,219,231,237,0,0.85
223,28,D,214,205,36,0,0.85
223,29,D,207,215,43,0,0.85
223,30,R,153,34,27,0,0.85
223,31,D,205,219,39,0,0.85
223,32,R,164,8,44,0,0.85
223,33,R,164,28,29,0,0.85
223,34,D,202,208,23,0,0.85
223,35,R,172,35,30,0,0.85
223,36,B,14,68,185,0,0.85
223,37,B,15,67,176,0,0.85
223,38,L,193,113,28,0,0.85
223,39,F,11,145,64,0,0.85
223,40,L,218,117,36,0,0.85
223,41,U,203,236,223,0,0.85
223,42,F,14,163,56,0,0.85
223,43,D,220,204,34,0,0.85
223,44,F,37,130,64,0,0.85
223,45,U,209,221,220,0,0.85
223,46,R,158,46,24,0,0.85
223,47,U,196,224,218,0,0.85
223,48,B,28,60,181,0,0.85
223,49,B,21,61,188,0,0.85
223,50,L,193,105,30,0,0.85
223,51,B,29,57,172,0,0.85
223,52,F,38,152,47,0,0.85
223,53,D,217,210,43,0,0.85
224,0,F,27,91,45,0,0.556
224,1,F,11,105,45,0,0.556
224,2,B,25,47,106,0,0.556
224,3,F,14,92,42,0,0.556
224,4,U,134,140,139,0,0.556
224,5,D,134,135,18,0,0.556
224,6,R,124,14,9,0,0.556
224,7,U,141,154,153,0,0.556
224,8,L,134,64,12,0,0.556
224,9,D,147,128,2,0,0.556
224,10,B,23,47,107,0,0.556
224,11,U,139,141,135,0,0.556
224,12,B,16,33,115,0,0.556
224,13,R,119,25,39,0,0.556
224,14,R,114,22,29,0,0.556
224,15,L,135,52,7,0,0.556
224,16,L,126,68,27,0,0.556
224,17,D,149,151,27,0,0.556
224,18,D,164,148,30,0,0.556
224,19,R,128,15,15,0,0.556
224,20,B,19,56,122,0,0.556
224,21,B,21,44,112,0,0.556
224,22,F,20,99,36,0,0.556
224,23,U,152,159,128,0,0.556
224,24,F,18,82,37,0,0.556
224,25,B,16,49,121,0,0.556
224,26,U,147,147,138,0,0.556
224,27,U,144,142,149,0,0.556
224,28,R,113,19,11,0,0.556
224,29,B,18,39,118,0,0.556
224,30,U,138,160,155,0,0.556
224,31,D,161,128,29,0,0.556
224,32,D,143,127,29,0,0.556
224,33,F,9,111,39,0,0.556
224,34,F,21,90,39,0,0.556
224,35,B,12,54,125,0,0.556
224,36,D,148,129,25,0,0.556
224,37,U,216,208,218,1,0.556
224,38,F,1,88,36,0,0.556
224,39,D,142,147,13,0,0.556
224,40,L,142,64,7,0,0.556
224,41,L,136,56,18,0,0.556
224,42,U,144,136,146,0,0.556
224,43,L,140,46,14,0,0.556
224,44,R,108,10,15,0,0.556
224,45,R,96,9,6,0,0.556
224,46,L,145,59,21,0,0.556
224,47,L,137,69,10,0,0.556
224,48,F,11,93,36,0,0.556
224,49,B,19,33,110,0,0.556
224,50,R,102,30,36,0,0.556
224,51,R,114,21,21,0,0.556
224,52,D,142,148,27,0,0.556
224,53,L,140,65,18,0,0.556
225,0,D,219,212,29,0,0.88
225,1,R,175,31,27,0,0.88
225,2,R,171,31,29,0,0.88
225,3,D,255,255,97,1,0.88
225,4,U,201,230,182,0,0.88
225,5,L,204,101,27,0,0.88
225,6,U,255,255,255,1,0.88
225,7,L,204,107,7,0,0.88
225,8,U,209,222,188,0,0.88
225,9,L,206,115,15,0,0.88
225,10,B,11,64,158,0,0.88
225,11,B,24,69,157,0,0.88
225,12,U,196,234,190,0,0.88
225,13,R,162,33,28,0,0.88
225,14,L,221,115,21,0,0.88
225,15,R,167,25,20,0,0.88
225,16,B,14,54,146,0,0.88
225,17,D,217,233,34,0,0.88
225,18,R,182,22,25,0,0.88
225,19,F,25,145,57,0,0.88
225,20,B,29,69,144,0,0.88
225,21,B,20,64,160,0,0.88
225,22,F,22,163,43,0,0.88
225,23,R,185,26,30,0,0.88
225,24,U,215,246,194,0,0.88
225,25,F,23,143,63,0,0.88
225,26,D,213,207,21,0,0.88
225,27,F,19,133,48,0,0.88
225,28,U,205,249,189,0,0.88
225,29,B,21,52,138,0,0.88
225,30,D,210,222,17,0,0.88
225,31,D,211,205,42,0,0.88
225,32,R,166,22,32,0,0.88
225,33,R,163,26,31,0,0.88
225,34,D,209,211,43,0,0.88
225,35,L,210,105,31,0,0.88
225,36,L,214,121,14,0,0.88
225,37,B,21,74,153,0,0.88
225,38,F,19,167,41,0,0.88
225,39,F,27,149,48,0,0.88
225,40,L,209,129,14,0,0.88
225,41,U,195,246,185,0,0.88
225,42,F,26,157,65,0,0.88
225,43,L,204,108,25,0,0.88
225,44,L,208,112,9,0,0.88
225,45,U,205,243,156,0,0.88
225,46,F,25,131,69,0,0.88
225,47,F,32,164,63,0,0.88
225,48,U,203,237,175,0,0.88
225,49,B,27,68,152,0,0.88
225,50,D,210,218,24,0,0.88
225,51,B,18,64,146,0,0.88
225,52,R,173,39,24,0,0.88
225,53,D,221,210,43,0,0.88
226,0,R,183,28,38,0,1.029
226,1,R,189,35,43,0,1.029
226,2,F,24,192,72,0,1.029
226,3,D,234,254,57,0,1.029
226,4,U,229,255,223,0,1.029
226,5,B,32,77,185,0,1.029
226,6,F,42,168,72,0,1.029
226,7,L,223,116,19,0,1.029
226,8,R,248,104,106,1,1.029
226,9,D,228,249,48,0,1.029
226,10,D,237,244,39,0,1.029
226,11,R,179,44,27,0,1.029
226,12,L,231,134,21,0,1.029
226,13,R,179,37,27,0,1.029
226,14,F,18,163,67,0,1.029
226,15,R,175,32,22,0,1.029
226,16,B,19,89,189,0,1.029
226,17,F,34,152,41,0,1.029
226,18,D,245,254,28,0,1.029
226,19,B,31,85,189,0,1.029
226,20,F,28,182,69,0,1.029
226,21,U,229,255,233,0,1.029
226,22,F,25,175,61,0,1.029
226,23,F,26,180,63,0,1.029
226,24,L,226,142,39,0,1.029
226,25,R,184,29,51,0,1.029
226,26,B,12,94,196,0,1.029
226,27,B,20,80,178,0,1.029
226,28,U,228,255,219,0,1.029
226,29,U,228,255,229,0,1.029
226,30,F,21,168,65,0,1.029
226,31,D,224,254,34,0,1.029
226,32,U,236,255,235,0,1.029
226,33,D,238,249,29,0,1.029
226,34,D,237,240,42,0,1.029
226,35,U,214,255,229,0,1.029
226,36,B,19,83,190,0,1.029
226,37,L,227,129,35,0,1.029
226,38,L,232,131,20,0,1.029
226,39,U,217,255,237,0,1.029
226,40,L,227,133,13,0,1.029
226,41,L,211,129,4,0,1.029
226,42,L,223,115,24,0,1.029
226,43,R,186,24,47,0,1.029
226,44,U,228,255,222,0,1.029
226,45,U,218,255,237,0,1.029
226,46,B,22,67,172,0,1.029
226,47,D,233,248,45,0,1.029
226,48,D,235,255,48,0,1.029
226,49,B,31,84,170,0,1.029
226,50,F,29,181,68,0,1.029
226,51,L,216,132,32,0,1.029
226,52,R,186,32,22,0,1.029
226,53,B,17,96,187,0,1.029
227,0,L,255,110,15,0,1.025
227,1,D,255,222,48,0,1.025
227,2,R,210,21,50,0,1.025
227,3,F,25,155,65,0,1.025
227,4,U,255,243,237,0,1.025
227,5,B,26,80,195,0,1.025
227,6,B,25,62,182,0,1.025
227,7,R,220,33,46,0,1.025
227,8,L,255,97,17,0,1.025
227,9,D,253,203,36,0,1.025
227,10,L,255,116,27,0,1.025
227,11,U,255,236,239,0,1.025
227,12,R,216,35,21,0,1.025
227,13,R,217,40,38,0,1.025
227,14,L,246,119,20,0,1.025
227,15,D,255,216,36,0,1.025
227,16,D,255,221,48,0,1.025
227,17,D,255,209,35,0,1.025
227,18,U,255,237,228,0,1.025
227,19,U,255,239,226,0,1.025
227,20,B,18,74,190,0,1.025
227,21,F,30,153,85,0,1.025
227,22,F,30,169,56,0,1.025
227,23,D,255,207,30,0,1.025
227,24,U,251,238,227,0,1.025
227,25,B,24,71,176,0,1.025
227,26,B,20,62,179,0,1.025
227,27,F,37,133,67,0,1.025
227,28,U,255,235,230,0,1.025
227,29,R,221,24,40,0,1.025
227,30,D,255,216,38,0,1.025
227,31,D,255,213,34,0,1.025
227,32,B,37,83,185,0,1.025
227,33,R,216,28,34,0,1.025
227,34,F,29,161,64,0,1.025
227,35,R,199,38,56,0,1.025
227,36,F,30,139,64,0,1.025
227,37,L,255,110,27,0,1.025
227,38,L,255,115,7,0,1.025
227,39,B,21,68,186,0,1.025
227,40,L,255,105,21,0,1.025
227,41,U,249,232,221,0,1.025
227,42,B,30,84,180,0,1.025
227,43,F,23,153,44,0,1.025
227,44,L,255,119,16,0,1.025
227,45,F,23,166,63,0,1.025
227,46,L,255,106,37,0,1.025
227,47,D,255,212,41,0,1.025
227,48,U,255,231,211,0,1.025
227,49,B,40,71,192,0,1.025
227,50,R,216,20,26,0,1.025
227,51,F,37,148,65,0,1.025
227,52,R,201,37,32,0,1.025
227,53,U,251,248,231,0,1.025
228,0,F,33,218,61,0,1.277
228,1,R,255,53,49,0,1.277
228,2,D,255,255,45,0,1.277
228,3,F,25,211,69,0,1.277
228,4,U,255,255,251,0,1.277
228,5,L,255,154,15,0,1.277
228,6,R,255,40,42,0,1.277
228,7,F,42,215,56,0,1.277
228,8,F,49,222,67,0,1.277
228,9,R,255,46,36,0,1.277
228,10,F,36,212,84,0,1.277
228,11,L,255,151,19,0,1.277
228,12,B,45,90,201,0,1.277
228,13,R,254,43,46,0,1.277
228,14,L,255,150,26,0,1.277
228,15,B,27,92,203,0,1.277
228,16,L,255,170,27,0,1.277
228,17,F,34,206,69,0,1.277
228,18,F,117,255,138,1,1.277
228,19,R,255,57,35,0,1.277
228,20,D,255,255,39,0,1.277
228,21,B,42,86,215,0,1.277
228,22,F,46,200,76,0,1.277
228,23,U,255,255,255,0,1.277
228,24,R,255,101,114,1,1.277
228,25,R,255,41,55,0,1.277
228,26,L,255,152,8,0,1.277
228,27,B,25,99,220,0,1.277
228,28,U,255,255,255,0,1.277
228,29,U,255,255,249,0,1.277
228,30,D,255,255,58,0,1.277
228,31,D,255,255,45,0,1.277
228,32,D,255,255,32,0,1.277
228,33,U,255,255,250,0,1.277
228,34,R,255,46,47,0,1.277
228,35,L,255,150,31,0,1.277
228,36,L,255,149,27,0,1.277
228,37,U,255,255,255,0,1.277
228,38,U,255,255,255,0,1.277
228,39,U,255,255,245,0,1.277
228,40,L,255,142,22,0,1.277
228,41,D,255,255,51,0,1.277
228,42,R,255,39,46,0,1.277
228,43,F,29,213,81,0,1.277
228,44,D,255,255,49,0,1.277
228,45,B,39,76,204,0,1.277
228,46,D,255,255,42,0,1.277
228,47,U,255,255,255,0,1.277
228,48,B,34,101,193,0,1.277
228,49,B,36,90,206,0,1.277
228,50,L,255,208,95,1,1.277
228,51,D,255,255,32,0,1.277
228,52,B,27,89,212,0,1.277
228,53,B,41,101,213,0,1.277
229,0,D,255,255,52,0,1.178
229,1,B,105,151,255,1,1.178
229,2,R,209,54,45,0,1.178
229,3,L,255,139,39,0,1.178
229,4,U,255,255,255,0,1.178
229,5,U,255,255,255,0,1.178
229,6,B,31,71,255,0,1.178
229,7,R,201,43,65,0,1.178
229,8,U,236,255,255,0,1.178
229,9,B,27,101,255,0,1.178
229,10,B,24,103,251,0,1.178
229,11,F,24,205,79,0,1.178
229,12,B,17,101,255,0,1.178
229,13,R,209,41,37,0,1.178
229,14,F,32,212,86,0,1.178
229,15,F,32,199,96,0,1.178
229,16,F,33,180,93,0,1.178
229,17,L,255,129,31,0,1.178
229,18,U,255,255,255,0,1.178
229,19,D,255,255,54,0,1.178
229,20,R,213,44,60,0,1.178
229,21,B,20,98,255,0,1.178
229,22,F,52,201,85,0,1.178
229,23,R,204,41,52,0,1.178
229,24,R,198,30,51,0,1.178
229,25,D,255,255,61,0,1.178
229,26,U,255,255,255,0,1.178
229,27,F,19,184,87,0,1.178
229,28,F,32,206,66,0,1.178
229,29,L,251,145,31,0,1.178
229,30,L,241,144,30,0,1.178
229,31,D,255,255,66,0,1.178
229,32,U,250,255,255,0,1.178
229,33,D,255,255,44,0,1.178
229,34,L,255,142,42,0,1.178
229,35,B,20,85,251,0,1.178
229,36,L,255,141,52,0,1.178
229,37,U,255,255,255,0,1.178
229,38,L,255,153,44,0,1.178
229,39,R,206,58,46,0,1.178
229,40,L,255,157,42,0,1.178
229,41,L,255,154,28,0,1.178
229,42,B,35,82,245,0,1.178
229,43,D,255,255,52,0,1.178
229,44,U,250,255,255,0,1.178
229,45,D,255,255,47,0,1.178
229,46,D,255,255,58,0,1.178
229,47,F,31,205,69,0,1.178
229,48,R,205,35,51,0,1.178
229,49,B,18,88,249,0,1.178
229,50,U,255,255,255,0,1.178
229,51,D,254,255,49,0,1.178
229,52,F,23,193,93,0,1.178
229,53,R,210,47,56,0,1.178
230,0,U,221,215,222,0,0.879
230,1,F,44,132,55,0,0.879
230,2,D,208,198,51,0,0.879
230,3,U,218,204,206,0,0.879
230,4,U,217,187,220,0,0.879
230,5,U,211,211,228,0,0.879
230,6,F,9,129,51,0,0.879
230,7,U,209,214,221,0,0.879
230,8,R,180,31,33,0,0.879
230,9,B,25,68,180,0,0.879
230,10,B,20,65,168,0,0.879
230,11,L,206,112,23,0,0.879
230,12,L,217,91,24,0,0.879
230,13,R,172,33,48,0,0.879
230,14,D,255,253,106,1,0.879
230,15,R,177,23,25,0,0.879
230,16,U,255,255,255,1,0.879
230,17,F,18,132,58,0,0.879
230,18,U,210,208,212,0,0.879
230,19,F,26,130,63,0,0.879
230,20,D,209,189,24,0,0.879
230,21,L,230,96,27,0,0.879
230,22,F,21,134,61,0,0.879
230,23,F,21,120,52,0,0.879
230,24,D,255,255,103,1,0.879
230,25,B,17,61,168,0,0.879
230,26,B,27,45,163,0,0.879
230,27,F,30,133,78,0,0.879
230,28,L,209,107,25,0,0.879
230,29,U,231,219,206,0,0.879
230,30,D,216,185,56,0,0.879
230,31,D,227,180,23,0,0.879
230,32,R,180,29,33,0,0.879
230,33,F,26,119,60,0,0.879
230,34,R,179,30,31,0,0.879
230,35,L,219,94,4,0,0.879
230,36,L,198,104,14,0,0.879
230,37,L,223,90,27,0,0.879
230,38,R,187,45,35,0,0.879
230,39,R,189,30,11,0,0.879
230,40,L,197,102,33,0,0.879
230,41,D,220,189,31,0,0.879
230,42,U,211,216,212,0,0.879
230,43,R,171,31,31,0,0.879
230,44,R,178,23,39,0,0.879
230,45,B,21,48,181,0,0.879
230,46,D,228,190,32,0,0.879
230,47,B,33,54,176,0,0.879
230,48,B,28,67,171,0,0.879
230,49,B,20,77,166,0,0.879
230,50,F,9,120,59,0,0.879
230,51,D,215,195,45,0,0.879
230,52,B,8,47,170,0,0.879
230,53,L,218,86,18,0,0.879
231,0,B,16,89,255,0,1.253
231,1,F,32,182,96,0,1.253
231,2,L,255,140,41,0,1.253
231,3,U,255,255,255,0,1.253
231,4,U,255,255,255,0,1.253
231,5,F,32,184,94,0,1.253
231,6,R,255,122,128,1,1.253
231,7,R,239,34,52,0,1.253
231,8,R,229,37,57,0,1.253
231,9,D,255,254,67,0,1.253
231,10,D,255,238,45,0,1.253
231,11,F,27,180,95,0,1.253
231,12,L,255,199,118,1,1.253
231,13,R,224,32,51,0,1.253
231,14,D,255,255,56,0,1.253
231,15,U,255,255,255,0,1.253
231,16,L,255,127,39,0,1.253
231,17,U,255,255,255,0,1.253
231,18,F,20,182,85,0,1.253
231,19,B,37,86,255,0,1.253
231,20,F,27,187,91,0,1.253
231,21,B,19,91,255,0,1.253
231,22,F,38,182,85,0,1.253
231,23,U,255,255,255,0,1.253
231,24,R,235,44,71,0,1.253
231,25,D,255,255,61,0,1.253
231,26,R,240,47,52,0,1.253
231,27,B,23,80,255,0,1.253
231,28,R,229,42,63,0,1.253
231,29,B,24,66,251,0,1.253
231,30,U,255,255,255,0,1.253
231,31,D,255,255,56,0,1.253
231,32,F,35,163,95,0,1.253
231,33,L,255,132,23,0,1.253
231,34,D,255,250,48,0,1.253
231,35,B,32,82,255,0,1.253
231,36,L,255,135,38,0,1.253
231,37,R,239,37,65,0,1.253
231,38,U,255,255,255,0,1.253
231,39,B,36,78,255,0,1.253
231,40,L,255,130,34,0,1.253
231,41,U,255,255,255,0,1.253
231,42,D,255,255,64,0,1.253
231,43,F,19,169,97,0,1.253
231,44,D,255,253,62,0,1.253
231,45,U,255,255,255,0,1.253
231,46,R,237,41,78,0,1.253
231,47,D,255,255,52,0,1.253
231,48,L,255,131,47,0,1.253
231,49,B,29,70,244,0,1.253
231,50,L,255,132,44,0,1.253
231,51,L,255,122,29,0,1.253
231,52,B,40,77,255,0,1.253
231,53,F,40,166,102,0,1.253
232,0,L,112,65,15,0,0.516
232,1,F,19,82,44,0,0.516
232,2,U,111,138,128,0,0.516
232,3,U,119,139,127,0,0.516
232,4,U,110,132,135,0,0.516
232,5,B,18,26,111,0,0.516
232,6,L,118,67,14,0,0.516
232,7,L,115,56,10,0,0.516
232,8,L,104,54,17,0,0.516
232,9,F,14,89,43,0,0.516
232,10,L,106,63,5,0,0.516
232,11,F,4,74,44,0,0.516
232,12,U,112,126,129,0,0.516
232,13,R,80,1,30,0,0.516
232,14,R,91,29,22,0,0.516
232,15,B,11,35,101,0,0.516
232,16,L,105,56,11,0,0.516
232,17,B,14,36,121,0,0.516
232,18,B,9,49,120,0,0.516
232,19,F,8,96,41,0,0.516
232,20,D,104,120,0,0,0.516
232,21,R,83,20,17,0,0.516
232,22,F,11,83,33,0,0.516
232,23,F,11,82,34,0,0.516
232,24,R,93,34,18,0,0.516
232,25,B,12,37,102,0,0.516
232,26,U,112,135,143,0,0.516
232,27,D,120,118,11,0,0.516
232,28,R,91,24,28,0,0.516
232,29,R,89,17,22,0,0.516
232,30,B,10,41,111,0,0.516
232,31,D,109,112,25,0,0.516
232,32,D,106,124,19,0,0.516
232,33,D,98,121,22,0,0.516
232,34,B,18,44,109,0,0.516
232,35,D,114,132,15,0,0.516
232,36,U,122,146,134,0,0.516
232,37,R,83,29,20,0,0.516
232,38,U,111,134,134,0,0.516
232,39,U,106,138,134,0,0.516
232,40,L,107,69,18,0,0.516
232,41,D,109,120,28,0,0.516
232,42,B,1,42,108,0,0.516
232,43,U,99,131,144,0,0.516
232,44,F,18,79,35,0,0.516
232,45,R,86,12,17,0,0.516
232,46,D,111,120,35,0,0.516
232,47,F,26,88,35,0,0.516
232,48,F,1,81,32,0,0.516
232,49,B,14,54,104,0,0.516
232,50,L,121,65,17,0,0.516
232,51,L,109,43,8,0,0.516
232,52,D,110,127,16,0,0.516
232,53,R,86,9,21,0,0.516
233,0,D,251,226,39,0,1.056
233,1,R,196,30,54,0,1.056
233,2,F,27,153,79,0,1.056
233,3,U,252,247,255,0,1.056
233,4,U,252,228,255,0,1.056
233,5,F,32,162,68,0,1.056
233,6,B,20,74,215,0,1.056
233,7,R,204,27,45,0,1.056
233,8,R,203,13,54,0,1.056
233,9,D,253,206,32,0,1.056
233,10,D,255,207,42,0,1.056
233,11,R,255,97,111,1,1.056
233,12,D,255,223,55,0,1.056
233,13,R,193,28,37,0,1.056
233,14,R,207,42,46,0,1.056
233,15,U,238,239,255,0,1.056
233,16,D,255,217,45,0,1.056
233,17,U,243,227,255,0,1.056
233,18,D,255,214,49,0,1.056
233,19,F,28,149,68,0,1.056
233,20,F,13,151,77,0,1.056
233,21,F,32,154,74,0,1.056
233,22,F,14,143,68,0,1.056
233,23,L,247,101,23,0,1.056
233,24,F,24,154,73,0,1.056
233,25,B,86,134,255,1,1.056
233,26,B,19,73,226,0,1.056
233,27,L,255,101,27,0,1.056
233,28,L,247,106,35,0,1.056
233,29,L,252,122,18,0,1.056
233,30,D,237,218,45,0,1.056
233,31,D,255,216,49,0,1.056
233,32,R,212,10,44,0,1.056
233,33,B,22,62,210,0,1.056
233,34,U,249,255,255,0,1.056
233,35,R,199,38,64,0,1.056
233,36,L,240,117,22,0,1.056
233,37,L,255,118,31,0,1.056
233,38,R,212,32,45,0,1.056
233,39,F,30,141,73,0,1.056
233,40,L,255,91,14,0,1.056
233,41,U,255,245,255,0,1.056
233,42,D,255,218,56,0,1.056
233,43,B,18,84,214,0,1.056
233,44,U,245,246,255,0,1.056
233,45,U,255,237,255,0,1.056
233,46,U,235,242,255,0,1.056
233,47,F,33,153,54,0,1.056
233,48,B,16,75,210,0,1.056
233,49,B,26,71,219,0,1.056
233,50,L,246,117,37,0,1.056
233,51,B,25,76,213,0,1.056
233,52,B,22,73,212,0,1.056
233,53,L,245,111,26,0,1.056
234,0,D,211,203,21,0,0.867
234,1,L,185,92,30,0,0.867
234,2,U,190,201,187,0,0.867
234,3,F,14,132,64,0,0.867
234,4,U,214,211,207,0,0.867
234,5,F,26,136,60,0,0.867
234,6,F,8,139,62,0,0.867
234,7,B,8,55,166,0,0.867
234,8,L,203,103,34,0,0.867
234,9,U,205,229,200,0,0.867
234,10,U,192,200,209,0,0.867
234,11,F,32,128,56,0,0.867
234,12,B,10,75,166,0,0.867
234,13,R,169,20,37,0,0.867
234,14,F,31,137,44,0,0.867
234,15,B,15,60,169,0,0.867
234,16,D,255,255,104,1,0.867
234,17,B,11,71,168,0,0.867
234,18,R,149,26,25,0,0.867
234,19,R,181,25,35,0,0.867
234,20,F,29,124,62,0,0.867
234,21,D,203,196,23,0,0.867
234,22,F,25,123,57,0,0.867
234,23,U,203,216,211,0,0.867
234,24,R,148,41,33,0,0.867
234,25,L,201,107,36,0,0.867
234,26,D,198,193,36,0,0.867
234,27,U,211,214,221,0,0.867
234,28,D,211,189,30,0,0.867
234,29,L,199,99,17,0,0.867
234,30,F,24,142,54,0,0.867
234,31,D,213,199,38,0,0.867
234,32,B,33,75,155,0,0.867
234,33,U,202,216,195,0,0.867
234,34,R,150,26,27,0,0.867
234,35,R,160,17,40,0,0.867
234,36,L,191,88,19,0,0.867
234,37,R,162,19,38,0,0.867
234,38,D,195,207,38,0,0.867
234,39,L,204,100,23,0,0.867
234,40,L,187,101,27,0,0.867
234,41,R,155,29,26,0,0.867
234,42,B,29,63,177,0,0.867
234,43,D,211,189,37,0,0.867
234,44,B,37,74,161,0,0.867
234,45,R,154,22,28,0,0.867
234,46,U,196,235,207,0,0.867
234,47,F,34,127,60,0,0.867
234,48,L,207,85,16,0,0.867
234,49,B,8,52,158,0,0.867
234,50,B,27,71,161,0,0.867
234,51,D,196,205,35,0,0.867
234,52,U,198,226,202,0,0.867
234,53,L,190,107,18,0,0.867
235,0,R,202,106,102,1,0.859
235,1,F,14,146,73,0,0.859
235,2,U,162,224,237,0,0.859
235,3,L,189,103,18,0,0.859
235,4,U,182,209,240,0,0.859
235,5,B,15,54,188,0,0.859
235,6,B,28,71,175,0,0.859
235,7,L,191,107,24,0,0.859
235,8,D,181,211,43,0,0.859
235,9,F,19,143,65,0,0.859
235,10,U,179,221,230,0,0.859
235,11,F,30,133,49,0,0.859
235,12,B,13,69,182,0,0.859
235,13,R,144,34,42,0,0.859
235,14,R,148,35,43,0,0.859
235,15,F,15,138,62,0,0.859
235,16,D,174,199,30,0,0.859
235,17,D,177,188,28,0,0.859
235,18,U,189,209,232,0,0.859
235,19,U,253,255,255,1,0.859
235,20,R,146,27,41,0,0.859
235,21,D,185,209,38,0,0.859
235,22,F,14,135,54,0,0.859
235,23,R,144,33,36,0,0.859
235,24,D,186,212,33,0,0.859
235,25,B,28,67,177,0,0.859
235,26,U,172,223,228,0,0.859
235,27,B,24,50,194,0,0.859
235,28,L,187,94,19,0,0.859
235,29,L,194,110,23,0,0.859
235,30,R,142,28,45,0,0.859
235,31,D,180,206,34,0,0.859
235,32,B,3,67,180,0,0.859
235,33,D,192,204,44,0,0.859
235,34,R,134,34,25,0,0.859
235,35,B,96,137,255,1,0.859
235,36,U,191,230,221,0,0.859
235,37,F,10,143,65,0,0.859
235,38,L,181,95,15,0,0.859
235,39,D,183,214,31,0,0.859
235,40,L,181,107,22,0,0.859
235,41,L,156,108,8,0,0.859
235,42,F,18,129,57,0,0.859
235,43,U,186,204,218,0,0.859
235,44,L,172,96,24,0,0.859
235,45,R,143,29,39,0,0.859
235,46,U,178,234,220,0,0.859
235,47,B,21,65,191,0,0.859
235,48,D,159,195,42,0,0.859
235,49,B,18,75,172,0,0.859
235,50,F,37,144,60,0,0.859
235,51,R,138,20,33,0,0.859
235,52,F,19,133,66,0,0.859
235,53,L,244,178,87,1,0.859
236,0,U,209,213,201,0,0.945
236,1,U,208,222,206,0,0.945
236,2,F,24,134,52,0,0.945
236,3,B,18,71,170,0,0.945
236,4,U,223,219,193,0,0.945
236,5,U,218,226,174,0,0.945
236,6,R,162,24,27,0,0.945
236,7,B,23,70,146,0,0.945
236,8,U,215,220,198,0,0.945
236,9,L,224,99,5,0,0.945
236,10,L,205,103,17,0,0.945
236,11,U,207,212,197,0,0.945
236,12,R,180,34,25,0,0.945
236,13,R,169,32,25,0,0.945
236,14,R,168,21,46,0,0.945
236,15,F,29,142,37,0,0.945
236,16,F,28,131,61,0,0.945
236,17,B,102,145,226,1,0.945
236,18,B,15,68,159,0,0.945
236,19,L,183,97,26,0,0.945
236,20,B,19,76,156,0,0.945
236,21,R,173,32,37,0,0.945
236,22,F,33,138,45,0,0.945
236,23,D,202,203,23,0,0.945
236,24,R,160,30,30,0,0.945
236,25,U,207,234,195,0,0.945
236,26,D,255,255,94,1,0.945
236,27,F,93,215,135,1,0.945
236,28,F,26,142,56,0,0.945
236,29,R,171,25,17,0,0.945
236,30,U,205,224,197,0,0.945
236,31,D,215,200,28,0,0.945
236,32,L,206,93,37,0,0.945
236,33,D,211,203,36,0,0.945
236,34,D,206,193,27,0,0.945
236,35,D,213,207,27,0,0.945
236,36,B,18,59,157,0,0.945
236,37,D,214,208,43,0,0.945
236,38,D,217,200,29,0,0.945
236,39,F,24,139,56,0,0.945
236,40,L,215,98,25,0,0.945
236,41,F,23,129,60,0,0.945
236,42,F,22,135,58,0,0.945
236,43,B,30,58,154,0,0.945
236,44,U,198,218,194,0,0.945
236,45,L,210,103,32,0,0.945
236,46,R,175,31,35,0,0.945
236,47,R,239,93,96,1,0.945
236,48,B,21,70,151,0,0.945
236,49,B,6,71,154,0,0.945
236,50,D,219,203,24,0,0.945
236,51,L,200,99,3,0,0.945
236,52,L,225,99,17,0,0.945
236,53,L,198,104,27,0,0.945
237,0,D,255,255,124,1,0.964
237,1,F,98,194,148,1,0.964
237,2,B,21,68,202,0,0.964
237,3,U,234,209,252,0,0.964
237,4,U,231,204,255,0,0.964
237,5,U,235,225,235,0,0.964
237,6,F,25,136,61,0,0.964
237,7,U,248,211,231,0,0.964
237,8,F,30,124,69,0,0.964
237,9,R,195,46,38,0,0.964
237,10,R,192,23,37,0,0.964
237,11,L,242,108,33,0,0.964
237,12,F,5,142,67,0,0.964
237,13,R,182,20,25,0,0.964
237,14,L,241,98,27,0,0.964
237,15,L,230,92,31,0,0.964
237,16,L,243,99,25,0,0.964
237,17,F,31,150,71,0,0.964
237,18,L,236,97,30,0,0.964
237,19,B,23,65,203,0,0.964
237,20,D,237,204,59,0,0.964
237,21,R,186,34,29,0,0.964
237,22,F,32,121,79,0,0.964
237,23,D,249,180,38,0,0.964
237,24,U,221,227,255,0,0.964
237,25,L,238,90,28,0,0.964
237,26,B,27,73,216,0,0.964
237,27,B,34,72,199,0,0.964
237,28,B,24,71,199,0,0.964
237,29,D,238,185,33,0,0.964
237,30,U,231,203,236,0,0.964
237,31,D,240,185,43,0,0.964
237,32,F,26,137,58,0,0.964
237,33,D,255,254,107,1,0.964
237,34,B,28,56,217,0,0.964
237,35,R,194,29,52,0,0.964
237,36,R,175,37,34,0,0.964
237,37,L,230,83,34,0,0.964
237,38,U,236,199,245,0,0.964
237,39,R,201,20,44,0,0.964
237,40,L,228,97,42,0,0.964
237,41,B,25,58,209,0,0.964
237,42,F,11,136,75,0,0.964
237,43,F,12,140,86,0,0.964
237,44,R,204,19,47,0,0.964
237,45,U,232,208,255,0,0.964
237,46,R,193,27,42,0,0.964
237,47,B,16,53,196,0,0.964
237,48,D,244,193,55,0,0.964
237,49,B,31,59,197,0,0.964
237,50,D,255,207,48,0,0.964
237,51,U,227,206,243,0,0.964
237,52,D,245,196,47,0,0.964
237,53,L,221,100,35,0,0.964
238,0,B,26,60,169,0,0.899
238,1,D,200,176,36,0,0.899
238,2,R,170,26,48,0,0.899
238,3,F,19,125,68,0,0.899
238,4,U,189,198,202,0,0.899
238,5,B,21,53,166,0,0.899
238,6,R,154,21,42,0,0.899
238,7,R,170,54,39,0,0.899
238,8,B,31,53,174,0,0.899
238,9,D,201,186,39,0,0.899
238,10,L,196,91,17,0,0.899
238,11,F,17,132,47,0,0.899
238,12,D,216,193,30,0,0.899
238,13,R,169,30,28,0,0.899
238,14,B,15,63,166,0,0.899
238,15,F,23,125,71,0,0.899
238,16,R,150,37,31,0,0.899
238,17,D,204,201,28,0,0.899
238,18,F,11,120,41,0,0.899
238,19,B,16,80,166,0,0.899
238,20,R,158,32,41,0,0.899
238,21,U,251,255,255,1,0.899
238,22,F,34,115,61,0,0.899
238,23,L,208,101,18,0,0.899
238,24,U,201,205,209,0,0.899
238,25,F,23,130,54,0,0.899
238,26,U,196,196,225,0,0.899
238,27,L,201,102,26,0,0.899
238,28,L,207,91,25,0,0.899
238,29,L,189,97,25,0,0.899
238,30,U,185,187,204,0,0.899
238,31,D,207,178,33,0,0.899
238,32,F,4,154,56,0,0.899
238,33,B,10,47,181,0,0.899
238,34,U,197,203,215,0,0.899
238,35,F,20,134,77,0,0.899
238,36,L,194,95,28,0,0.899
238,37,D,206,195,39,0,0.899
238,38,U,195,208,200,0,0.899
238,39,B,22,63,187,0,0.899
238,40,L,193,93,22,0,0.899
238,41,F,11,127,56,0,0.899
238,42,U,195,203,227,0,0.899
238,43,R,227,101,108,1,0.899
238,44,B,18,66,183,0,0.899
238,45,D,209,187,41,0,0.899
238,46,R,157,34,39,0,0.899
238,47,D,201,180,39,0,0.899
238,48,U,188,198,201,0,0.899
238,49,B,33,73,175,0,0.899
238,50,D,195,183,50,0,0.899
238,51,L,204,104,42,0,0.899
238,52,L,214,103,26,0,0.899
238,53,R,158,26,43,0,0.899
239,0,B,30,60,125,0,0.769
239,1,R,161,40,32,0,0.769
239,2,F,9,122,45,0,0.769
239,3,D,206,166,22,0,0.769
239,4,U,184,203,156,0,0.769
239,5,R,162,32,26,0,0.769
239,6,F,6,136,29,0,0.769
239,7,L,194,93,15,0,0.769
239,8,U,255,255,226,1,0.769
239,9,L,196,75,4,0,0.769
239,10,F,30,112,45,0,0.769
239,11,U,205,193,145,0,0.769
239,12,B,22,56,124,0,0.769
239,13,R,160,19,29,0,0.769
239,14,B,31,54,129,0,0.769
239,15,D,208,178,23,0,0.769
239,16,U,175,179,158,0,0.769
239,17,R,154,25,54,0,0.769
239,18,U,197,186,167,0,0.769
239,19,B,33,58,129,0,0.769
239,20,B,24,56,117,0,0.769
239,21,R,165,33,20,0,0.769
239,22,F,24,116,34,0,0.769
239,23,U,197,190,154,0,0.769
239,24,L,194,94,22,0,0.769
239,25,F,15,122,49,0,0.769
239,26,L,182,91,7,0,0.769
239,27,F,21,128,45,0,0.769
239,28,U,192,191,146,0,0.769
239,29,B,30,48,110,0,0.769
239,30,L,189,82,20,0,0.769
239,31,D,193,165,18,0,0.769
239,32,R,146,12,26,0,0.769
239,33,U,255,253,217,1,0.769
239,34,L,190,87,16,0,0.769
239,35,F,31,120,42,0,0.769
239,36,D,196,165,18,0,0.769
239,37,L,174,83,10,0,0.769
239,38,R,154,32,9,0,0.769
239,39,D,202,187,26,0,0.769
239,40,L,192,102,22,0,0.769
239,41,D,199,167,22,0,0.769
239,42,R,161,32,27,0,0.769
239,43,F,31,134,28,0,0.769
239,44,D,194,170,29,0,0.769
239,45,L,212,82,11,0,0.769
239,46,B,27,49,122,0,0.769
239,47,R,164,36,40,0,0.769
239,48,D,205,172,26,0,0.769
239,49,B,31,53,131,0,0.769
239,50,F,16,130,49,0,0.769
239,51,D,186,170,23,0,0.769
239,52,U,199,188,137,0,0.769
239,53,B,20,58,115,0,0.769
240,0,D,153,149,11,0,0.569
240,1,R,113,0,15,0,0.569
240,2,D,132,138,23,0,0.569
240,3,D,144,136,18,0,0.569
240,4,U,143,148,141,0,0.569
240,5,B,14,44,109,0,0.569
240,6,R,110,28,29,0,0.569
240,7,F,17,88,35,0,0.569
240,8,D,210,212,94,1,0.569
240,9,R,111,19,21,0,0.569
240,10,D,136,138,17,0,0.569
240,11,F,15,87,50,0,0.569
240,12,F,24,100,31,0,0.569
240,13,R,117,17,30,0,0.569
240,14,B,16,45,88,0,0.569
240,15,F,8,100,26,0,0.569
240,16,F,13,105,47,0,0.569
240,17,F,11,73,36,0,0.569
240,18,D,217,197,102,1,0.569
240,19,U,138,166,128,0,0.569
240,20,B,16,37,110,0,0.569
240,21,B,17,40,109,0,0.569
240,22,F,11,111,40,0,0.569
240,23,L,139,70,28,0,0.569
240,24,B,16,49,96,0,0.569
240,25,R,119,20,16,0,0.569
240,26,R,105,28,22,0,0.569
240,27,R,118,26,34,0,0.569
240,28,U,150,149,127,0,0.569
240,29,U,123,153,131,0,0.569
240,30,U,126,153,129,0,0.569
240,31,D,141,141,13,0,0.569
240,32,R,112,36,21,0,0.569
240,33,B,10,43,116,0,0.569
240,34,L,128,87,9,0,0.569
240,35,U,143,159,121,0,0.569
240,36,B,12,52,103,0,0.569
240,37,F,2,101,26,0,0.569
240,38,F,19,97,23,0,0.569
240,39,L,146,73,23,0,0.569
240,40,L,140,66,0,0,0.569
240,41,R,112,10,17,0,0.569
240,42,L,191,126,84,1,0.569
240,43,L,141,88,24,0,0.569
240,44,U,200,230,196,1,0.569
240,45,L,124,76,7,0,0.569
240,46,D,133,131,21,0,0.569
240,47,L,136,68,13,0,0.569
240,48,U,144,147,124,0,0.569
240,49,B,15,48,109,0,0.569
240,50,D,153,119,30,0,0.569
240,51,L,142,80,6,0,0.569
240,52,B,16,57,116,0,0.569
240,53,U,149,155,121,0,0.569
241,0,U,201,166,175,0,0.765
241,1,R,153,20,27,0,0.765
241,2,R,167,28,33,0,0.765
241,3,U,205,185,191,0,0.765
241,4,U,200,178,170,0,0.765
241,5,B,22,61,158,0,0.765
241,6,D,204,174,28,0,0.765
241,7,F,28,107,53,0,0.765
241,8,D,211,152,28,0,0.765
241,9,F,13,117,52,0,0.765
241,10,R,164,28,32,0,0.765
241,11,D,211,165,36,0,0.765
241,12,R,153,29,25,0,0.765
241,13,R,161,25,33,0,0.765
241,14,L,210,82,21,0,0.765
241,15,U,193,171,191,0,0.765
241,16,L,201,91,19,0,0.765
241,17,U,191,190,185,0,0.765
241,18,B,28,67,143,0,0.765
241,19,D,207,162,27,0,0.765
241,20,R,157,17,26,0,0.765
241,21,L,203,79,14,0,0.765
241,22,F,15,105,43,0,0.765
241,23,D,204,170,38,0,0.765
241,24,F,28,115,46,0,0.765
241,25,D,204,166,21,0,0.765
241,26,R,167,23,28,0,0.765
241,27,D,198,177,43,0,0.765
241,28,L,193,99,16,0,0.765
241,29,B,27,41,145,0,0.765
241,30,B,30,54,153,0,0.765
241,31,D,208,175,47,0,0.765
241,32,F,14,118,42,0,0.765
241,33,B,6,46,147,0,0.765
241,34,R,170,28,32,0,0.765
241,35,F,20,110,49,0,0.765
241,36,F,19,99,57,0,0.765
241,37,F,17,105,54,0,0.765
241,38,L,205,100,14,0,0.765
241,39,B,14,63,141,0,0.765
241,40,L,211,89,6,0,0.765
241,41,U,192,172,188,0,0.765
241,42,L,207,90,8,0,0.765
241,43,D,208,137,31,0,0.765
241,44,L,201,94,23,0,0.765
241,45,B,13,53,134,0,0.765
241,46,F,18,111,73,0,0.765
241,47,L,195,81,19,0,0.765
241,48,B,37,45,154,0,0.765
241,49,B,29,47,140,0,0.765
241,50,U,217,165,166,0,0.765
241,51,R,145,15,30,0,0.765
241,52,U,192,185,179,0,0.765
241,53,U,207,180,176,0,0.765
242,0,R,197,42,36,0,1.015
242,1,F,35,156,58,0,1.015
242,2,R,202,23,31,0,1.015
242,3,U,236,249,226,0,1.015
242,4,U,251,245,214,0,1.015
242,5,R,212,49,40,0,1.015
242,6,F,104,235,120,1,1.015
242,7,L,252,118,11,0,1.015
242,8,D,255,233,27,0,1.015
242,9,R,199,41,33,0,1.015
242,10,B,20,87,162,0,1.015
242,11,B,33,77,164,0,1.015
242,12,L,255,126,29,0,1.015
242,13,R,203,31,8,0,1.015
242,14,R,200,30,43,0,1.015
242,15,D,255,235,56,0,1.015
242,16,F,26,173,68,0,1.015
242,17,L,236,135,13,0,1.015
242,18,L,250,113,16,0,1.015
242,19,B,17,73,181,0,1.015
242,20,B,17,85,172,0,1.015
242,21,D,255,239,43,0,1.015
242,22,F,33,155,45,0,1.015
242,23,D,255,239,49,0,1.015
242,24,U,251,255,201,0,1.015
242,25,B,11,79,181,0,1.015
242,26,R,201,39,42,0,1.015
242,27,L,237,122,13,0,1.015
242,28,U,252,255,206,0,1.015
242,29,F,26,173,75,0,1.015
242,30,D,248,232,29,0,1.015
242,31,D,247,239,30,0,1.015
242,32,L,255,130,21,0,1.015
242,33,F,18,164,57,0,1.015
242,34,F,21,174,56,0,1.015
242,35,B,17,81,156,0,1.015
242,36,F,36,162,69,0,1.015
242,37,L,251,108,16,0,1.015
242,38,U,253,252,207,0,1.015
242,39,R,207,20,31,0,1.015
242,40,L,241,120,27,0,1.015
242,41,F,25,155,53,0,1.015
242,42,L,246,123,26,0,1.015
242,43,B,29,81,161,0,1.015
242,44,B,17,63,175,0,1.015
242,45,U,252,248,214,0,1.015
242,46,R,199,28,27,0,1.015
242,47,U,251,255,210,0,1.015
242,48,D,253,233,34,0,1.015
242,49,B,23,54,164,0,1.015
242,50,U,246,255,205,0,1.015
242,51,D,253,231,27,0,1.015
242,52,U,236,251,209,0,1.015
242,53,D,255,244,47,0,1.015
243,0,L,113,51,8,0,0.522
243,1,U,113,99,117,0,0.522
243,2,F,12,73,28,0,0.522
243,3,L,108,57,10,0,0.522
243,4,U,115,115,122,0,0.522
243,5,F,8,79,30,0,0.522
243,6,F,14,61,47,0,0.522
243,7,F,7,81,30,0,0.522
243,8,D,113,87,11,0,0.522
243,9,L,113,57,7,0,0.522
243,10,L,112,57,12,0,0.522
243,11,U,108,108,120,0,0.522
243,12,B,8,38,82,0,0.522
243,13,R,104,15,11,0,0.522
243,14,R,95,14,29,0,0.522
243,15,L,120,49,17,0,0.522
243,16,R,103,25,24,0,0.522
243,17,R,92,8,24,0,0.522
243,18,R,97,15,4,0,0.522
243,19,R,88,9,21,0,0.522
243,20,F,10,68,32,0,0.522
243,21,L,119,43,14,0,0.522
243,22,F,5,74,36,0,0.522
243,23,R,93,21,25,0,0.522
243,24,R,101,3,21,0,0.522
243,25,D,110,109,24,0,0.522
243,26,B,10,39,97,0,0.522
243,27,U,114,106,130,0,0.522
243,28,F,12,79,27,0,0.522
243,29,D,116,91,27,0,0.522
243,30,B,11,24,104,0,0.522
243,31,D,123,99,15,0,0.522
243,32,D,118,111,13,0,0.522
243,33,U,100,108,111,0,0.522
243,34,D,103,101,24,0,0.522
243,35,D,122,102,26,0,0.522
243,36,B,13,44,96,0,0.522
243,37,B,7,44,103,0,0.522
243,38,D,115,100,16,0,0.522
243,39,U,107,94,108,0,0.522
243,40,L,117,47,7,0,0.522
243,41,D,111,104,32,0,0.522
243,42,F,12,61,29,0,0.522
243,43,U,111,113,122,0,0.522
243,44,B,18,22,101,0,0.522
243,45,L,127,54,11,0,0.522
243,46,F,15,77,36,0,0.522
243,47,U,122,96,124,0,0.522
243,48,U,115,111,121,0,0.522
243,49,B,11,35,89,0,0.522
243,50,L,109,49,16,0,0.522
243,51,B,12,27,105,0,0.522
243,52,B,14,33,102,0,0.522
243,53,R,93,24,20,0,0.522
244,0,U,244,255,255,0,1.173
244,1,R,210,43,49,0,1.173
244,2,R,216,34,45,0,1.173
244,3,L,255,135,41,0,1.173
244,4,U,245,255,255,0,1.173
244,5,L,249,126,34,0,1.173
244,6,R,206,38,46,0,1.173
244,7,R,194,33,36,0,1.173
244,8,U,255,255,255,0,1.173
244,9,L,251,152,27,0,1.173
244,10,U,247,255,255,0,1.173
244,11,U,245,255,255,0,1.173
244,12,D,255,255,57,0,1.173
244,13,R,186,40,66,0,1.173
244,14,F,42,197,90,0,1.173
244,15,D,255,255,117,1,1.173
244,16,F,9,200,83,0,1.173
244,17,R,204,43,56,0,1.173
244,18,B,17,91,233,0,1.173
244,19,U,250,255,255,0,1.173
244,20,B,22,90,237,0,1.173
244,21,B,28,96,239,0,1.173
244,22,F,24,190,74,0,1.173
244,23,L,255,146,17,0,1.173
244,24,L,252,150,19,0,1.173
244,25,B,24,104,242,0,1.173
244,26,L,255,133,44,0,1.173
244,27,F,32,202,74,0,1.173
244,28,D,254,255,53,0,1.173
244,29,B,20,90,250,0,1.173
244,30,D,255,255,54,0,1.173
244,31,D,250,255,41,0,1.173
244,32,U,255,255,255,0,1.173
244,33,U,255,255,255,0,1.173
244,34,R,255,114,126,1,1.173
244,35,F,23,207,83,0,1.173
244,36,B,36,95,239,0,1.173
244,37,F,19,197,84,0,1.173
244,38,D,251,255,54,0,1.173
244,39,B,24,86,250,0,1.173
244,40,L,250,138,17,0,1.173
244,41,U,251,255,255,0,1.173
244,42,L,255,150,20,0,1.173
244,43,R,208,51,49,0,1.173
244,44,D,255,255,40,0,1.173
244,45,F,25,191,84,0,1.173
244,46,F,29,193,80,0,1.173
244,47,R,220,49,57,0,1.173
244,48,D,255,255,45,0,1.173
244,49,B,34,97,239,0,1.173
244,50,L,240,130,43,0,1.173
244,51,D,250,255,50,0,1.173
244,52,B,25,93,250,0,1.173
244,53,F,34,203,75,0,1.173
245,0,B,97,173,255,1,1.18
245,1,U,255,255,242,0,1.18
245,2,U,255,255,245,0,1.18
245,3,F,18,183,77,0,1.18
245,4,U,255,255,235,0,1.18
245,5,B,27,95,198,0,1.18
245,6,D,255,255,36,0,1.18
245,7,R,229,35,43,0,1.18
245,8,D,255,255,44,0,1.18
245,9,R,223,36,46,0,1.18
245,10,L,255,142,25,0,1.18
245,11,B,102,142,255,1,1.18
245,12,R,229,54,30,0,1.18
245,13,R,240,38,39,0,1.18
245,14,F,31,197,58,0,1.18
245,15,F,33,201,59,0,1.18
245,16,F,36,198,72,0,1.18
245,17,R,234,40,56,0,1.18
245,18,B,30,80,204,0,1.18
245,19,D,255,255,39,0,1.18
245,20,B,13,79,214,0,1.18
245,21,L,255,126,18,0,1.18
245,22,F,26,203,54,0,1.18
245,23,F,29,196,65,0,1.18
245,24,F,38,194,50,0,1.18
245,25,D,255,255,39,0,1.18
245,26,L,255,125,25,0,1.18
245,27,L,255,135,10,0,1.18
245,28,B,40,98,185,0,1.18
245,29,D,255,255,39,0,1.18
245,30,R,220,43,42,0,1.18
245,31,D,255,255,54,0,1.18
245,32,D,255,255,46,0,1.18
245,33,D,255,255,39,0,1.18
245,34,B,19,90,204,0,1.18
245,35,U,255,255,233,0,1.18
245,36,R,235,30,47,0,1.18
245,37,L,255,146,26,0,1.18
245,38,L,255,147,25,0,1.18
245,39,L,255,154,22,0,1.18
245,40,L,255,149,19,0,1.18
245,41,U,255,255,245,0,1.18
245,42,R,229,36,43,0,1.18
245,43,U,255,255,238,0,1.18
245,44,U,255,255,250,0,1.18
245,45,L,255,140,18,0,1.18
245,46,B,103,156,255,1,1.18
245,47,U,255,255,241,0,1.18
245,48,U,255,255,255,0,1.18
245,49,B,41,107,196,0,1.18
245,50,D,255,255,42,0,1.18
245,51,F,32,193,60,0,1.18
245,52,R,240,44,42,0,1.18
245,53,F,25,214,64,0,1.18
246,0,D,125,118,2,0,0.531
246,1,U,148,120,119,0,0.531
246,2,D,141,112,9,0,0.531
246,3,D,145,116,13,0,0.531
246,4,U,144,130,111,0,0.531
246,5,D,141,101,0,0,0.531
246,6,L,145,58,22,0,0.531
246,7,U,139,127,122,0,0.531
246,8,B,19,42,88,0,0.531
246,9,R,115,0,22,0,0.531
246,10,B,32,53,108,0,0.531
246,11,B,9,42,89,0,0.531
246,12,L,146,57,8,0,0.531
246,13,R,115,24,9,0,0.531
246,14,U,136,127,121,0,0.531
246,15,F,8,79,27,0,0.531
246,16,R,189,89,103,1,0.531
246,17,U,133,119,121,0,0.531
246,18,D,150,116,18,0,0.531
246,19,F,1,77,35,0,0.531
246,20,U,147,114,124,0,0.531
246,21,R,114,33,30,0,0.531
246,22,F,2,75,31,0,0.531
246,23,D,136,110,9,0,0.531
246,24,R,108,9,18,0,0.531
246,25,F,11,81,33,0,0.531
246,26,U,138,123,109,0,0.531
246,27,F,83,160,103,1,0.531
246,28,D,141,118,21,0,0.531
246,29,L,133,56,5,0,0.531
246,30,R,103,16,16,0,0.531
246,31,D,132,115,25,0,0.531
246,32,B,13,33,111,0,0.531
246,33,D,142,110,28,0,0.531
246,34,L,150,48,4,0,0.531
246,35,B,12,42,87,0,0.531
246,36,L,148,60,26,0,0.531
246,37,R,112,20,27,0,0.531
246,38,B,11,28,94,0,0.531
246,39,L,126,48,12,0,0.531
246,40,L,141,65,23,0,0.531
246,41,U,132,114,131,0,0.531
246,42,R,113,17,9,0,0.531
246,43,F,6,85,27,0,0.531
246,44,U,148,117,130,0,0.531
246,45,R,101,4,18,0,0.531
246,46,B,9,31,101,0,0.531
246,47,F,21,70,40,0,0.531
246,48,L,149,68,12,0,0.531
246,49,B,11,37,99,0,0.531
246,50,F,8,68,34,0,0.531
246,51,L,140,59,2,0,0.531
246,52,B,1,34,99,0,0.531
246,53,F,22,75,21,0,0.531
247,0,D,150,133,27,0,0.616
247,1,R,112,14,16,0,0.616
247,2,R,125,16,14,0,0.616
247,3,F,23,105,43,0,0.616
247,4,U,160,156,132,0,0.616
247,5,D,161,124,23,0,0.616
247,6,L,160,66,21,0,0.616
247,7,D,160,129,30,0,0.616
247,8,F,10,99,27,0,0.616
247,9,L,146,74,8,0,0.616
247,10,R,123,16,24,0,0.616
247,11,U,169,148,130,0,0.616
247,12,L,154,84,15,0,0.616
247,13,R,120,15,35,0,0.616
247,14,F,18,112,28,0,0.616
247,15,U,162,149,129,0,0.616
247,16,U,158,157,127,0,0.616
247,17,L,160,66,10,0,0.616
247,18,D,164,144,23,0,0.616
247,19,B,31,39,94,0,0.616
247,20,U,165,154,124,0,0.616
247,21,U,169,150,148,0,0.616
247,22,F,4,91,42,0,0.616
247,23,B,28,58,100,0,0.616
247,24,D,160,142,30,0,0.616
247,25,L,154,70,2,0,0.616
247,26,R,136,13,27,0,0.616
247,27,F,19,99,34,0,0.616
247,28,D,166,143,15,0,0.616
247,29,B,17,47,97,0,0.616
247,30,B,20,54,114,0,0.616
247,31,D,158,114,29,0,0.616
247,32,R,133,19,24,0,0.616
247,33,D,156,131,29,0,0.616
247,34,U,167,153,121,0,0.616
247,35,U,144,156,134,0,0.616
247,36,L,167,69,10,0,0.616
247,37,L,152,79,29,0,0.616
247,38,B,11,42,102,0,0.616
247,39,L,163,65,22,0,0.616
247,40,L,161,73,22,0,0.616
247,41,F,10,91,48,0,0.616
247,42,B,17,40,102,0,0.616
247,43,R,119,27,17,0,0.616
247,44,R,134,26,22,0,0.616
247,45,F,33,98,40,0,0.616
247,46,F,25,91,27,0,0.616
247,47,F,21,91,27,0,0.616
247,48,D,153,145,38,0,0.616
247,49,B,18,45,108,0,0.616
247,50,U,163,152,125,0,0.616
247,51,B,24,42,99,0,0.616
247,52,B,12,41,103,0,0.616
247,53,R,197,95,89,1,0.616
248,0,D,255,222,48,0,1.094
248,1,D,255,222,35,0,1.094
248,2,B,35,78,228,0,1.094
248,3,D,241,217,51,0,1.094
248,4,U,253,244,255,0,1.094
248,5,U,245,242,255,0,1.094
248,6,B,21,68,222,0,1.094
248,7,U,248,245,255,0,1.094
248,8,F,18,152,72,0,1.094
248,9,L,251,119,43,0,1.094
248,10,R,216,53,35,0,1.094
248,11,L,248,136,32,0,1.094
248,12,U,255,245,255,0,1.094
248,13,R,217,33,43,0,1.094
248,14,R,207,33,53,0,1.094
248,15,L,255,119,29,0,1.094
248,16,F,31,157,69,0,1.094
248,17,D,255,214,49,0,1.094
248,18,R,200,45,53,0,1.094
248,19,L,252,113,38,0,1.094
248,20,U,247,255,255,0,1.094
248,21,L,255,113,36,0,1.094
248,22,F,26,144,70,0,1.094
248,23,F,38,157,74,0,1.094
248,24,F,39,163,84,0,1.094
248,25,U,255,255,255,1,1.094
248,26,D,248,235,42,0,1.094
248,27,R,223,22,39,0,1.094
248,28,B,36,59,223,0,1.094
248,29,F,29,179,80,0,1.094
248,30,F,31,157,76,0,1.094
248,31,D,253,229,45,0,1.094
248,32,D,255,255,123,1,1.094
248,33,F,28,155,78,0,1.094
248,34,L,255,95,37,0,1.094
248,35,L,250,112,34,0,1.094
248,36,R,211,21,57,0,1.094
248,37,B,22,85,223,0,1.094
248,38,U,255,237,255,0,1.094
248,39,L,255,110,33,0,1.094
248,40,L,235,102,18,0,1.094
248,41,F,25,145,79,0,1.094
248,42,R,255,78,122,1,1.094
248,43,R,214,37,53,0,1.094
248,44,D,255,222,48,0,1.094
248,45,U,255,252,255,0,1.094
248,46,R,214,29,27,0,1.094
248,47,B,13,75,213,0,1.094
248,48,B,42,69,221,0,1.094
248,49,B,30,68,221,0,1.094
248,50,B,37,83,238,0,1.094
248,51,B,39,84,209,0,1.094
248,52,D,255,219,46,0,1.094
248,53,U,255,250,255,0,1.094
249,0,L,231,121,36,0,0.976
249,1,D,216,217,41,0,0.976
249,2,D,232,212,23,0,0.976
249,3,B,31,71,191,0,0.976
249,4,U,229,249,224,0,0.976
249,5,F,31,154,70,0,0.976
249,6,R,168,35,39,0,0.976
249,7,B,21,78,189,0,0.976
249,8,F,94,230,127,1,0.976
249,9,U,224,237,221,0,0.976
249,10,R,180,34,33,0,0.976
249,11,R,171,22,35,0,0.976
249,12,U,216,255,220,0,0.976
249,13,R,177,40,41,0,0.976
249,14,R,179,43,49,0,0.976
249,15,D,236,221,45,0,0.976
249,16,L,227,110,32,0,0.976
249,17,L,224,111,26,0,0.976
249,18,U,224,247,229,0,0.976
249,19,U,207,244,230,0,0.976
249,20,R,164,36,38,0,0.976
249,21,U,227,248,228,0,0.976
249,22,F,8,154,53,0,0.976
249,23,F,17,152,59,0,0.976
249,24,D,230,229,40,0,0.976
249,25,R,171,26,42,0,0.976
249,26,L,236,109,19,0,0.976
249,27,R,174,30,44,0,0.976
249,28,D,221,220,35,0,0.976
249,29,B,36,73,195,0,0.976
249,30,B,32,73,189,0,0.976
249,31,D,225,222,28,0,0.976
249,32,F,17,152,69,0,0.976
249,33,L,218,107,27,0,0.976
249,34,D,221,221,31,0,0.976
249,35,F,30,153,66,0,0.976
249,36,B,85,138,231,1,0.976
249,37,R,184,48,24,0,0.976
249,38,B,37,83,193,0,0.976
249,39,B,21,70,196,0,0.976
249,40,L,218,105,19,0,0.976
249,41,L,224,114,23,0,0.976
249,42,D,227,241,42,0,0.976
249,43,L,225,107,21,0,0.976
249,44,B,32,77,191,0,0.976
249,45,F,22,145,61,0,0.976
249,46,L,219,129,16,0,0.976
249,47,U,217,255,228,0,0.976
249,48,U,217,253,225,0,0.976
249,49,B,23,71,191,0,0.976
249,50,D,224,227,30,0,0.976
249,51,U,218,246,225,0,0.976
249,52,F,28,156,46,0,0.976
249,53,F,38,153,70,0,0.976
250,0,L,240,131,27,0,1.036
250,1,D,244,248,44,0,1.036
250,2,B,17,92,176,0,1.036
250,3,B,28,82,186,0,1.036
250,4,U,232,255,221,0,1.036
250,5,U,237,255,215,0,1.036
250,6,R,167,34,34,0,1.036
250,7,F,27,178,58,0,1.036
250,8,D,238,254,31,0,1.036
250,9,R,181,27,26,0,1.036
250,10,L,234,137,33,0,1.036
250,11,L,230,133,15,0,1.036
250,12,D,239,253,51,0,1.036
250,13,R,186,30,30,0,1.036
250,14,B,16,89,192,0,1.036
250,15,F,19,168,56,0,1.036
250,16,F,13,176,73,0,1.036
250,17,B,17,82,183,0,1.036
250,18,U,223,255,213,0,1.036
250,19,U,238,255,222,0,1.036
250,20,B,75,147,251,1,1.036
250,21,F,19,182,64,0,1.036
250,22,F,28,178,67,0,1.036
250,23,R,185,32,43,0,1.036
250,24,R,180,22,43,0,1.036
250,25,U,243,255,241,0,1.036
250,26,U,235,255,219,0,1.036
250,27,D,255,255,109,1,1.036
250,28,B,37,97,182,0,1.036
250,29,L,246,136,19,0,1.036
250,30,U,230,255,221,0,1.036
250,31,D,237,248,37,0,1.036
250,32,R,184,50,26,0,1.036
250,33,F,33,173,58,0,1.036
250,34,D,242,238,33,0,1.036
250,35,D,245,243,26,0,1.036
250,36,F,74,243,119,1,1.036
250,37,R,186,30,40,0,1.036
250,38,B,35,69,174,0,1.036
250,39,D,233,255,34,0,1.036
250,40,L,226,116,25,0,1.036
250,41,L,224,123,29,0,1.036
250,42,R,190,36,41,0,1.036
250,43,R,183,25,33,0,1.036
250,44,F,16,184,65,0,1.036
250,45,U,234,255,220,0,1.036
250,46,B,22,90,168,0,1.036
250,47,D,241,255,30,0,1.036
250,48,L,233,130,21,0,1.036
250,49,B,31,85,181,0,1.036
250,50,F,22,169,66,0,1.036
250,51,L,233,125,21,0,1.036
250,52,L,249,124,31,0,1.036
250,53,U,226,255,236,0,1.036
251,0,R,107,18,37,0,0.678
251,1,F,0,90,42,0,0.678
251,2,R,111,23,27,0,0.678
251,3,D,145,135,23,0,0.678
251,4,U,129,147,163,0,0.678
251,5,D,153,133,14,0,0.678
251,6,D,141,137,27,0,0.678
251,7,B,24,40,107,0,0.678
251,8,L,132,70,21,0,0.678
251,9,F,14,95,43,0,0.678
251,10,R,122,11,18,0,0.678
251,11,F,78,162,112,1,0.678
251,12,U,132,145,153,0,0.678
251,13,R,110,20,17,0,0.678
251,14,U,145,135,150,0,0.678
251,15,U,132,131,156,0,0.678
251,16,U,144,138,157,0,0.678
251,17,U,127,150,152,0,0.678
251,18,B,11,44,130,0,0.678
251,19,D,152,132,28,0,0.678
251,20,D,157,125,30,0,0.678
251,21,R,105,30,30,0,0.678
251,22,F,10,96,37,0,0.678
251,23,F,17,83,47,0,0.678
251,24,U,146,145,153,0,0.678
251,25,B,12,44,125,0,0.678
251,26,L,138,63,30,0,0.678
251,27,R,112,19,17,0,0.678
251,28,L,133,77,24,0,0.678
251,29,F,6,74,34,0,0.678
251,30,F,33,96,42,0,0.678
251,31,D,145,132,24,0,0.678
251,32,L,152,70,25,0,0.678
251,33,D,145,145,27,0,0.678
251,34,B,12,35,115,0,0.678
251,35,B,19,50,116,0,0.678
251,36,U,139,159,150,0,0.678
251,37,L,150,67,7,0,0.678
251,38,L,140,55,11,0,0.678
251,39,F,8,87,33,0,0.678
251,40,L,131,68,19,0,0.678
251,41,U,145,155,158,0,0.678
251,42,B,14,46,124,0,0.678
251,43,D,155,128,40,0,0.678
251,44,F,16,102,35,0,0.678
251,45,D,145,123,25,0,0.678
251,46,R,113,14,32,0,0.678
251,47,B,12,45,112,0,0.678
251,48,B,3,59,126,0,0.678
251,49,B,19,35,124,0,0.678
251,50,L,145,68,25,0,0.678
251,51,L,157,73,9,0,0.678
251,52,R,111,20,16,0,0.678
251,53,R,112,11,30,0,0.678
252,0,U,134,161,139,0,0.593
252,1,R,100,21,26,0,0.593
252,2,B,10,52,102,0,0.593
252,3,U,117,162,138,0,0.593
252,4,U,138,146,136,0,0.593
252,5,D,140,151,20,0,0.593
252,6,F,0,107,23,0,0.593
252,7,L,133,65,13,0,0.593
252,8,D,115,146,34,0,0.593
252,9,F,15,101,35,0,0.593
252,10,B,7,55,94,0,0.593
252,11,R,94,19,10,0,0.593
252,12,R,87,18,8,0,0.593
252,13,R,114,27,34,0,0.593
252,14,R,113,28,15,0,0.593
252,15,D,134,151,25,0,0.593
252,16,F,8,81,41,0,0.593
252,17,R,100,27,10,0,0.593
252,18,L,117,63,13,0,0.593
252,19,B,18,47,119,0,0.593
252,20,R,111,25,31,0,0.593
252,21,U,121,161,143,0,0.593
252,22,F,8,109,50,0,0.593
252,23,D,136,166,19,0,0.593
252,24,F,14,95,46,0,0.593
252,25,U,128,160,143,0,0.593
252,26,L,120,78,23,0,0.593
252,27,U,111,164,138,0,0.593
252,28,F,2,114,40,0,0.593
252,29,B,10,48,104,0,0.593
252,30,D,135,157,25,0,0.593
252,31,D,124,142,23,0,0.593
252,32,D,129,141,34,0,0.593
252,33,L,179,149,97,1,0.593
252,34,U,121,175,129,0,0.593
252,35,B,20,51,99,0,0.593
252,36,L,129,76,23,0,0.593
252,37,L,130,73,21,0,0.593
252,38,U,144,166,131,0,0.593
252,39,F,15,103,33,0,0.593
252,40,L,114,69,28,0,0.593
252,41,B,24,52,111,0,0.593
252,42,D,143,157,22,0,0.593
252,43,L,127,81,10,0,0.593
252,44,R,106,24,26,0,0.593
252,45,D,132,150,25,0,0.593
252,46,B,15,49,106,0,0.593
252,47,B,16,45,107,0,0.593
252,48,F,83,175,108,1,0.593
252,49,B,7,58,96,0,0.593
252,50,L,124,77,14,0,0.593
252,51,U,133,163,144,0,0.593
252,52,R,89,24,29,0,0.593
252,53,F,16,89,44,0,0.593
253,0,L,124,42,18,0,0.551
253,1,F,0,76,35,0,0.551
253,2,U,117,111,118,0,0.551
253,3,F,8,76,20,0,0.551
253,4,U,122,112,134,0,0.551
253,5,L,122,69,28,0,0.551
253,6,D,118,108,16,0,0.551
253,7,B,17,36,98,0,0.551
253,8,U,127,108,126,0,0.551
253,9,L,125,50,8,0,0.551
253,10,U,117,105,135,0,0.551
253,11,F,17,78,32,0,0.551
253,12,R,88,18,16,0,0.551
253,13,R,97,8,12,0,0.551
253,14,B,19,32,97,0,0.551
253,15,D,128,84,30,0,0.551
253,16,B,12,22,89,0,0.551
253,17,F,7,73,22,0,0.551
253,18,R,101,13,22,0,0.551
253,19,U,113,108,128,0,0.551
253,20,B,17,25,92,0,0.551
253,21,R,91,27,17,0,0.551
253,22,F,23,70,48,0,0.551
253,23,B,20,36,99,0,0.551
253,24,F,20,81,30,0,0.551
253,25,D,123,91,12,0,0.551
253,26,L,113,64,16,0,0.551
253,27,R,92,29,14,0,0.551
253,28,F,8,68,32,0,0.551
253,29,B,13,30,104,0,0.551
253,30,D,119,101,16,0,0.551
253,31,D,115,106,19,0,0.551
253,32,L,118,48,0,0,0.551
253,33,R,92,0,22,0,0.551
253,34,R,103,6,10,0,0.551
253,35,U,110,112,122,0,0.551
253,36,F,11,56,35,0,0.551
253,37,U,115,111,127,0,0.551
253,38,B,18,33,90,0,0.551
253,39,F,17,74,35,0,0.551
253,40,L,126,42,13,0,0.551
253,41,D,126,96,22,0,0.551
253,42,B,11,36,93,0,0.551
253,43,L,132,41,14,0,0.551
253,44,D,115,109,9,0,0.551
253,45,R,86,17,11,0,0.551
253,46,R,89,10,23,0,0.551
253,47,D,124,87,22,0,0.551
253,48,D,133,112,25,0,0.551
253,49,B,2,40,93,0,0.551
253,50,L,119,55,12,0,0.551
253,51,L,124,53,11,0,0.551
253,52,U,182,178,187,1,0.551
253,53,U,108,119,134,0,0.551
254,0,F,22,142,58,0,0.882
254,1,D,255,255,107,1,0.882
254,2,R,164,20,25,0,0.882
254,3,D,210,220,44,0,0.882
254,4,U,196,234,240,0,0.882
254,5,B,27,79,190,0,0.882
254,6,F,16,153,45,0,0.882
254,7,L,210,94,28,0,0.882
254,8,R,158,38,43,0,0.882
254,9,U,200,237,227,0,0.882
254,10,R,164,32,45,0,0.882
254,11,D,214,211,50,0,0.882
254,12,U,191,243,219,0,0.882
254,13,R,177,33,45,0,0.882
254,14,R,178,40,52,0,0.882
254,15,B,11,66,184,0,0.882
254,16,L,197,108,21,0,0.882
254,17,F,14,164,72,0,0.882
254,18,D,205,228,31,0,0.882
254,19,F,48,149,73,0,0.882
254,20,B,17,75,191,0,0.882
254,21,L,211,107,23,0,0.882
254,22,F,20,166,61,0,0.882
254,23,L,255,168,75,1,0.882
254,24,R,149,35,29,0,0.882
254,25,U,196,232,216,0,0.882
254,26,D,197,221,35,0,0.882
254,27,F,97,223,121,1,0.882
254,28,R,159,38,52,0,0.882
254,29,L,189,115,33,0,0.882
254,30,F,40,150,70,0,0.882
254,31,D,197,226,45,0,0.882
254,32,D,192,212,37,0,0.882
254,33,B,24,72,185,0,0.882
254,34,U,204,229,215,0,0.882
254,35,D,207,208,34,0,0.882
254,36,L,199,125,26,0,0.882
254,37,F,33,158,55,0,0.882
254,38,L,214,108,34,0,0.882
254,39,D,207,213,25,0,0.882
254,40,L,204,111,43,0,0.882
254,41,B,17,71,178,0,0.882
254,42,L,195,122,34,0,0.882
254,43,U,191,233,223,0,0.882
254,44,U,193,245,226,0,0.882
254,45,B,18,73,186,0,0.882
254,46,B,20,70,187,0,0.882
254,47,U,205,232,231,0,0.882
254,48,F,7,150,71,0,0.882
254,49,B,39,77,186,0,0.882
254,50,R,182,43,41,0,0.882
254,51,R,162,14,46,0,0.882
254,52,B,16,74,172,0,0.882
254,53,U,255,255,255,1,0.882
255,0,F,51,171,85,0,1.087
255,1,B,31,76,201,0,1.087
255,2,F,28,170,88,0,1.087
255,3,B,28,69,204,0,1.087
255,4,U,240,255,230,0,1.087
255,5,R,187,37,48,0,1.087
255,6,R,199,33,47,0,1.087
255,7,F,32,156,69,0,1.087
255,8,R,190,24,37,0,1.087
255,9,F,27,170,68,0,1.087
255,10,D,255,236,41,0,1.087
255,11,U,250,255,253,0,1.087
255,12,U,255,245,243,0,1.087
255,13,R,201,27,43,0,1.087
255,14,F,26,168,82,0,1.087
255,15,R,200,34,47,0,1.087
255,16,U,255,248,252,0,1.087
255,17,B,26,82,213,0,1.087
255,18,D,253,232,46,0,1.087
255,19,L,255,106,50,0,1.087
255,20,U,250,253,251,0,1.087
255,21,L,255,120,36,0,1.087
255,22,F,28,164,66,0,1.087
255,23,L,255,133,28,0,1.087
255,24,B,36,77,215,0,1.087
255,25,B,25,59,197,0,1.087
255,26,B,26,76,207,0,1.087
255,27,U,250,248,255,0,1.087
255,28,R,202,45,45,0,1.087
255,29,U,255,255,246,0,1.087
255,30,F,35,163,61,0,1.087
255,31,D,255,234,41,0,1.087
255,32,B,33,66,207,0,1.087
255,33,D,255,235,43,0,1.087
255,34,R,199,27,44,0,1.087
255,35,D,255,243,37,0,1.087
255,36,D,255,249,32,0,1.087
255,37,D,255,238,42,0,1.087
255,38,F,27,172,57,0,1.087
255,39,U,255,255,255,0,1.087
255,40,L,236,100,31,0,1.087
255,41,D,247,238,41,0,1.087
255,42,B,17,63,210,0,1.087
255,43,R,204,22,47,0,1.087
255,44,L,243,124,17,0,1.087
255,45,L,255,196,89,1,1.087
255,46,L,255,111,33,0,1.087
255,47,L,247,120,18,0,1.087
255,48,D,255,255,39,0,1.087
255,49,B,24,73,195,0,1.087
255,50,F,16,171,56,0,1.087
255,51,L,255,113,21,0,1.087
255,52,U,248,249,250,0,1.087
255,53,R,201,21,43,0,1.087
256,0,R,255,49,63,0,1.281
256,1,U,255,255,255,0,1.281
256,2,R,255,34,55,0,1.281
256,3,L,255,134,33,0,1.281
256,4,U,255,255,255,0,1.281
256,5,U,255,255,255,0,1.281
256,6,U,255,255,255,0,1.281
256,7,D,255,255,58,0,1.281
256,8,B,51,107,251,0,1.281
256,9,R,255,29,55,0,1.281
256,10,R,255,36,61,0,1.281
256,11,F,33,212,86,0,1.281
256,12,B,34,86,255,0,1.281
256,13,R,255,48,48,0,1.281
256,14,L,255,150,20,0,1.281
256,15,U,255,255,255,0,1.281
256,16,B,39,85,251,0,1.281
256,17,D,255,255,48,0,1.281
256,18,R,255,42,49,0,1.281
256,19,F,42,191,85,0,1.281
256,20,U,255,255,255,0,1.281
256,21,F,48,190,95,0,1.281
256,22,F,55,201,89,0,1.281
256,23,R,255,41,59,0,1.281
256,24,D,255,255,61,0,1.281
256,25,R,255,28,39,0,1.281
256,26,B,41,91,255,0,1.281
256,27,B,24,101,252,0,1.281
256,28,D,255,255,62,0,1.281
256,29,L,255,146,29,0,1.281
256,30,L,255,154,14,0,1.281
256,31,D,255,255,53,0,1.281
256,32,D,255,255,61,0,1.281
256,33,F,33,198,91,0,1.281
256,34,L,255,138,43,0,1.281
256,35,F,39,210,77,0,1.281
256,36,B,30,96,254,0,1.281
256,37,B,19,80,239,0,1.281
256,38,F,34,199,61,0,1.281
256,39,F,36,204,82,0,1.281
256,40,L,255,153,15,0,1.281
256,41,R,255,46,54,0,1.281
256,42,U,255,255,255,0,1.281
256,43,U,255,255,255,0,1.281
256,44,L,255,160,29,0,1.281
256,45,D,255,255,60,0,1.281
256,46,B,45,87,240,0,1.281
256,47,D,255,255,133,1,1.281
256,48,D,255,255,59,0,1.281
256,49,B,28,88,255,0,1.281
256,50,U,255,255,255,0,1.281
256,51,L,255,143,37,0,1.281
256,52,F,18,199,82,0,1.281
256,53,L,255,141,24,0,1.281
257,0,F,36,150,76,0,1.136
257,1,B,43,76,205,0,1.136
257,2,L,255,127,28,0,1.136
257,3,F,93,242,140,1,1.136
257,4,U,255,255,255,0,1.136
257,5,B,27,89,198,0,1.136
257,6,F,20,185,53,0,1.136
257,7,R,215,37,41,0,1.136
257,8,B,30,65,195,0,1.136
257,9,L,255,118,21,0,1.136
257,10,L,255,122,33,0,1.136
257,11,U,255,249,255,0,1.136
257,12,R,218,38,51,0,1.136
257,13,R,227,45,49,0,1.136
257,14,F,30,169,68,0,1.136
257,15,R,244,34,53,0,1.136
257,16,U,255,255,255,1,1.136
257,17,D,255,255,39,0,1.136
257,18,R,232,34,32,0,1.136
257,19,B,27,79,191,0,1.136
257,20,D,255,232,57,0,1.136
257,21,D,255,241,45,0,1.136
257,22,F,17,155,82,0,1.136
257,23,F,34,164,68,0,1.136
257,24,F,41,175,67,0,1.136
257,25,R,227,39,43,0,1.136
257,26,D,255,241,41,0,1.136
257,27,U,255,255,251,0,1.136
257,28,D,255,245,28,0,1.136
257,29,B,29,82,213,0,1.136
257,30,R,232,39,33,0,1.136
257,31,D,255,255,38,0,1.136
257,32,B,30,97,201,0,1.136
257,33,B,28,87,189,0,1.136
257,34,F,11,158,90,0,1.136
257,35,F,17,163,73,0,1.136
257,36,L,255,116,25,0,1.136
257,37,L,255,118,37,0,1.136
257,38,D,255,244,49,0,1.136
257,39,U,255,255,255,0,1.136
257,40,L,255,125,38,0,1.136
257,41,L,255,121,33,0,1.136
257,42,U,255,255,244,0,1.136
257,43,U,255,255,255,0,1.136
257,44,R,238,20,37,0,1.136
257,45,B,26,92,200,0,1.136
257,46,D,255,251,47,0,1.136
257,47,U,255,255,255,0,1.136
257,48,D,255,255,118,1,1.136
257,49,B,31,82,218,0,1.136
257,50,L,255,125,15,0,1.136
257,51,L,255,126,47,0,1.136
257,52,U,255,255,249,0,1.136
257,53,R,230,33,44,0,1.136
258,0,U,173,165,182,0,0.752
258,1,U,169,172,171,0,0.752
258,2,R,219,94,100,1,0.752
258,3,R,138,15,20,0,0.752
258,4,U,182,171,172,0,0.752
258,5,R,134,19,31,0,0.752
258,6,R,148,14,17,0,0.752
258,7,R,142,16,31,0,0.752
258,8,R,132,20,41,0,0.752
258,9,B,18,55,137,0,0.752
258,10,F,26,95,52,0,0.752
258,11,U,163,163,181,0,0.752
258,12,F,25,102,43,0,0.752
258,13,R,150,30,32,0,0.752
258,14,L,172,78,22,0,0.752
258,15,R,135,10,37,0,0.752
258,16,B,12,39,149,0,0.752
258,17,D,179,135,26,0,0.752
258,18,U,175,133,177,0,0.752
258,19,U,164,162,180,0,0.752
258,20,D,183,147,23,0,0.752
258,21,D,187,142,32,0,0.752
258,22,F,5,97,54,0,0.752
258,23,L,171,82,12,0,0.752
258,24,B,12,37,138,0,0.752
258,25,B,0,37,161,0,0.752
258,26,F,22,96,61,0,0.752
258,27,L,170,67,13,0,0.752
258,28,U,182,160,180,0,0.752
258,29,D,176,139,35,0,0.752
258,30,B,24,52,153,0,0.752
258,31,D,182,138,22,0,0.752
258,32,L,238,138,105,1,0.752
258,33,F,21,108,46,0,0.752
258,34,D,186,144,40,0,0.752
258,35,F,7,112,53,0,0.752
258,36,L,169,77,12,0,0.752
258,37,B,25,55,144,0,0.752
258,38,B,15,47,147,0,0.752
258,39,F,28,94,47,0,0.752
258,40,L,173,83,30,0,0.752
258,41,R,153,8,48,0,0.752
258,42,U,153,158,183,0,0.752
258,43,D,180,162,41,0,0.752
258,44,D,188,138,49,0,0.752
258,45,F,11,106,63,0,0.752
258,46,F,25,103,57,0,0.752
258,47,B,11,53,148,0,0.752
258,48,U,184,155,191,0,0.752
258,49,B,11,55,158,0,0.752
258,50,D,171,137,21,0,0.752
258,51,L,174,57,18,0,0.752
258,52,L,169,76,19,0,0.752
258,53,L,192,78,21,0,0.752
259,0,R,219,34,40,0,1.007
259,1,D,255,197,43,0,1.007
259,2,F,11,125,63,0,1.007
259,3,U,255,214,222,0,1.007
259,4,U,255,212,220,0,1.007
259,5,U,255,198,226,0,1.007
259,6,R,207,22,38,0,1.007
259,7,L,255,77,32,0,1.007
259,8,B,21,62,192,0,1.007
259,9,R,210,7,50,0,1.007
259,10,L,255,95,28,0,1.007
259,11,U,255,197,209,0,1.007
259,12,D,255,182,36,0,1.007
259,13,R,219,20,34,0,1.007
259,14,U,255,192,233,0,1.007
259,15,U,255,205,226,0,1.007
259,16,L,255,85,18,0,1.007
259,17,D,255,184,50,0,1.007
259,18,F,31,133,50,0,1.007
259,19,D,255,183,47,0,1.007
259,20,U,255,255,255,1,1.007
259,21,B,23,54,174,0,1.007
259,22,F,19,111,48,0,1.007
259,23,R,223,14,45,0,1.007
259,24,R,198,23,26,0,1.007
259,25,F,20,135,55,0,1.007
259,26,B,28,39,165,0,1.007
259,27,B,37,66,173,0,1.007
259,28,D,255,189,37,0,1.007
259,29,L,255,96,25,0,1.007
259,30,R,255,92,89,1,1.007
259,31,D,255,202,53,0,1.007
259,32,F,30,135,82,0,1.007
259,33,F,16,134,64,0,1.007
259,34,L,255,100,24,0,1.007
259,35,L,255,95,41,0,1.007
259,36,D,255,185,48,0,1.007
259,37,F,30,136,66,0,1.007
259,38,U,255,211,213,0,1.007
259,39,U,255,201,235,0,1.007
259,40,L,255,109,29,0,1.007
259,41,R,225,21,23,0,1.007
259,42,L,255,98,25,0,1.007
259,43,F,8,152,62,0,1.007
259,44,D,255,184,44,0,1.007
259,45,L,255,70,16,0,1.007
259,46,B,33,65,166,0,1.007
259,47,F,31,129,38,0,1.007
259,48,R,220,18,29,0,1.007
259,49,B,30,44,183,0,1.007
259,50,B,36,57,188,0,1.007
259,51,B,108,118,241,1,1.007
259,52,B,28,63,168,0,1.007
259,53,D,255,187,42,0,1.007
260,0,D,200,168,35,0,0.752
260,1,R,162,20,20,0,0.752
260,2,F,38,103,43,0,0.752
260,3,R,160,15,33,0,0.752
260,4,U,190,174,186,0,0.752
260,5,D,200,159,39,0,0.752
260,6,U,198,179,161,0,0.752
260,7,D,194,167,26,0,0.752
260,8,D,196,174,27,0,0.752
260,9,F,30,113,47,0,0.752
260,10,F,23,109,39,0,0.752
260,11,U,203,173,183,0,0.752
260,12,B,23,49,120,0,0.752
260,13,R,156,28,27,0,0.752
260,14,D,200,142,33,0,0.752
260,15,L,193,70,30,0,0.752
260,16,D,203,159,28,0,0.752
260,17,D,196,157,33,0,0.752
260,18,R,156,25,41,0,0.752
260,19,R,160,27,38,0,0.752
260,20,R,157,27,32,0,0.752
260,21,U,191,168,195,0,0.752
260,22,F,20,117,44,0,0.752
260,23,U,189,157,171,0,0.752
260,24,D,214,160,22,0,0.752
260,25,U,201,177,173,0,0.752
260,26,U,184,172,181,0,0.752
260,27,L,194,95,22,0,0.752
260,28,R,156,23,41,0,0.752
260,29,B,7,47,129,0,0.752
260,30,U,196,179,172,0,0.752
260,31,D,192,162,15,0,0.752
260,32,L,203,77,31,0,0.752
260,33,U,190,186,181,0,0.752
260,34,L,198,63,17,0,0.752
260,35,B,26,45,148,0,0.752
260,36,B,15,47,158,0,0.752
260,37,F,21,104,46,0,0.752
260,38,F,29,101,46,0,0.752
260,39,L,198,80,22,0,0.752
260,40,L,186,92,24,0,0.752
260,41,F,33,120,57,0,0.752
260,42,R,155,27,23,0,0.752
260,43,L,199,73,27,0,0.752
260,44,F,31,104,45,0,0.752
260,45,L,191,67,17,0,0.752
260,46,B,7,43,130,0,0.752
260,47,L,197,87,23,0,0.752
260,48,B,15,57,151,0,0.752
260,49,B,9,67,145,0,0.752
260,50,B,20,51,134,0,0.752
260,51,R,160,45,15,0,0.752
260,52,F,21,109,35,0,0.752
260,53,B,21,50,152,0,0.752
261,0,L,138,59,10,0,0.536
261,1,D,137,106,13,0,0.536
261,2,R,112,15,16,0,0.536
261,3,B,15,51,87,0,0.536
261,4,U,131,121,107,0,0.536
261,5,F,3,63,35,0,0.536
261,6,F,21,66,35,0,0.536
261,7,U,128,117,119,0,0.536
261,8,R,111,13,30,0,0.536
261,9,D,142,96,28,0,0.536
261,10,U,129,102,122,0,0.536
261,11,B,8,21,81,0,0.536
261,12,L,139,50,4,0,0.536
261,13,R,114,3,4,0,0.536
261,14,R,112,0,16,0,0.536
261,15,F,19,57,14,0,0.536
261,16,R,114,18,35,0,0.536
261,17,L,136,50,3,0,0.536
261,18,U,147,120,112,0,0.536
261,19,L,141,62,12,0,0.536
261,20,F,28,81,31,0,0.536
261,21,R,108,9,11,0,0.536
261,22,F,30,67,25,0,0.536
261,23,B,5,27,99,0,0.536
261,24,L,142,32,14,0,0.536
261,25,L,213,127,92,1,0.536
261,26,U,143,129,109,0,0.536
261,27,B,24,26,89,0,0.536
261,28,D,156,108,14,0,0.536
261,29,L,143,37,6,0,0.536
261,30,U,133,96,120,0,0.536
261,31,D,131,99,30,0,0.536
261,32,F,19,64,28,0,0.536
261,33,D,145,89,24,0,0.536
261,34,L,143,63,13,0,0.536
261,35,D,143,86,22,0,0.536
261,36,D,150,101,18,0,0.536
261,37,D,138,95,20,0,0.536
261,38,R,101,19,17,0,0.536
261,39,B,19,30,93,0,0.536
261,40,L,129,68,21,0,0.536
261,41,B,16,24,109,0,0.536
261,42,B,19,31,88,0,0.536
261,43,R,111,25,13,0,0.536
261,44,U,138,109,120,0,0.536
261,45,U,148,110,118,0,0.536
261,46,F,18,64,31,0,0.536
261,47,B,5,34,93,0,0.536
261,48,D,143,95,39,0,0.536
261,49,B,24,30,86,0,0.536
261,50,U,139,108,115,0,0.536
261,51,F,88,131,96,1,0.536
261,52,F,15,54,51,0,0.536
261,53,R,119,16,27,0,0.536
262,0,L,173,79,23,0,0.747
262,1,R,139,30,32,0,0.747
262,2,B,28,65,156,0,0.747
262,3,F,19,99,47,0,0.747
262,4,U,162,169,194,0,0.747
262,5,D,161,159,18,0,0.747
262,6,B,14,56,146,0,0.747
262,7,L,182,81,18,0,0.747
262,8,F,18,108,54,0,0.747
262,9,D,234,225,96,1,0.747
262,10,B,19,44,151,0,0.747
262,11,L,186,96,17,0,0.747
262,12,F,19,115,47,0,0.747
262,13,R,139,17,38,0,0.747
262,14,L,164,97,12,0,0.747
262,15,F,18,121,55,0,0.747
262,16,U,152,176,187,0,0.747
262,17,R,213,78,121,1,0.747
262,18,R,125,32,22,0,0.747
262,19,B,9,58,145,0,0.747
262,20,L,188,92,24,0,0.747
262,21,B,14,47,154,0,0.747
262,22,F,21,105,52,0,0.747
262,23,L,173,88,14,0,0.747
262,24,B,88,128,225,1,0.747
262,25,U,149,176,182,0,0.747
262,26,R,147,19,23,0,0.747
262,27,L,196,72,8,0,0.747
262,28,F,19,116,56,0,0.747
262,29,U,173,162,203,0,0.747
262,30,R,125,24,19,0,0.747
262,31,D,177,156,36,0,0.747
262,32,B,10,44,133,0,0.747
262,33,D,168,147,28,0,0.747
262,34,D,166,158,32,0,0.747
262,35,D,181,163,28,0,0.747
262,36,U,179,176,173,0,0.747
262,37,R,150,14,31,0,0.747
262,38,U,183,166,194,0,0.747
262,39,L,166,75,29,0,0.747
262,40,L,169,89,32,0,0.747
262,41,R,144,27,27,0,0.747
262,42,R,133,23,36,0,0.747
262,43,D,163,152,32,0,0.747
262,44,D,182,155,24,0,0.747
262,45,U,172,164,181,0,0.747
262,46,U,174,190,203,0,0.747
262,47,F,8,128,39,0,0.747
262,48,D,171,151,43,0,0.747
262,49,B,15,59,147,0,0.747
262,50,U,170,165,184,0,0.747
262,51,B,13,69,163,0,0.747
262,52,F,27,129,50,0,0.747
262,53,F,12,102,39,0,0.747
263,0,B,14,57,138,0,0.714
263,1,B,18,56,141,0,0.714
263,2,L,140,88,18,0,0.714
263,3,B,9,42,160,0,0.714
263,4,U,157,180,175,0,0.714
263,5,F,22,113,52,0,0.714
263,6,F,0,119,57,0,0.714
263,7,L,159,90,26,0,0.714
263,8,F,19,118,48,0,0.714
263,9,U,134,176,184,0,0.714
263,10,R,105,33,38,0,0.714
263,11,D,143,175,28,0,0.714
263,12,R,134,18,40,0,0.714
263,13,R,110,14,13,0,0.714
263,14,R,123,14,43,0,0.714
263,15,B,3,60,152,0,0.714
263,16,R,115,23,49,0,0.714
263,17,U,146,192,188,0,0.714
263,18,R,124,8,26,0,0.714
263,19,D,155,177,24,0,0.714
263,20,R,105,9,31,0,0.714
263,21,U,142,189,185,0,0.714
263,22,F,13,105,50,0,0.714
263,23,D,156,168,36,0,0.714
263,24,B,10,60,152,0,0.714
263,25,F,15,116,44,0,0.714
263,26,U,146,177,191,0,0.714
263,27,L,151,76,17,0,0.714
263,28,D,164,181,41,0,0.714
263,29,R,110,29,20,0,0.714
263,30,L,165,102,9,0,0.714
263,31,D,155,157,32,0,0.714
263,32,B,10,46,154,0,0.714
263,33,D,154,176,35,0,0.714
263,34,L,141,80,28,0,0.714
263,35,L,159,82,37,0,0.714
263,36,U,155,198,186,0,0.714
263,37,L,161,82,19,0,0.714
263,38,D,139,170,20,0,0.714
263,39,F,19,113,42,0,0.714
263,40,L,146,81,10,0,0.714
263,41,B,29,46,156,0,0.714
263,42,B,27,62,142,0,0.714
263,43,F,9,106,39,0,0.714
263,44,D,142,163,32,0,0.714
263,45,F,23,107,57,0,0.714
263,46,D,145,188,41,0,0.714
263,47,L,166,89,12,0,0.714
263,48,U,137,185,168,0,0.714
263,49,B,21,60,139,0,0.714
263,50,U,159,185,184,0,0.714
263,51,F,21,110,49,0,0.714
263,52,U,141,188,174,0,0.714
263,53,R,132,32,25,0,0.714
264,0,B,14,44,135,0,0.583
264,1,D,145,141,45,0,0.583
264,2,U,139,154,153,0,0.583
264,3,B,18,36,135,0,0.583
264,4,U,129,140,161,0,0.583
264,5,F,25,98,36,0,0.583
264,6,B,0,52,116,0,0.583
264,7,L,211,137,93,1,0.583
264,8,R,106,22,22,0,0.583
264,9,F,12,90,52,0,0.583
264,10,L,122,77,8,0,0.583
264,11,R,108,28,14,0,0.583
264,12,R,120,15,33,0,0.583
264,13,R,118,28,23,0,0.583
264,14,R,114,14,27,0,0.583
264,15,B,11,52,147,0,0.583
264,16,L,146,63,16,0,0.583
264,17,R,110,7,17,0,0.583
264,18,U,142,141,171,0,0.583
264,19,U,123,151,167,0,0.583
264,20,U,141,160,136,0,0.583
264,21,F,81,155,106,1,0.583
264,22,F,16,89,49,0,0.583
264,23,B,6,46,119,0,0.583
264,24,F,6,87,37,0,0.583
264,25,B,26,34,126,0,0.583
264,26,R,92,24,19,0,0.583
264,27,L,134,74,15,0,0.583
264,28,U,140,151,154,0,0.583
264,29,D,128,135,22,0,0.583
264,30,R,98,22,27,0,0.583
264,31,D,131,138,28,0,0.583
264,32,D,136,143,30,0,0.583
264,33,F,4,103,53,0,0.583
264,34,D,133,144,10,0,0.583
264,35,F,0,96,32,0,0.583
264,36,L,144,85,13,0,0.583
264,37,L,131,75,21,0,0.583
264,38,L,142,63,20,0,0.583
264,39,D,141,126,20,0,0.583
264,40,L,144,66,1,0,0.583
264,41,U,142,158,147,0,0.583
264,42,L,135,72,7,0,0.583
264,43,F,15,107,47,0,0.583
264,44,U,207,218,240,1,0.583
264,45,B,0,43,116,0,0.583
264,46,B,6,42,120,0,0.583
264,47,D,151,152,35,0,0.583
264,48,U,142,148,147,0,0.583
264,49,B,27,49,107,0,0.583
264,50,R,106,6,26,0,0.583
264,51,D,148,149,24,0,0.583
264,52,F,14,94,28,0,0.583
264,53,D,135,137,27,0,0.583
265,0,R,125,15,28,0,0.671
265,1,B,1,40,118,0,0.671
265,2,U,165,128,157,0,0.671
265,3,D,152,123,27,0,0.671
265,4,U,157,120,131,0,0.671
265,5,D,164,128,34,0,0.671
265,6,F,12,95,24,0,0.671
265,7,U,132,113,157,0,0.671
265,8,R,122,20,20,0,0.671
265,9,D,145,125,15,0,0.671
265,10,R,119,16,37,0,0.671
265,11,R,130,19,26,0,0.671
265,12,F,0,91,43,0,0.671
265,13,R,126,15,23,0,0.671
265,14,L,156,60,9,0,0.671
265,15,F,16,85,35,0,0.671
265,16,R,109,25,9,0,0.671
265,17,D,235,192,94,1,0.671
265,18,D,151,119,17,0,0.671
265,19,B,13,33,125,0,0.671
265,20,F,1,78,34,0,0.671
265,21,U,164,137,150,0,0.671
265,22,F,26,79,32,0,0.671
265,23,R,127,14,32,0,0.671
265,24,B,34,41,128,0,0.671
265,25,D,153,120,27,0,0.671
265,26,U,234,206,230,1,0.671
265,27,U,150,128,143,0,0.671
265,28,L,153,60,9,0,0.671
265,29,L,152,60,25,0,0.671
265,30,U,145,146,156,0,0.671
265,31,D,164,128,39,0,0.671
265,32,B,17,35,106,0,0.671
265,33,U,159,142,152,0,0.671
265,34,L,150,68,19,0,0.671
265,35,L,143,74,15,0,0.671
265,36,B,14,43,134,0,0.671
265,37,F,11,84,37,0,0.671
265,38,L,143,48,21,0,0.671
265,39,R,117,20,39,0,0.671
265,40,L,152,63,10,0,0.671
265,41,L,152,53,2,0,0.671
265,42,F,9,85,37,0,0.671
265,43,F,14,79,33,0,0.671
265,44,L,156,70,24,0,0.671
265,45,B,22,39,97,0,0.671
265,46,D,152,130,12,0,0.671
265,47,D,139,123,20,0,0.671
265,48,F,10,93,42,0,0.671
265,49,B,12,34,114,0,0.671
265,50,U,157,133,158,0,0.671
265,51,B,0,45,119,0,0.671
265,52,B,15,45,111,0,0.671
265,53,R,120,16,30,0,0.671
266,0,R,133,19,10,0,0.658
266,1,L,162,71,19,0,0.658
266,2,U,150,158,153,0,0.658
266,3,B,22,48,119,0,0.658
266,4,U,162,141,141,0,0.658
266,5,R,134,14,29,0,0.658
266,6,F,22,85,44,0,0.658
266,7,L,179,65,19,0,0.658
266,8,R,140,9,27,0,0.658
266,9,U,171,150,149,0,0.658
266,10,U,167,162,138,0,0.658
266,11,B,22,61,105,0,0.658
266,12,R,138,35,29,0,0.658
266,13,R,139,25,18,0,0.658
266,14,D,156,134,24,0,0.658
266,15,F,20,94,48,0,0.658
266,16,B,26,42,116,0,0.658
266,17,D,148,140,25,0,0.658
266,18,U,182,150,157,0,0.658
266,19,U,171,160,152,0,0.658
266,20,B,25,47,126,0,0.658
266,21,U,148,156,148,0,0.658
266,22,F,31,105,38,0,0.658
266,23,D,164,136,33,0,0.658
266,24,R,198,90,80,1,0.658
266,25,B,10,40,131,0,0.658
266,26,U,165,149,144,0,0.658
266,27,B,38,45,126,0,0.658
266,28,R,126,17,20,0,0.658
266,29,L,230,157,81,1,0.658
266,30,F,23,91,36,0,0.658
266,31,D,166,146,24,0,0.658
266,32,L,155,67,16,0,0.658
266,33,D,161,148,14,0,0.658
266,34,D,157,144,40,0,0.658
266,35,F,35,110,35,0,0.658
266,36,D,174,125,19,0,0.658
266,37,D,189,148,27,0,0.658
266,38,R,134,23,26,0,0.658
266,39,R,120,39,25,0,0.658
266,40,L,162,67,8,0,0.658
266,41,B,18,49,108,0,0.658
266,42,L,164,63,32,0,0.658
266,43,U,175,151,147,0,0.658
266,44,D,171,133,36,0,0.658
266,45,L,169,63,12,0,0.658
266,46,F,16,93,32,0,0.658
266,47,F,10,87,50,0,0.658
266,48,F,18,84,33,0,0.658
266,49,B,17,49,126,0,0.658
266,50,F,20,110,47,0,0.658
266,51,L,168,70,34,0,0.658
266,52,L,169,73,17,0,0.658
266,53,B,22,53,119,0,0.658
267,0,F,17,181,79,0,1.267
267,1,F,37,185,94,0,1.267
267,2,B,33,78,255,0,1.267
267,3,L,255,135,42,0,1.267
267,4,U,255,255,255,0,1.267
267,5,B,32,69,255,0,1.267
267,6,D,255,255,59,0,1.267
267,7,F,27,191,91,0,1.267
267,8,U,255,255,255,0,1.267
267,9,F,34,174,89,0,1.267
267,10,U,255,255,255,1,1.267
267,11,D,255,255,53,0,1.267
267,12,U,255,255,255,0,1.267
267,13,R,251,36,47,0,1.267
267,14,B,32,68,255,0,1.267
267,15,B,15,95,255,0,1.267
267,16,R,245,40,51,0,1.267
267,17,L,255,139,37,0,1.267
267,18,R,235,45,63,0,1.267
267,19,L,255,143,43,0,1.267
267,20,L,255,119,43,0,1.267
267,21,B,22,85,252,0,1.267
267,22,F,21,181,70,0,1.267
267,23,R,245,52,59,0,1.267
267,24,F,29,169,84,0,1.267
267,25,D,255,255,54,0,1.267
267,26,U,255,255,255,0,1.267
267,27,U,255,255,255,0,1.267
267,28,L,255,198,113,1,1.267
267,29,R,253,50,56,0,1.267
267,30,U,255,255,255,0,1.267
267,31,D,255,252,65,0,1.267
267,32,D,255,255,50,0,1.267
267,33,B,22,81,255,0,1.267
267,34,D,255,252,71,0,1.267
267,35,D,255,254,45,0,1.267
267,36,R,240,43,50,0,1.267
267,37,B,29,80,255,0,1.267
267,38,B,45,78,255,0,1.267
267,39,F,33,165,98,0,1.267
267,40,L,255,132,27,0,1.267
267,41,D,255,241,63,0,1.267
267,42,L,255,130,25,0,1.267
267,43,L,255,127,30,0,1.267
267,44,R,255,28,51,0,1.267
267,45,L,255,131,25,0,1.267
267,46,R,255,22,50,0,1.267
267,47,D,255,255,49,0,1.267
267,48,R,231,34,48,0,1.267
267,49,B,33,73,255,0,1.267
267,50,U,255,255,255,0,1.267
267,51,F,41,184,90,0,1.267
267,52,F,32,170,108,0,1.267
267,53,U,255,255,255,0,1.267
268,0,U,112,109,128,0,0.502
268,1,U,113,112,121,0,0.502
268,2,D,138,114,35,0,0.502
268,3,B,14,32,107,0,0.502
268,4,U,94,105,117,0,0.502
268,5,D,117,124,25,0,0.502
268,6,B,19,44,107,0,0.502
268,7,L,116,38,9,0,0.502
268,8,B,7,32,111,0,0.502
268,9,U,182,193,205,1,0.502
268,10,R,102,10,41,0,0.502
268,11,B,14,32,119,0,0.502
268,12,D,132,112,23,0,0.502
268,13,R,95,16,30,0,0.502
268,14,F,10,85,32,0,0.502
268,15,B,17,42,105,0,0.502
268,16,R,102,20,16,0,0.502
268,17,D,116,109,34,0,0.502
268,18,R,111,8,25,0,0.502
268,19,B,93,107,187,1,0.502
268,20,L,116,50,11,0,0.502
268,21,U,117,119,109,0,0.502
268,22,F,4,74,33,0,0.502
268,23,F,27,75,33,0,0.502
268,24,D,126,122,9,0,0.502
268,25,R,94,12,22,0,0.502
268,26,D,131,110,28,0,0.502
268,27,L,126,51,4,0,0.502
268,28,F,11,74,32,0,0.502
268,29,L,115,53,15,0,0.502
268,30,D,125,116,24,0,0.502
268,31,D,119,106,22,0,0.502
268,32,B,13,38,114,0,0.502
268,33,F,8,82,24,0,0.502
268,34,D,126,116,15,0,0.502
268,35,R,105,17,23,0,0.502
268,36,R,97,20,13,0,0.502
268,37,U,120,108,126,0,0.502
268,38,U,123,105,137,0,0.502
268,39,F,17,68,31,0,0.502
268,40,L,114,54,25,0,0.502
268,41,R,112,12,17,0,0.502
268,42,U,114,118,130,0,0.502
268,43,B,17,49,97,0,0.502
268,44,F,14,57,32,0,0.502
268,45,R,91,3,29,0,0.502
268,46,L,112,55,14,0,0.502
268,47,F,16,70,22,0,0.502
268,48,L,130,54,9,0,0.502
268,49,B,24,21,108,0,0.502
268,50,U,104,121,134,0,0.502
268,51,F,4,67,36,0,0.502
268,52,L,120,57,12,0,0.502
268,53,L,118,56,19,0,0.502
269,0,F,45,168,89,0,1.157
269,1,R,209,30,66,0,1.157
269,2,B,26,93,249,0,1.157
269,3,B,38,70,231,0,1.157
269,4,U,255,255,255,0,1.157
269,5,D,255,242,38,0,1.157
269,6,R,223,33,58,0,1.157
269,7,L,255,128,24,0,1.157
269,8,L,255,191,103,1,1.157
269,9,U,255,255,255,0,1.157
269,10,R,197,38,45,0,1.157
269,11,D,255,255,118,1,1.157
269,12,U,255,252,255,0,1.157
269,13,R,213,36,46,0,1.157
269,14,F,26,156,96,0,1.157
269,15,L,254,128,22,0,1.157
269,16,D,255,236,44,0,1.157
269,17,D,255,247,47,0,1.157
269,18,B,16,87,249,0,1.157
269,19,U,255,255,255,0,1.157
269,20,F,20,175,85,0,1.157
269,21,B,28,83,244,0,1.157
269,22,F,21,175,76,0,1.157
269,23,R,199,42,45,0,1.157
269,24,B,27,89,243,0,1.157
269,25,B,31,71,235,0,1.157
269,26,U,252,255,255,0,1.157
269,27,R,206,36,40,0,1.157
269,28,D,255,250,58,0,1.157
269,29,B,38,78,236,0,1.157
269,30,R,211,29,40,0,1.157
269,31,D,255,239,56,0,1.157
269,32,F,36,147,74,0,1.157
269,33,D,255,243,44,0,1.157
269,34,D,255,243,47,0,1.157
269,35,R,211,22,42,0,1.157
269,36,U,255,254,255,0,1.157
269,37,L,255,116,20,0,1.157
269,38,D,255,252,67,0,1.157
269,39,L,255,130,22,0,1.157
269,40,L,255,127,26,0,1.157
269,41,U,255,255,255,0,1.157
269,42,F,26,166,86,0,1.157
269,43,F,33,172,76,0,1.157
269,44,U,253,255,255,0,1.157
269,45,L,255,143,27,0,1.157
269,46,B,31,64,252,0,1.157
269,47,R,214,27,42,0,1.157
269,48,U,255,255,255,0,1.157
269,49,B,24,72,244,0,1.157
269,50,F,28,168,71,0,1.157
269,51,F,107,229,154,1,1.157
269,52,L,255,121,28,0,1.157
269,53,L,255,114,41,0,1.157
270,0,F,14,169,83,0,1.147
270,1,B,40,105,220,0,1.147
270,2,F,20,180,89,0,1.147
270,3,B,29,98,239,0,1.147
270,4,U,255,255,255,0,1.147
270,5,L,255,131,7,0,1.147
270,6,U,255,255,255,0,1.147
270,7,B,27,67,238,0,1.147
270,8,L,246,122,47,0,1.147
270,9,B,20,72,238,0,1.147
270,10,D,255,255,44,0,1.147
270,11,L,255,117,34,0,1.147
270,12,D,255,247,60,0,1.147
270,13,R,216,42,51,0,1.147
270,14,B,29,81,238,0,1.147
270,15,B,36,73,236,0,1.147
270,16,L,255,122,25,0,1.147
270,17,R,232,35,47,0,1.147
270,18,B,29,91,217,0,1.147
270,19,R,203,33,55,0,1.147
270,20,U,255,255,255,0,1.147
270,21,R,207,40,38,0,1.147
270,22,F,10,165,81,0,1.147
270,23,R,224,27,46,0,1.147
270,24,L,253,129,29,0,1.147
270,25,U,255,255,255,0,1.147
270,26,D,255,246,43,0,1.147
270,27,U,255,255,255,0,1.147
270,28,R,202,38,55,0,1.147
270,29,L,253,127,15,0,1.147
270,30,F,41,173,74,0,1.147
270,31,D,255,255,52,0,1.147
270,32,U,255,255,255,0,1.147
270,33,U,255,255,255,0,1.147
270,34,D,255,252,54,0,1.147
270,35,D,255,254,53,0,1.147
270,36,R,204,31,57,0,1.147
270,37,U,239,255,255,0,1.147
270,38,R,215,49,53,0,1.147
270,39,U,255,255,255,0,1.147
270,40,L,249,128,39,0,1.147
270,41,F,22,167,72,0,1.147
270,42,F,42,172,73,0,1.147
270,43,L,255,201,97,1,1.147
270,44,F,32,172,78,0,1.147
270,45,D,255,255,43,0,1.147
270,46,L,250,142,42,0,1.147
270,47,D,255,255,50,0,1.147
270,48,D,255,240,51,0,1.147
270,49,B,43,79,227,0,1.147
270,50,F,30,169,90,0,1.147
270,51,B,19,63,242,0,1.147
270,52,F,32,186,74,0,1.147
270,53,R,208,32,62,0,1.147
271,0,D,255,255,59,0,1.227
271,1,D,255,255,63,0,1.227
271,2,U,255,255,255,1,1.227
271,3,B,30,107,255,0,1.227
271,4,U,255,255,255,0,1.227
271,5,D,255,255,52,0,1.227
271,6,D,255,255,38,0,1.227
271,7,F,20,205,83,0,1.227
271,8,F,34,196,88,0,1.227
271,9,R,204,47,61,0,1.227
271,10,R,210,44,66,0,1.227
271,11,L,255,157,44,0,1.227
271,12,R,204,32,43,0,1.227
271,13,R,214,41,69,0,1.227
271,14,R,208,47,56,0,1.227
271,15,R,203,39,67,0,1.227
271,16,L,245,161,32,0,1.227
271,17,B,28,91,255,0,1.227
271,18,B,30,96,255,0,1.227
271,19,L,236,151,34,0,1.227
271,20,D,255,255,55,0,1.227
271,21,U,255,255,255,0,1.227
271,22,F,39,215,93,0,1.227
271,23,U,255,255,255,0,1.227
271,24,B,40,89,254,0,1.227
271,25,F,16,209,87,0,1.227
271,26,D,255,255,60,0,1.227
271,27,U,255,255,255,0,1.227
271,28,D,255,255,60,0,1.227
271,29,B,21,105,255,0,1.227
271,30,B,38,83,255,0,1.227
271,31,D,255,255,43,0,1.227
271,32,D,255,255,59,0,1.227
271,33,U,255,255,255,0,1.227
271,34,F,24,202,91,0,1.227
271,35,U,255,255,255,0,1.227
271,36,L,255,150,41,0,1.227
271,37,U,255,255,255,0,1.227
271,38,L,252,146,27,0,1.227
271,39,U,255,255,255,0,1.227
271,40,L,255,148,42,0,1.227
271,41,F,34,200,83,0,1.227
271,42,F,24,207,91,0,1.227
271,43,L,247,150,31,0,1.227
271,44,L,255,146,23,0,1.227
271,45,F,34,216,104,0,1.227
271,46,B,25,97,255,0,1.227
271,47,F,18,213,109,0,1.227
271,48,B,35,90,255,0,1.227
271,49,B,29,103,255,0,1.227
271,50,L,253,143,38,0,1.227
271,51,R,195,24,50,0,1.227
271,52,R,213,45,52,0,1.227
271,53,R,204,47,55,0,1.227
272,0,D,254,255,37,0,1.214
272,1,L,251,135,34,0,1.214
272,2,R,197,34,46,0,1.214
272,3,B,41,78,210,0,1.214
272,4,U,255,255,255,0,1.214
272,5,F,35,180,85,0,1.214
272,6,D,255,255,31,0,1.214
272,7,U,255,255,255,0,1.214
272,8,U,255,255,255,0,1.214
272,9,F,22,180,61,0,1.214
272,10,R,203,31,32,0,1.214
272,11,B,41,78,212,0,1.214
272,12,B,24,78,218,0,1.214
272,13,R,209,39,49,0,1.214
272,14,B,25,93,203,0,1.214
272,15,U,255,255,255,0,1.214
272,16,R,207,38,42,0,1.214
272,17,L,255,129,32,0,1.214
272,18,F,22,182,71,0,1.214
272,19,L,254,140,14,0,1.214
272,20,L,255,210,119,1,1.214
272,21,L,255,128,31,0,1.214
272,22,F,28,185,66,0,1.214
272,23,U,255,255,255,0,1.214
272,24,L,255,135,38,0,1.214
272,25,U,255,255,255,0,1.214
272,26,B,35,85,221,0,1.214
272,27,F,21,173,86,0,1.214
272,28,R,210,53,45,0,1.214
272,29,L,251,139,27,0,1.214
272,30,L,255,132,27,0,1.214
272,31,D,255,255,52,0,1.214
272,32,D,255,255,43,0,1.214
272,33,U,255,255,253,0,1.214
272,34,F,26,195,56,0,1.214
272,35,B,30,82,204,0,1.214
272,36,R,219,45,51,0,1.214
272,37,R,219,26,47,0,1.214
272,38,R,201,44,50,0,1.214
272,39,U,255,255,242,0,1.214
272,40,L,255,144,0,0,1.214
272,41,D,255,255,50,0,1.214
272,42,F,23,179,74,0,1.214
272,43,F,25,169,70,0,1.214
272,44,D,255,255,44,0,1.214
272,45,U,255,255,255,0,1.214
272,46,B,34,84,213,0,1.214
272,47,B,26,78,216,0,1.214
272,48,D,255,255,46,0,1.214
272,49,B,21,90,209,0,1.214
272,50,F,12,184,57,0,1.214
272,51,D,255,255,38,0,1.214
272,52,D,253,255,46,0,1.214
272,53,R,218,27,46,0,1.214
273,0,D,255,249,43,0,1.271
273,1,R,240,43,28,0,1.271
273,2,L,255,129,24,0,1.271
273,3,U,255,255,255,0,1.271
273,4,U,255,255,255,0,1.271
273,5,D,255,255,54,0,1.271
273,6,F,26,166,88,0,1.271
273,7,U,255,255,255,0,1.271
273,8,U,255,255,255,0,1.271
273,9,F,37,178,80,0,1.271
273,10,L,255,147,33,0,1.271
273,11,U,255,255,255,0,1.271
273,12,D,255,255,47,0,1.271
273,13,R,251,21,52,0,1.271
273,14,D,255,249,48,0,1.271
273,15,L,255,132,37,0,1.271
273,16,B,35,82,244,0,1.271
273,17,R,255,38,57,0,1.271
273,18,R,254,35,48,0,1.271
273,19,B,86,165,255,1,1.271
273,20,L,255,123,28,0,1.271
273,21,U,255,255,255,0,1.271
273,22,F,22,174,89,0,1.271
273,23,B,19,92,245,0,1.271
273,24,U,255,255,255,0,1.271
273,25,F,27,184,75,0,1.271
273,26,D,255,255,52,0,1.271
273,27,R,255,35,60,0,1.271
273,28,U,255,255,255,0,1.271
273,29,F,15,197,73,0,1.271
273,30,F,34,176,78,0,1.271
273,31,D,255,255,37,0,1.271
273,32,L,255,130,28,0,1.271
273,33,D,255,255,49,0,1.271
273,34,L,255,119,33,0,1.271
273,35,B,23,84,241,0,1.271
273,36,B,16,75,232,0,1.271
273,37,L,255,140,23,0,1.271
273,38,D,255,253,39,0,1.271
273,39,D,255,255,40,0,1.271
273,40,L,255,136,21,0,1.271
273,41,R,254,34,59,0,1.271
273,42,B,45,74,246,0,1.271
273,43,R,252,27,59,0,1.271
273,44,F,23,181,80,0,1.271
273,45,B,14,83,241,0,1.271
273,46,B,35,76,237,0,1.271
273,47,L,255,137,36,0,1.271
273,48,F,41,172,78,0,1.271
273,49,B,31,87,244,0,1.271
273,50,R,255,38,51,0,1.271
273,51,U,255,255,255,0,1.271
273,52,F,24,175,85,0,1.271
273,53,R,255,27,42,0,1.271
274,0,U,142,157,137,0,0.61
274,1,R,111,25,29,0,0.61
274,2,R,99,22,21,0,0.61
274,3,L,124,74,12,0,0.61
274,4,U,127,133,142,0,0.61
274,5,L,125,63,15,0,0.61
274,6,F,14,88,39,0,0.61
274,7,B,14,32,118,0,0.61
274,8,L,125,62,6,0,0.61
274,9,F,9,83,37,0,0.61
274,10,B,7,39,94,0,0.61
274,11,D,139,136,15,0,0.61
274,12,B,3,49,109,0,0.61
274,13,R,83,27,11,0,0.61
274,14,U,135,152,139,0,0.61
274,15,B,10,34,98,0,0.61
274,16,B,14,37,101,0,0.61
274,17,L,132,63,9,0,0.61
274,18,R,108,4,24,0,0.61
274,19,U,123,133,131,0,0.61
274,20,D,137,135,13,0,0.61
274,21,D,136,128,22,0,0.61
274,22,F,22,101,23,0,0.61
274,23,D,132,129,21,0,0.61
274,24,F,3,85,25,0,0.61
274,25,F,13,93,51,0,0.61
274,26,U,124,140,138,0,0.61
274,27,U,127,146,131,0,0.61
274,28,R,107,28,27,0,0.61
274,29,R,92,15,28,0,0.61
274,30,F,13,83,33,0,0.61
274,31,D,125,133,18,0,0.61
274,32,R,179,91,102,1,0.61
274,33,B,28,37,101,0,0.61
274,34,F,83,170,112,1,0.61
274,35,U,127,151,138,0,0.61
274,36,F,13,105,32,0,0.61
274,37,D,131,134,22,0,0.61
274,38,D,132,127,19,0,0.61
274,39,F,9,99,39,0,0.61
274,40,L,114,65,7,0,0.61
274,41,R,97,30,30,0,0.61
274,42,D,134,125,14,0,0.61
274,43,D,129,129,28,0,0.61
274,44,R,88,13,19,0,0.61
274,45,B,17,33,109,0,0.61
274,46,U,114,128,137,0,0.61
274,47,L,131,65,12,0,0.61
274,48,L,117,59,12,0,0.61
274,49,B,10,37,116,0,0.61
274,50,L,124,62,16,0,0.61
274,51,B,89,118,169,1,0.61
274,52,U,136,140,141,0,0.61
274,53,L,134,58,14,0,0.61
275,0,B,31,67,101,0,0.642
275,1,D,135,166,20,0,0.642
275,2,R,120,27,29,0,0.642
275,3,F,7,111,44,0,0.642
275,4,U,137,161,154,0,0.642
275,5,U,160,160,152,0,0.642
275,6,D,155,143,29,0,0.642
275,7,D,154,152,14,0,0.642
275,8,L,142,80,12,0,0.642
275,9,B,27,56,126,0,0.642
275,10,L,154,82,15,0,0.642
275,11,B,18,62,137,0,0.642
275,12,F,31,101,33,0,0.642
275,13,R,122,27,28,0,0.642
275,14,R,126,34,18,0,0.642
275,15,D,163,152,23,0,0.642
275,16,U,158,160,151,0,0.642
275,17,R,117,13,35,0,0.642
275,18,R,121,33,18,0,0.642
275,19,F,13,104,45,0,0.642
275,20,U,139,162,137,0,0.642
275,21,L,143,78,16,0,0.642
275,22,F,28,120,44,0,0.642
275,23,U,222,247,221,1,0.642
275,24,F,23,103,24,0,0.642
275,25,D,159,145,28,0,0.642
275,26,R,126,25,28,0,0.642
275,27,L,156,75,24,0,0.642
275,28,R,124,12,24,0,0.642
275,29,F,27,110,48,0,0.642
275,30,U,157,161,167,0,0.642
275,31,D,161,167,14,0,0.642
275,32,B,3,47,132,0,0.642
275,33,F,28,115,49,0,0.642
275,34,F,19,103,45,0,0.642
275,35,U,153,172,157,0,0.642
275,36,L,148,74,30,0,0.642
275,37,R,115,24,18,0,0.642
275,38,B,88,125,184,1,0.642
275,39,B,18,52,114,0,0.642
275,40,L,167,78,31,0,0.642
275,41,D,145,141,22,0,0.642
275,42,L,161,81,18,0,0.642
275,43,R,117,21,31,0,0.642
275,44,U,160,166,147,0,0.642
275,45,U,154,181,159,0,0.642
275,46,B,17,42,123,0,0.642
275,47,D,154,148,0,0,0.642
275,48,B,29,41,122,0,0.642
275,49,B,15,52,112,0,0.642
275,50,L,148,72,27,0,0.642
275,51,F,10,95,30,0,0.642
275,52,L,229,152,68,1,0.642
275,53,D,149,151,16,0,0.642
276,0,B,19,55,162,0,0.688
276,1,R,113,26,51,0,0.688
276,2,D,156,165,42,0,0.688
276,3,F,29,113,58,0,0.688
276,4,U,164,178,180,0,0.688
276,5,B,23,58,154,0,0.688
276,6,F,17,112,50,0,0.688
276,7,B,17,39,153,0,0.688
276,8,U,165,175,174,0,0.688
276,9,R,132,29,36,0,0.688
276,10,R,113,14,38,0,0.688
276,11,F,25,111,58,0,0.688
276,12,B,23,55,142,0,0.688
276,13,R,117,14,15,0,0.688
276,14,U,131,181,188,0,0.688
276,15,F,11,113,65,0,0.688
276,16,F,18,123,63,0,0.688
276,17,U,139,187,172,0,0.688
276,18,L,153,76,28,0,0.688
276,19,U,140,174,191,0,0.688
276,20,F,13,112,60,0,0.688
276,21,L,154,81,25,0,0.688
276,22,F,23,114,55,0,0.688
276,23,L,152,87,27,0,0.688
276,24,D,164,164,46,0,0.688
276,25,F,22,111,50,0,0.688
276,26,D,160,172,48,0,0.688
276,27,R,119,21,21,0,0.688
276,28,L,140,78,25,0,0.688
276,29,R,115,29,27,0,0.688
276,30,B,13,64,154,0,0.688
276,31,D,150,175,24,0,0.688
276,32,R,122,14,40,0,0.688
276,33,R,125,21,29,0,0.688
276,34,D,162,165,26,0,0.688
276,35,B,74,134,231,1,0.688
276,36,L,157,90,21,0,0.688
276,37,U,147,173,189,0,0.688
276,38,U,148,184,184,0,0.688
276,39,D,153,172,33,0,0.688
276,40,L,170,95,18,0,0.688
276,41,D,153,175,50,0,0.688
276,42,B,5,53,135,0,0.688
276,43,D,155,163,34,0,0.688
276,44,B,24,45,144,0,0.688
276,45,L,151,80,16,0,0.688
276,46,U,138,164,183,0,0.688
276,47,D,165,178,52,0,0.688
276,48,L,157,83,7,0,0.688
276,49,B,19,49,145,0,0.688
276,50,F,6,105,58,0,0.688
276,51,L,144,83,24,0,0.688
276,52,R,130,15,47,0,0.688
276,53,U,148,176,187,0,0.688
277,0,U,181,250,217,0,0.959
277,1,R,155,27,41,0,0.959
277,2,R,159,29,33,0,0.959
277,3,L,194,114,33,0,0.959
277,4,U,200,245,213,0,0.959
277,5,U,186,255,221,0,0.959
277,6,R,157,33,41,0,0.959
277,7,F,23,173,60,0,0.959
277,8,B,29,91,165,0,0.959
277,9,R,152,22,33,0,0.959
277,10,B,21,79,162,0,0.959
277,11,U,195,251,225,0,0.959
277,12,R,150,35,49,0,0.959
277,13,R,162,36,27,0,0.959
277,14,L,187,106,36,0,0.959
277,15,U,196,255,220,0,0.959
277,16,B,34,74,179,0,0.959
277,17,F,13,173,57,0,0.959
277,18,B,11,72,157,0,0.959
277,19,L,187,117,19,0,0.959
277,20,U,255,255,255,1,0.959
277,21,F,29,151,53,0,0.959
277,22,F,16,166,61,0,0.959
277,23,D,194,228,45,0,0.959
277,24,D,210,231,31,0,0.959
277,25,R,160,46,32,0,0.959
277,26,B,24,68,174,0,0.959
277,27,B,27,78,168,0,0.959
277,28,U,192,250,220,0,0.959
277,29,L,186,118,32,0,0.959
277,30,L,205,122,33,0,0.959
277,31,D,203,237,52,0,0.959
277,32,D,193,238,23,0,0.959
277,33,D,193,232,38,0,0.959
277,34,D,211,234,51,0,0.959
277,35,L,190,119,19,0,0.959
277,36,F,4,159,61,0,0.959
277,37,B,16,70,169,0,0.959
277,38,D,191,228,25,0,0.959
277,39,R,159,12,22,0,0.959
277,40,L,192,122,20,0,0.959
277,41,U,183,251,204,0,0.959
277,42,R,160,45,39,0,0.959
277,43,U,187,255,226,0,0.959
277,44,L,186,125,20,0,0.959
277,45,F,24,167,52,0,0.959
277,46,B,10,95,188,0,0.959
277,47,L,207,122,26,0,0.959
277,48,D,204,229,36,0,0.959
277,49,B,25,80,173,0,0.959
277,50,F,17,174,58,0,0.959
277,51,D,193,233,33,0,0.959
277,52,F,7,151,39,0,0.959
277,53,F,77,240,128,1,0.959
278,0,F,0,80,52,0,0.582
278,1,U,113,141,141,0,0.582
278,2,L,121,59,22,0,0.582
278,3,B,7,37,114,0,0.582
278,4,U,132,135,139,0,0.582
278,5,L,117,58,13,0,0.582
278,6,B,11,41,121,0,0.582
278,7,B,21,32,124,0,0.582
278,8,L,135,68,21,0,0.582
278,9,F,11,77,28,0,0.582
278,10,D,122,116,36,0,0.582
278,11,U,116,137,152,0,0.582
278,12,U,140,125,161,0,0.582
278,13,R,90,22,37,0,0.582
278,14,B,9,42,130,0,0.582
278,15,B,7,31,110,0,0.582
278,16,D,127,114,39,0,0.582
278,17,F,83,164,112,1,0.582
278,18,R,188,98,93,1,0.582
278,19,L,126,46,18,0,0.582
278,20,D,120,129,32,0,0.582
278,21,L,119,70,7,0,0.582
278,22,F,6,70,36,0,0.582
278,23,R,95,21,32,0,0.582
278,24,U,122,142,161,0,0.582
278,25,L,107,59,14,0,0.582
278,26,D,142,128,28,0,0.582
278,27,R,96,21,36,0,0.582
278,28,U,124,125,158,0,0.582
278,29,L,113,60,23,0,0.582
278,30,R,94,15,15,0,0.582
278,31,D,141,122,30,0,0.582
278,32,F,9,101,53,0,0.582
278,33,B,14,44,108,0,0.582
278,34,D,130,132,22,0,0.582
278,35,D,126,119,29,0,0.582
278,36,L,127,49,22,0,0.582
278,37,U,122,133,147,0,0.582
278,38,U,120,135,141,0,0.582
278,39,D,117,120,35,0,0.582
278,40,L,122,60,14,0,0.582
278,41,F,14,82,53,0,0.582
278,42,R,104,17,28,0,0.582
278,43,F,19,94,41,0,0.582
278,44,F,14,88,37,0,0.582
278,45,B,8,39,125,0,0.582
278,46,F,13,66,32,0,0.582
278,47,U,126,130,150,0,0.582
278,48,R,97,25,29,0,0.582
278,49,B,19,30,130,0,0.582
278,50,R,96,32,22,0,0.582
278,51,R,100,2,27,0,0.582
278,52,B,6,34,128,0,0.582
278,53,D,146,118,15,0,0.582
279,0,R,255,107,125,1,1.297
279,1,B,20,91,255,0,1.297
279,2,B,40,109,240,0,1.297
279,3,B,25,91,246,0,1.297
279,4,U,255,255,255,0,1.297
279,5,B,36,106,255,0,1.297
279,6,R,235,40,47,0,1.297
279,7,F,48,212,78,0,1.297
279,8,D,255,255,52,0,1.297
279,9,L,255,157,46,0,1.297
279,10,D,255,255,63,0,1.297
279,11,L,255,148,42,0,1.297
279,12,F,23,217,78,0,1.297
279,13,R,244,57,47,0,1.297
279,14,B,24,100,240,0,1.297
279,15,F,21,207,83,0,1.297
279,16,F,44,220,94,0,1.297
279,17,U,255,255,255,1,1.297
279,18,B,107,163,255,1,1.297
279,19,R,235,37,56,0,1.297
279,20,F,34,218,81,0,1.297
279,21,R,240,31,56,0,1.297
279,22,F,19,216,88,0,1.297
279,23,L,255,160,25,0,1.297
279,24,L,255,163,39,0,1.297
279,25,U,255,255,255,0,1.297
279,26,D,255,255,57,0,1.297
279,27,D,255,255,64,0,1.297
279,28,F,35,215,84,0,1.297
279,29,R,235,33,44,0,1.297
279,30,U,255,255,255,0,1.297
279,31,D,255,255,51,0,1.297
279,32,D,255,255,65,0,1.297
279,33,U,255,255,255,0,1.297
279,34,D,255,255,32,0,1.297
279,35,F,40,222,96,0,1.297
279,36,U,255,255,255,0,1.297
279,37,R,241,51,57,0,1.297
279,38,D,255,255,49,0,1.297
279,39,R,255,129,141,1,1.297
279,40,L,255,151,30,0,1.297
279,41,D,255,255,52,0,1.297
279,42,L,255,158,33,0,1.297
279,43,L,255,152,41,0,1.297
279,44,B,18,101,255,0,1.297
279,45,U,255,255,255,0,1.297
279,46,U,255,255,255,0,1.297
279,47,B,97,160,255,1,1.297
279,48,L,255,179,38,0,1.297
279,49,B,33,86,240,0,1.297
279,50,U,255,255,255,0,1.297
279,51,R,247,56,63,0,1.297
279,52,L,255,153,27,0,1.297
279,53,F,20,203,89,0,1.297
280,0,U,239,203,255,0,0.979
280,1,F,93,197,142,1,0.979
280,2,F,50,121,74,0,0.979
280,3,D,240,178,56,0,0.979
280,4,U,251,213,244,0,0.979
280,5,R,192,27,36,0,0.979
280,6,R,193,15,50,0,0.979
280,7,L,243,92,17,0,0.979
280,8,D,248,195,50,0,0.979
280,9,L,246,86,26,0,0.979
280,10,D,252,197,46,0,0.979
280,11,U,244,196,249,0,0.979
280,12,R,201,17,38,0,0.979
280,13,R,195,43,58,0,0.979
280,14,B,25,66,210,0,0.979
280,15,L,251,92,34,0,0.979
280,16,U,255,198,255,0,0.979
280,17,U,246,205,249,0,0.979
280,18,D,255,245,109,1,0.979
280,19,U,247,217,255,0,0.979
280,20,F,36,132,70,0,0.979
280,21,D,242,173,30,0,0.979
280,22,F,30,126,73,0,0.979
280,23,B,31,76,206,0,0.979
280,24,R,201,30,51,0,0.979
280,25,U,244,209,253,0,0.979
280,26,U,247,184,255,0,0.979
280,27,B,25,56,203,0,0.979
280,28,R,203,32,65,0,0.979
280,29,B,22,65,214,0,0.979
280,30,B,38,55,204,0,0.979
280,31,D,251,177,45,0,0.979
280,32,B,21,60,218,0,0.979
280,33,D,252,185,51,0,0.979
280,34,U,253,201,245,0,0.979
280,35,F,18,138,66,0,0.979
280,36,B,26,68,201,0,0.979
280,37,F,10,120,78,0,0.979
280,38,F,35,132,90,0,0.979
280,39,R,209,10,29,0,0.979
280,40,L,244,78,35,0,0.979
280,41,L,229,93,19,0,0.979
280,42,L,255,179,98,1,0.979
280,43,L,225,87,21,0,0.979
280,44,D,251,193,40,0,0.979
280,45,L,240,81,14,0,0.979
280,46,L,235,91,32,0,0.979
280,47,R,200,21,47,0,0.979
280,48,D,245,189,33,0,0.979
280,49,B,13,60,203,0,0.979
280,50,F,37,121,74,0,0.979
280,51,R,201,35,55,0,0.979
280,52,F,16,110,65,0,0.979
280,53,B,31,66,203,0,0.979
281,0,U,255,255,255,0,1.159
281,1,L,255,118,29,0,1.159
281,2,D,255,255,54,0,1.159
281,3,B,49,85,255,0,1.159
281,4,U,255,255,255,0,1.159
281,5,B,34,83,248,0,1.159
281,6,F,35,175,96,0,1.159
281,7,L,255,127,46,0,1.159
281,8,F,33,165,77,0,1.159
281,9,U,255,255,255,0,1.159
281,10,U,255,255,255,0,1.159
281,11,R,243,30,65,0,1.159
281,12,F,19,185,84,0,1.159
281,13,R,243,39,49,0,1.159
281,14,R,235,52,59,0,1.159
281,15,B,36,96,246,0,1.159
281,16,B,40,82,239,0,1.159
281,17,B,27,85,245,0,1.159
281,18,L,255,136,35,0,1.159
281,19,D,255,242,59,0,1.159
281,20,R,251,38,59,0,1.159
281,21,F,32,187,96,0,1.159
281,22,F,35,186,87,0,1.159
281,23,D,255,255,53,0,1.159
281,24,D,255,255,53,0,1.159
281,25,R,244,33,59,0,1.159
281,26,R,241,37,70,0,1.159
281,27,L,255,128,45,0,1.159
281,28,U,255,255,255,0,1.159
281,29,D,255,251,56,0,1.159
281,30,U,255,255,255,0,1.159
281,31,D,255,255,46,0,1.159
281,32,D,255,250,50,0,1.159
281,33,R,243,37,43,0,1.159
281,34,R,248,33,51,0,1.159
281,35,D,255,248,42,0,1.159
281,36,L,255,124,30,0,1.159
281,37,R,250,30,61,0,1.159
281,38,U,255,255,255,0,1.159
281,39,F,33,182,61,0,1.159
281,40,L,255,133,35,0,1.159
281,41,U,255,255,255,0,1.159
281,42,B,35,70,255,0,1.159
281,43,L,255,131,34,0,1.159
281,44,F,30,187,92,0,1.159
281,45,F,36,191,83,0,1.159
281,46,B,31,90,251,0,1.159
281,47,B,25,87,255,0,1.159
281,48,D,255,255,48,0,1.159
281,49,B,32,84,255,0,1.159
281,50,L,255,139,32,0,1.159
281,51,L,255,125,44,0,1.159
281,52,F,33,173,94,0,1.159
281,53,U,255,255,255,0,1.159
282,0,U,243,254,255,0,1.128
282,1,U,238,255,255,0,1.128
282,2,F,38,161,80,0,1.128
282,3,L,227,115,30,0,1.128
282,4,U,226,247,255,0,1.128
282,5,R,194,39,35,0,1.128
282,6,F,30,169,88,0,1.128
282,7,B,25,63,237,0,1.128
282,8,R,195,38,55,0,1.128
282,9,B,25,64,227,0,1.128
282,10,B,14,78,229,0,1.128
282,11,U,224,235,255,0,1.128
282,12,U,229,237,255,0,1.128
282,13,R,192,26,49,0,1.128
282,14,U,251,250,255,0,1.128
282,15,B,31,74,238,0,1.128
282,16,R,185,21,43,0,1.128
282,17,B,34,69,229,0,1.128
282,18,D,238,230,44,0,1.128
282,19,D,250,223,48,0,1.128
282,20,D,252,222,40,0,1.128
282,21,L,231,103,38,0,1.128
282,22,F,26,167,75,0,1.128
282,23,L,240,125,33,0,1.128
282,24,D,255,228,33,0,1.128
282,25,D,235,222,47,0,1.128
282,26,U,255,255,255,1,1.128
282,27,B,14,75,231,0,1.128
282,28,L,244,128,29,0,1.128
282,29,R,207,28,44,0,1.128
282,30,F,21,152,89,0,1.128
282,31,D,229,232,51,0,1.128
282,32,D,246,228,54,0,1.128
282,33,F,35,157,80,0,1.128
282,34,F,34,144,86,0,1.128
282,35,L,233,114,38,0,1.128
282,36,R,199,32,46,0,1.128
282,37,F,20,161,85,0,1.128
282,38,L,248,120,32,0,1.128
282,39,F,34,157,79,0,1.128
282,40,L,242,115,37,0,1.128
282,41,B,94,142,255,1,1.128
282,42,D,239,236,51,0,1.128
282,43,D,239,233,40,0,1.128
282,44,L,231,120,13,0,1.128
282,45,L,255,182,95,1,1.128
282,46,R,195,16,51,0,1.128
282,47,F,20,158,70,0,1.128
282,48,B,17,96,234,0,1.128
282,49,B,24,89,241,0,1.128
282,50,U,215,250,255,0,1.128
282,51,U,234,246,255,0,1.128
282,52,R,190,29,39,0,1.128
282,53,R,191,29,49,0,1.128
283,0,F,26,124,36,0,0.879
283,1,U,172,205,190,0,0.879
283,2,R,145,32,52,0,0.879
283,3,F,4,138,57,0,0.879
283,4,U,183,184,186,0,0.879
283,5,F,27,111,71,0,0.879
283,6,D,190,180,15,0,0.879
283,7,L,183,100,24,0,0.879
283,8,B,23,61,163,0,0.879
283,9,D,195,197,27,0,0.879
283,10,U,182,206,193,0,0.879
283,11,B,5,60,154,0,0.879
283,12,R,158,36,43,0,0.879
283,13,R,160,35,32,0,0.879
283,14,L,175,98,38,0,0.879
283,15,B,24,71,167,0,0.879
283,16,F,23,117,56,0,0.879
283,17,F,29,126,54,0,0.879
283,18,L,176,82,15,0,0.879
283,19,B,8,67,172,0,0.879
283,20,R,137,31,36,0,0.879
283,21,D,183,182,47,0,0.879
283,22,F,18,131,50,0,0.879
283,23,U,183,180,196,0,0.879
283,24,L,188,78,19,0,0.879
283,25,R,131,30,31,0,0.879
283,26,D,191,167,34,0,0.879
283,27,B,21,48,166,0,0.879
283,28,B,33,56,153,0,0.879
283,29,L,188,110,18,0,0.879
283,30,D,179,181,25,0,0.879
283,31,D,187,171,24,0,0.879
283,32,R,163,29,28,0,0.879
283,33,R,144,38,29,0,0.879
283,34,U,191,202,205,0,0.879
283,35,R,153,18,25,0,0.879
283,36,L,184,91,28,0,0.879
283,37,D,184,168,31,0,0.879
283,38,F,35,114,53,0,0.879
283,39,L,190,106,23,0,0.879
283,40,L,196,90,24,0,0.879
283,41,R,146,11,35,0,0.879
283,42,F,2,141,72,0,0.879
283,43,B,29,52,157,0,0.879
283,44,U,188,208,195,0,0.879
283,45,U,180,200,208,0,0.879
283,46,B,15,72,161,0,0.879
283,47,U,179,197,192,0,0.879
283,48,F,21,124,48,0,0.879
283,49,B,21,54,159,0,0.879
283,50,D,196,189,34,0,0.879
283,51,U,185,198,172,0,0.879
283,52,L,179,90,27,0,0.879
283,53,D,198,178,27,0,0.879
284,0,R,144,31,35,0,0.813
284,1,F,15,148,57,0,0.813
284,2,L,190,99,15,0,0.813
284,3,B,21,47,128,0,0.813
284,4,U,190,221,184,0,0.813
284,5,R,136,39,15,0,0.813
284,6,B,24,67,131,0,0.813
284,7,U,194,216,174,0,0.813
284,8,B,21,55,133,0,0.813
284,9,U,177,223,180,0,0.813
284,10,U,183,209,176,0,0.813
284,11,B,13,68,148,0,0.813
284,12,L,181,103,14,0,0.813
284,13,R,161,12,39,0,0.813
284,14,L,190,103,14,0,0.813
284,15,R,138,29,38,0,0.813
284,16,L,198,101,8,0,0.813
284,17,D,183,206,29,0,0.813
284,18,R,157,24,23,0,0.813
284,19,B,23,54,149,0,0.813
284,20,L,194,108,23,0,0.813
284,21,L,255,171,94,1,0.813
284,22,F,24,143,48,0,0.813
284,23,U,181,227,190,0,0.813
284,24,F,23,148,46,0,0.813
284,25,R,144,43,30,0,0.813
284,26,D,188,204,22,0,0.813
284,27,L,255,178,87,1,0.813
284,28,D,200,190,36,0,0.813
284,29,B,20,58,144,0,0.813
284,30,F,18,142,55,0,0.813
284,31,D,199,199,29,0,0.813
284,32,F,20,147,36,0,0.813
284,33,F,25,142,34,0,0.813
284,34,B,16,65,154,0,0.813
284,35,F,22,135,52,0,0.813
284,36,D,200,204,50,0,0.813
284,37,D,198,190,39,0,0.813
284,38,U,185,234,181,0,0.813
284,39,F,19,140,51,0,0.813
284,40,L,202,109,21,0,0.813
284,41,D,188,202,37,0,0.813
284,42,R,157,26,21,0,0.813
284,43,R,171,29,31,0,0.813
284,44,U,192,215,171,0,0.813
284,45,D,215,193,27,0,0.813
284,46,U,181,217,179,0,0.813
284,47,F,17,153,57,0,0.813
284,48,B,16,58,158,0,0.813
284,49,B,18,64,153,0,0.813
284,50,D,204,201,32,0,0.813
284,51,L,193,103,15,0,0.813
284,52,R,163,30,33,0,0.813
284,53,U,190,211,185,0,0.813
285,0,B,31,73,254,0,1.261
285,1,L,252,121,42,0,1.261
285,2,U,255,255,255,0,1.261
285,3,D,255,236,52,0,1.261
285,4,U,254,253,255,0,1.261
285,5,B,29,84,255,0,1.261
285,6,U,255,250,255,0,1.261
285,7,U,253,255,255,0,1.261
285,8,F,22,174,96,0,1.261
285,9,D,255,230,55,0,1.261
285,10,L,255,139,39,0,1.261
285,11,B,47,67,244,0,1.261
285,12,B,22,67,243,0,1.261
285,13,R,228,37,61,0,1.261
285,14,U,255,255,255,0,1.261
285,15,B,36,91,239,0,1.261
285,16,L,255,127,27,0,1.261
285,17,F,19,166,84,0,1.261
285,18,R,219,33,44,0,1.261
285,19,B,29,74,255,0,1.261
285,20,L,255,195,112,1,1.261
285,21,F,99,235,173,1,1.261
285,22,F,14,174,103,0,1.261
285,23,D,255,233,62,0,1.261
285,24,R,216,38,50,0,1.261
285,25,D,255,248,48,0,1.261
285,26,R,206,26,43,0,1.261
285,27,U,255,255,255,0,1.261
285,28,L,250,117,39,0,1.261
285,29,D,255,237,63,0,1.261
285,30,U,255,255,255,0,1.261
285,31,D,255,244,58,0,1.261
285,32,U,255,255,255,0,1.261
285,33,D,255,251,61,0,1.261
285,34,D,255,247,52,0,1.261
285,35,U,255,254,255,0,1.261
285,36,L,255,111,19,0,1.261
285,37,R,206,37,55,0,1.261
285,38,F,27,165,87,0,1.261
285,39,B,42,75,245,0,1.261
285,40,L,255,114,40,0,1.261
285,41,R,217,36,61,0,1.261
285,42,R,205,27,51,0,1.261
285,43,F,20,167,78,0,1.261
285,44,B,20,70,255,0,1.261
285,45,L,255,131,38,0,1.261
285,46,F,32,164,85,0,1.261
285,47,D,255,246,38,0,1.261
285,48,R,223,42,54,0,1.261
285,49,B,43,84,255,0,1.261
285,50,R,217,40,47,0,1.261
285,51,L,255,107,28,0,1.261
285,52,F,29,161,73,0,1.261
285,53,F,37,145,93,0,1.261
286,0,B,22,79,189,0,1.018
286,1,R,164,27,19,0,1.018
286,2,F,6,165,80,0,1.018
286,3,B,26,71,191,0,1.018
286,4,U,221,255,240,0,1.018
286,5,L,223,121,12,0,1.018
286,6,R,171,30,36,0,1.018
286,7,D,225,235,34,0,1.018
286,8,B,30,78,179,0,1.018
286,9,U,220,252,233,0,1.018
286,10,F,35,151,65,0,1.018
286,11,U,215,255,239,0,1.018
286,12,R,191,33,34,0,1.018
286,13,R,191,41,42,0,1.018
286,14,R,185,25,46,0,1.018
286,15,R,180,34,31,0,1.018
286,16,F,28,184,52,0,1.018
286,17,F,36,167,69,0,1.018
286,18,U,214,255,230,0,1.018
286,19,R,172,29,48,0,1.018
286,20,L,227,106,14,0,1.018
286,21,L,213,100,18,0,1.018
286,22,F,18,169,74,0,1.018
286,23,B,22,84,163,0,1.018
286,24,R,170,27,43,0,1.018
286,25,D,220,245,37,0,1.018
286,26,F,23,151,74,0,1.018
286,27,B,13,90,186,0,1.018
286,28,B,39,84,174,0,1.018
286,29,D,219,228,33,0,1.018
286,30,U,217,255,223,0,1.018
286,31,D,215,240,38,0,1.018
286,32,U,215,255,230,0,1.018
286,33,U,255,255,255,1,1.018
286,34,D,228,235,29,0,1.018
286,35,L,218,136,25,0,1.018
286,36,L,217,111,20,0,1.018
286,37,L,214,112,29,0,1.018
286,38,B,19,66,175,0,1.018
286,39,B,22,54,198,0,1.018
286,40,L,224,121,17,0,1.018
286,41,D,214,230,53,0,1.018
286,42,F,27,171,73,0,1.018
286,43,L,208,106,22,0,1.018
286,44,D,211,237,38,0,1.018
286,45,L,217,117,17,0,1.018
286,46,U,221,248,230,0,1.018
286,47,D,209,226,34,0,1.018
286,48,F,32,177,65,0,1.018
286,49,B,32,78,198,0,1.018
286,50,U,204,254,233,0,1.018
286,51,D,231,229,32,0,1.018
286,52,F,22,157,53,0,1.018
286,53,R,163,27,45,0,1.018
287,0,L,192,95,24,0,0.757
287,1,R,148,36,23,0,0.757
287,2,R,147,25,17,0,0.757
287,3,B,21,73,153,0,0.757
287,4,U,195,193,188,0,0.757
287,5,R,145,20,14,0,0.757
287,6,U,198,208,191,0,0.757
287,7,L,191,95,25,0,0.757
287,8,F,27,137,51,0,0.757
287,9,U,188,207,191,0,0.757
287,10,D,199,186,39,0,0.757
287,11,D,188,180,31,0,0.757
287,12,F,20,137,53,0,0.757
287,13,R,158,30,40,0,0.757
287,14,F,39,127,46,0,0.757
287,15,R,147,25,41,0,0.757
287,16,R,147,28,31,0,0.757
287,17,D,183,171,23,0,0.757
287,18,F,17,131,49,0,0.757
287,19,B,34,57,150,0,0.757
287,20,R,144,26,35,0,0.757
287,21,D,200,183,33,0,0.757
287,22,F,20,136,45,0,0.757
287,23,L,178,84,15,0,0.757
287,24,D,202,185,39,0,0.757
287,25,F,26,126,64,0,0.757
287,26,B,12,60,151,0,0.757
287,27,L,181,90,23,0,0.757
287,28,R,157,36,24,0,0.757
287,29,U,185,204,189,0,0.757
287,30,D,199,169,37,0,0.757
287,31,D,192,182,39,0,0.757
287,32,U,186,188,185,0,0.757
287,33,L,179,109,5,0,0.757
287,34,L,192,83,25,0,0.757
287,35,R,216,82,98,1,0.757
287,36,B,26,72,167,0,0.757
287,37,U,206,201,194,0,0.757
287,38,L,191,93,15,0,0.757
287,39,D,191,183,24,0,0.757
287,40,L,184,86,23,0,0.757
287,41,L,189,96,22,0,0.757
287,42,B,26,49,149,0,0.757
287,43,B,20,74,141,0,0.757
287,44,F,19,113,62,0,0.757
287,45,B,17,60,154,0,0.757
287,46,B,21,65,161,0,0.757
287,47,U,197,188,179,0,0.757
287,48,U,189,200,194,0,0.757
287,49,B,12,58,148,0,0.757
287,50,F,24,123,67,0,0.757
287,51,F,22,125,54,0,0.757
287,52,U,200,195,180,0,0.757
287,53,D,196,184,30,0,0.757
288,0,U,255,255,245,1,0.824
288,1,D,223,161,28,0,0.824
288,2,U,187,193,182,0,0.824
288,3,U,206,173,191,0,0.824
288,4,U,219,180,160,0,0.824
288,5,U,204,172,172,0,0.824
288,6,F,32,112,54,0,0.824
288,7,R,165,30,36,0,0.824
288,8,L,200,83,18,0,0.824
288,9,D,190,172,24,0,0.824
288,10,L,195,74,17,0,0.824
288,11,L,193,88,13,0,0.824
288,12,L,204,83,21,0,0.824
288,13,R,151,24,19,0,0.824
288,14,F,22,101,48,0,0.824
288,15,L,199,90,20,0,0.824
288,16,F,26,120,41,0,0.824
288,17,F,18,94,54,0,0.824
288,18,D,216,154,29,0,0.824
288,19,B,21,47,135,0,0.824
288,20,B,29,50,143,0,0.824
288,21,D,198,158,40,0,0.824
288,22,F,13,115,50,0,0.824
288,23,B,21,74,135,0,0.824
288,24,R,162,14,31,0,0.824
288,25,R,143,14,20,0,0.824
288,26,U,204,175,183,0,0.824
288,27,B,0,54,132,0,0.824
288,28,U,255,255,246,1,0.824
288,29,B,24,47,135,0,0.824
288,30,B,24,46,139,0,0.824
288,31,D,207,167,23,0,0.824
288,32,L,199,80,12,0,0.824
288,33,D,208,165,35,0,0.824
288,34,R,176,23,41,0,0.824
288,35,R,162,20,36,0,0.824
288,36,B,22,51,148,0,0.824
288,37,F,18,116,54,0,0.824
288,38,L,194,83,15,0,0.824
288,39,B,9,51,131,0,0.824
288,40,L,186,84,14,0,0.824
288,41,L,198,83,25,0,0.824
288,42,R,171,29,31,0,0.824
288,43,U,204,167,178,0,0.824
288,44,D,255,236,95,1,0.824
288,45,F,26,124,38,0,0.824
288,46,R,163,14,14,0,0.824
288,47,R,160,25,30,0,0.824
288,48,D,202,167,35,0,0.824
288,49,B,12,43,140,0,0.824
288,50,D,211,174,24,0,0.824
288,51,U,194,191,181,0,0.824
288,52,F,23,114,49,0,0.824
288,53,F,15,137,44,0,0.824
289,0,B,6,40,124,0,0.57
289,1,L,124,52,23,0,0.57
289,2,D,126,133,19,0,0.57
289,3,R,104,28,30,0,0.57
289,4,U,135,137,149,0,0.57
289,5,D,130,122,33,0,0.57
289,6,D,131,115,15,0,0.57
289,7,U,134,141,140,0,0.57
289,8,F,19,85,38,0,0.57
289,9,L,130,71,31,0,0.57
289,10,F,26,91,35,0,0.57
289,11,L,129,66,30,0,0.57
289,12,R,109,13,18,0,0.57
289,13,R,110,29,26,0,0.57
289,14,F,4,85,40,0,0.57
289,15,F,9,78,31,0,0.57
289,16,R,110,7,29,0,0.57
289,17,U,116,124,136,0,0.57
289,18,R,106,29,19,0,0.57
289,19,B,0,57,123,0,0.57
289,20,U,136,128,151,0,0.57
289,21,D,120,137,22,0,0.57
289,22,F,8,79,47,0,0.57
289,23,D,191,188,92,1,0.57
289,24,L,193,127,98,1,0.57
289,25,L,134,73,0,0,0.57
289,26,D,114,114,24,0,0.57
289,27,F,13,96,39,0,0.57
289,28,U,143,137,157,0,0.57
289,29,R,96,7,26,0,0.57
289,30,B,17,42,121,0,0.57
289,31,D,134,128,22,0,0.57
289,32,F,23,84,39,0,0.57
289,33,U,124,125,145,0,0.57
289,34,U,119,136,142,0,0.57
289,35,R,104,29,32,0,0.57
289,36,U,128,148,134,0,0.57
289,37,U,132,151,136,0,0.57
289,38,B,19,34,114,0,0.57
289,39,B,14,42,115,0,0.57
289,40,L,114,61,21,0,0.57
289,41,B,13,43,101,0,0.57
289,42,F,7,101,52,0,0.57
289,43,R,102,7,23,0,0.57
289,44,D,138,126,31,0,0.57
289,45,B,3,44,121,0,0.57
289,46,D,124,121,35,0,0.57
289,47,L,124,63,13,0,0.57
289,48,L,126,55,12,0,0.57
289,49,B,26,39,124,0,0.57
289,50,L,128,64,21,0,0.57
289,51,B,20,48,113,0,0.57
289,52,F,14,94,36,0,0.57
289,53,R,118,5,16,0,0.57
290,0,B,25,76,194,0,1.16
290,1,D,255,218,37,0,1.16
290,2,U,255,243,255,0,1.16
290,3,L,255,116,21,0,1.16
290,4,U,255,246,251,0,1.16
290,5,U,255,255,255,1,1.16
290,6,F,22,158,61,0,1.16
290,7,B,38,86,192,0,1.16
290,8,F,37,145,71,0,1.16
290,9,R,253,32,47,0,1.16
290,10,R,251,34,41,0,1.16
290,11,B,12,60,200,0,1.16
290,12,R,253,31,53,0,1.16
290,13,R,248,27,38,0,1.16
290,14,R,255,37,59,0,1.16
290,15,L,255,125,21,0,1.16
290,16,F,44,152,71,0,1.16
290,17,R,251,33,42,0,1.16
290,18,U,255,235,245,0,1.16
290,19,D,255,227,36,0,1.16
290,20,D,255,220,29,0,1.16
290,21,B,25,56,204,0,1.16
290,22,F,34,151,69,0,1.16
290,23,B,34,86,191,0,1.16
290,24,B,33,71,210,0,1.16
290,25,F,25,156,73,0,1.16
290,26,D,255,220,38,0,1.16
290,27,D,255,215,52,0,1.16
290,28,L,255,103,27,0,1.16
290,29,F,24,146,74,0,1.16
290,30,F,38,169,68,0,1.16
290,31,D,255,215,50,0,1.16
290,32,D,255,255,113,1,1.16
290,33,L,255,112,28,0,1.16
290,34,B,37,66,201,0,1.16
290,35,B,13,68,200,0,1.16
290,36,L,255,126,32,0,1.16
290,37,U,255,247,255,0,1.16
290,38,R,252,38,51,0,1.16
290,39,D,255,218,43,0,1.16
290,40,L,255,111,37,0,1.16
290,41,L,255,112,24,0,1.16
290,42,F,36,153,60,0,1.16
290,43,U,255,230,237,0,1.16
290,44,R,255,31,47,0,1.16
290,45,L,255,102,26,0,1.16
290,46,L,255,132,15,0,1.16
290,47,D,255,219,32,0,1.16
290,48,F,40,152,60,0,1.16
290,49,B,14,70,213,0,1.16
290,50,R,255,19,51,0,1.16
290,51,U,255,245,254,0,1.16
290,52,U,255,236,255,0,1.16
290,53,U,255,239,234,0,1.16
291,0,U,126,129,144,0,0.542
291,1,F,20,78,34,0,0.542
291,2,U,134,122,127,0,0.542
291,3,D,114,106,21,0,0.542
291,4,U,125,122,139,0,0.542
291,5,L,109,61,13,0,0.542
291,6,U,113,125,129,0,0.542
291,7,B,0,37,108,0,0.542
291,8,F,11,83,31,0,0.542
291,9,D,130,112,27,0,0.542
291,10,U,118,142,118,0,0.542
291,11,F,25,80,37,0,0.542
291,12,R,111,10,11,0,0.542
291,13,R,111,32,43,0,0.542
291,14,R,108,0,27,0,0.542
291,15,D,137,115,29,0,0.542
291,16,D,208,188,92,1,0.542
291,17,R,92,11,28,0,0.542
291,18,B,24,49,109,0,0.542
291,19,U,119,128,122,0,0.542
291,20,L,132,50,21,0,0.542
291,21,U,133,118,134,0,0.542
291,22,F,19,76,38,0,0.542
291,23,F,14,65,33,0,0.542
291,24,F,34,83,22,0,0.542
291,25,B,18,42,107,0,0.542
291,26,L,133,67,31,0,0.542
291,27,L,139,60,1,0,0.542
291,28,L,114,64,17,0,0.542
291,29,B,14,49,97,0,0.542
291,30,U,188,187,202,1,0.542
291,31,D,121,113,20,0,0.542
291,32,F,13,77,24,0,0.542
291,33,D,135,120,9,0,0.542
291,34,B,10,41,107,0,0.542
291,35,F,2,79,31,0,0.542
291,36,L,137,64,26,0,0.542
291,37,L,121,63,9,0,0.542
291,38,R,108,15,15,0,0.542
291,39,B,9,36,112,0,0.542
291,40,L,116,78,18,0,0.542
291,41,F,16,81,33,0,0.542
291,42,B,14,48,94,0,0.542
291,43,R,106,24,33,0,0.542
291,44,U,114,126,116,0,0.542
291,45,R,99,17,23,0,0.542
291,46,L,125,63,22,0,0.542
291,47,B,16,31,102,0,0.542
291,48,D,133,118,24,0,0.542
291,49,B,4,33,107,0,0.542
291,50,R,92,14,19,0,0.542
291,51,D,137,121,15,0,0.542
291,52,D,141,125,19,0,0.542
291,53,R,101,12,17,0,0.542
292,0,D,230,181,97,1,0.638
292,1,D,185,123,31,0,0.638
292,2,D,166,133,24,0,0.638
292,3,U,172,149,154,0,0.638
292,4,U,174,155,141,0,0.638
292,5,B,14,53,113,0,0.638
292,6,F,27,94,51,0,0.638
292,7,R,138,19,27,0,0.638
292,8,L,155,72,18,0,0.638
292,9,B,97,118,183,1,0.638
292,10,U,168,149,150,0,0.638
292,11,L,176,69,18,0,0.638
292,12,U,157,151,159,0,0.638
292,13,R,131,12,24,0,0.638
292,14,R,151,34,28,0,0.638
292,15,F,11,87,32,0,0.638
292,16,B,11,48,123,0,0.638
292,17,B,15,47,125,0,0.638
292,18,L,182,62,30,0,0.638
292,19,F,28,88,47,0,0.638
292,20,U,165,155,153,0,0.638
292,21,B,16,54,124,0,0.638
292,22,F,13,93,51,0,0.638
292,23,R,209,86,95,1,0.638
292,24,B,25,56,117,0,0.638
292,25,F,24,100,51,0,0.638
292,26,D,184,125,27,0,0.638
292,27,D,175,138,35,0,0.638
292,28,L,175,62,8,0,0.638
292,29,R,137,24,15,0,0.638
292,30,L,166,71,18,0,0.638
292,31,D,180,125,29,0,0.638
292,32,R,135,36,13,0,0.638
292,33,F,28,81,46,0,0.638
292,34,B,20,34,115,0,0.638
292,35,U,170,152,152,0,0.638
292,36,L,159,65,30,0,0.638
292,37,F,17,76,36,0,0.638
292,38,U,157,134,158,0,0.638
292,39,U,163,140,150,0,0.638
292,40,L,165,64,4,0,0.638
292,41,D,165,137,30,0,0.638
292,42,R,131,9,19,0,0.638
292,43,D,175,128,25,0,0.638
292,44,R,143,9,19,0,0.638
292,45,B,12,55,118,0,0.638
292,46,F,16,80,48,0,0.638
292,47,F,90,163,110,1,0.638
292,48,D,157,135,35,0,0.638
292,49,B,15,44,126,0,0.638
292,50,L,162,69,27,0,0.638
292,51,R,126,34,34,0,0.638
292,52,L,156,57,20,0,0.638
292,53,U,169,139,160,0,0.638
293,0,B,35,71,172,0,0.981
293,1,D,245,210,28,0,0.981
293,2,F,29,139,70,0,0.981
293,3,L,239,86,21,0,0.981
293,4,U,252,217,225,0,0.981
293,5,R,201,34,34,0,0.981
293,6,L,237,98,27,0,0.981
293,7,L,255,102,23,0,0.981
293,8,B,37,59,178,0,0.981
293,9,D,248,184,21,0,0.981
293,10,B,29,55,178,0,0.981
293,11,L,244,109,26,0,0.981
293,12,L,240,87,21,0,0.981
293,13,R,197,35,47,0,0.981
293,14,D,255,190,32,0,0.981
293,15,R,189,30,29,0,0.981
293,16,U,241,216,232,0,0.981
293,17,F,27,126,67,0,0.981
293,18,D,251,198,37,0,0.981
293,19,D,245,183,28,0,0.981
293,20,R,197,27,37,0,0.981
293,21,U,236,222,218,0,0.981
293,22,F,31,131,64,0,0.981
293,23,F,27,128,70,0,0.981
293,24,F,27,135,63,0,0.981
293,25,U,236,231,226,0,0.981
293,26,U,238,229,220,0,0.981
293,27,R,202,46,43,0,0.981
293,28,F,30,137,51,0,0.981
293,29,F,33,144,65,0,0.981
293,30,U,236,215,240,0,0.981
293,31,D,250,187,42,0,0.981
293,32,L,237,85,29,0,0.981
293,33,U,236,196,232,0,0.981
293,34,F,26,136,70,0,0.981
293,35,U,240,212,233,0,0.981
293,36,U,249,203,223,0,0.981
293,37,B,104,148,255,1,0.981
293,38,B,28,49,195,0,0.981
293,39,F,29,129,68,0,0.981
293,40,L,239,97,25,0,0.981
293,41,B,31,78,186,0,0.981
293,42,R,190,30,34,0,0.981
293,43,R,188,19,35,0,0.981
293,44,D,231,193,34,0,0.981
293,45,D,255,182,37,0,0.981
293,46,B,16,62,182,0,0.981
293,47,L,249,101,28,0,0.981
293,48,R,190,25,33,0,0.981
293,49,B,20,55,180,0,0.981
293,50,D,245,179,41,0,0.981
293,51,L,239,97,36,0,0.981
293,52,R,221,11,34,0,0.981
293,53,B,93,125,255,1,0.981
294,0,U,199,184,211,0,0.77
294,1,R,168,26,37,0,0.77
294,2,B,18,57,174,0,0.77
294,3,B,19,55,169,0,0.77
294,4,U,202,170,208,0,0.77
294,5,D,206,155,35,0,0.77
294,6,B,23,40,183,0,0.77
294,7,R,165,33,34,0,0.77
294,8,U,202,174,205,0,0.77
294,9,R,161,28,48,0,0.77
294,10,L,255,153,102,1,0.77
294,11,L,199,75,34,0,0.77
294,12,B,35,61,170,0,0.77
294,13,R,163,21,42,0,0.77
294,14,U,208,172,218,0,0.77
294,15,B,19,57,167,0,0.77
294,16,R,165,25,48,0,0.77
294,17,R,158,27,44,0,0.77
294,18,D,215,154,48,0,0.77
294,19,D,214,173,31,0,0.77
294,20,F,7,117,61,0,0.77
294,21,L,187,83,20,0,0.77
294,22,F,21,126,44,0,0.77
294,23,R,160,18,42,0,0.77
294,24,U,213,195,206,0,0.77
294,25,D,223,169,55,0,0.77
294,26,D,196,159,34,0,0.77
294,27,F,18,100,58,0,0.77
294,28,F,4,110,60,0,0.77
294,29,L,190,85,19,0,0.77
294,30,U,195,187,199,0,0.77
294,31,D,213,155,39,0,0.77
294,32,F,18,117,49,0,0.77
294,33,L,197,82,22,0,0.77
294,34,F,20,130,59,0,0.77
294,35,F,11,125,64,0,0.77
294,36,B,78,137,238,1,0.77
294,37,D,207,163,33,0,0.77
294,38,R,162,26,46,0,0.77
294,39,U,207,186,207,0,0.77
294,40,L,192,81,30,0,0.77
294,41,B,25,49,168,0,0.77
294,42,D,217,171,39,0,0.77
294,43,F,33,117,48,0,0.77
294,44,L,199,83,28,0,0.77
294,45,U,199,180,207,0,0.77
294,46,U,195,174,196,0,0.77
294,47,R,167,24,34,0,0.77
294,48,B,25,57,150,0,0.77
294,49,B,19,39,181,0,0.77
294,50,L,192,95,17,0,0.77
294,51,D,201,158,20,0,0.77
294,52,L,211,72,19,0,0.77
294,53,F,17,115,67,0,0.77
295,0,L,131,84,15,0,0.723
295,1,L,147,82,15,0,0.723
295,2,U,156,179,190,0,0.723
295,3,F,15,110,57,0,0.723
295,4,U,147,175,187,0,0.723
295,5,D,133,155,34,0,0.723
295,6,D,150,157,45,0,0.723
295,7,B,24,48,162,0,0.723
295,8,R,108,26,32,0,0.723
295,9,F,1,123,39,0,0.723
295,10,B,18,52,163,0,0.723
295,11,B,23,55,131,0,0.723
295,12,F,77,204,129,1,0.723
295,13,R,110,32,43,0,0.723
295,14,R,117,27,40,0,0.723
295,15,D,164,157,35,0,0.723
295,16,D,137,169,30,0,0.723
295,17,R,99,30,41,0,0.723
295,18,R,133,25,19,0,0.723
295,19,U,134,189,192,0,0.723
295,20,U,136,176,188,0,0.723
295,21,B,26,60,147,0,0.723
295,22,F,19,122,49,0,0.723
295,23,L,145,75,26,0,0.723
295,24,L,134,81,20,0,0.723
295,25,L,143,87,21,0,0.723
295,26,R,123,32,42,0,0.723
295,27,D,169,159,43,0,0.723
295,28,B,10,48,150,0,0.723
295,29,F,20,109,50,0,0.723
295,30,R,116,22,49,0,0.723
295,31,D,149,160,33,0,0.723
295,32,R,111,16,33,0,0.723
295,33,L,150,80,16,0,0.723
295,34,U,153,165,181,0,0.723
295,35,B,16,69,152,0,0.723
295,36,U,228,247,245,1,0.723
295,37,D,161,170,28,0,0.723
295,38,B,12,64,156,0,0.723
295,39,L,154,90,18,0,0.723
295,40,L,144,90,38,0,0.723
295,41,R,120,12,35,0,0.723
295,42,D,138,163,36,0,0.723
295,43,U,142,174,187,0,0.723
295,44,B,19,58,155,0,0.723
295,45,L,143,70,4,0,0.723
295,46,D,146,169,18,0,0.723
295,47,F,17,116,59,0,0.723
295,48,F,23,114,66,0,0.723
295,49,B,17,43,153,0,0.723
295,50,U,146,186,193,0,0.723
295,51,U,148,169,189,0,0.723
295,52,F,20,99,59,0,0.723
295,53,F,21,109,57,0,0.723
296,0,L,210,91,26,0,0.799
296,1,D,202,162,20,0,0.799
296,2,R,149,29,31,0,0.799
296,3,D,196,171,32,0,0.799
296,4,U,200,152,165,0,0.799
296,5,B,18,61,134,0,0.799
296,6,F,16,121,53,0,0.799
296,7,F,32,123,34,0,0.799
296,8,D,205,170,16,0,0.799
296,9,R,157,15,32,0,0.799
296,10,U,194,190,171,0,0.799
296,11,B,31,53,140,0,0.799
296,12,R,156,18,31,0,0.799
296,13,R,165,29,33,0,0.799
296,14,F,24,98,59,0,0.799
296,15,U,196,189,159,0,0.799
296,16,F,28,123,43,0,0.799
296,17,L,199,75,14,0,0.799
296,18,R,233,87,89,1,0.799
296,19,R,146,19,29,0,0.799
296,20,B,34,46,123,0,0.799
296,21,F,91,185,128,1,0.799
296,22,F,30,117,49,0,0.799
296,23,U,203,186,177,0,0.799
296,24,L,182,82,24,0,0.799
296,25,L,193,72,23,0,0.799
296,26,F,13,110,48,0,0.799
296,27,B,32,44,141,0,0.799
296,28,U,202,174,170,0,0.799
296,29,R,160,21,45,0,0.799
296,30,R,167,25,37,0,0.799
296,31,D,192,177,31,0,0.799
296,32,U,204,174,174,0,0.799
296,33,D,203,159,16,0,0.799
296,34,L,213,79,14,0,0.799
296,35,B,25,58,147,0,0.799
296,36,U,198,171,164,0,0.799
296,37,B,15,48,127,0,0.799
296,38,D,210,173,33,0,0.799
296,39,D,255,220,107,1,0.799
296,40,L,191,91,10,0,0.799
296,41,L,200,105,22,0,0.799
296,42,F,18,131,43,0,0.799
296,43,B,86,128,216,1,0.799
296,44,U,208,194,177,0,0.799
296,45,U,213,183,164,0,0.799
296,46,L,197,84,13,0,0.799
296,47,F,19,102,31,0,0.799
296,48,D,228,178,29,0,0.799
296,49,B,29,60,134,0,0.799
296,50,R,154,32,33,0,0.799
296,51,D,198,171,27,0,0.799
296,52,B,39,35,139,0,0.799
296,53,L,195,85,3,0,0.799
297,0,R,200,36,31,0,1.183
297,1,R,201,38,35,0,1.183
297,2,F,35,183,72,0,1.183
297,3,L,254,125,28,0,1.183
297,4,U,251,255,255,0,1.183
297,5,B,31,79,221,0,1.183
297,6,D,248,255,36,0,1.183
297,7,U,250,255,255,0,1.183
297,8,B,28,84,209,0,1.183
297,9,U,255,255,255,1,1.183
297,10,D,242,255,36,0,1.183
297,11,L,246,146,27,0,1.183
297,12,F,39,172,73,0,1.183
297,13,R,207,29,42,0,1.183
297,14,F,25,183,66,0,1.183
297,15,R,228,25,46,0,1.183
297,16,L,238,137,28,0,1.183
297,17,R,200,34,44,0,1.183
297,18,B,23,86,206,0,1.183
297,19,F,26,195,79,0,1.183
297,20,L,228,132,15,0,1.183
297,21,U,255,255,255,0,1.183
297,22,F,25,178,79,0,1.183
297,23,D,229,255,51,0,1.183
297,24,L,244,124,18,0,1.183
297,25,F,25,168,70,0,1.183
297,26,D,255,255,34,0,1.183
297,27,U,255,255,255,0,1.183
297,28,L,247,123,27,0,1.183
297,29,B,29,98,213,0,1.183
297,30,L,232,144,20,0,1.183
297,31,D,249,255,50,0,1.183
297,32,U,240,255,255,0,1.183
297,33,F,27,187,75,0,1.183
297,34,U,245,255,255,0,1.183
297,35,B,35,92,203,0,1.183
297,36,F,28,183,70,0,1.183
297,37,D,255,255,37,0,1.183
297,38,L,255,133,40,0,1.183
297,39,R,201,44,44,0,1.183
297,40,L,235,135,27,0,1.183
297,41,B,24,71,211,0,1.183
297,42,D,247,255,50,0,1.183
297,43,B,33,79,202,0,1.183
297,44,F,30,190,76,0,1.183
297,45,D,249,255,45,0,1.183
297,46,B,22,78,215,0,1.183
297,47,U,242,255,255,0,1.183
297,48,R,195,44,53,0,1.183
297,49,B,26,78,197,0,1.183
297,50,D,242,255,40,0,1.183
297,51,U,250,255,255,0,1.183
297,52,R,206,36,59,0,1.183
297,53,R,196,40,36,0,1.183
298,0,F,20,118,53,0,0.679
298,1,B,19,65,155,0,0.679
298,2,F,13,106,47,0,0.679
298,3,F,13,123,41,0,0.679
298,4,U,133,181,173,0,0.679
298,5,F,13,108,61,0,0.679
298,6,B,17,47,149,0,0.679
298,7,B,19,61,142,0,0.679
298,8,R,115,15,34,0,0.679
298,9,U,131,180,187,0,0.679
298,10,D,151,151,31,0,0.679
298,11,R,115,23,35,0,0.679
298,12,U,154,183,189,0,0.679
298,13,R,105,32,40,0,0.679
298,14,L,133,79,5,0,0.679
298,15,B,14,55,159,0,0.679
298,16,R,109,19,28,0,0.679
298,17,D,152,162,30,0,0.679
298,18,U,133,183,175,0,0.679
298,19,R,108,21,28,0,0.679
298,20,B,16,60,154,0,0.679
298,21,B,34,55,149,0,0.679
298,22,F,26,108,51,0,0.679
298,23,B,16,69,151,0,0.679
298,24,D,136,145,32,0,0.679
298,25,R,103,15,21,0,0.679
298,26,R,112,18,44,0,0.679
298,27,B,14,59,129,0,0.679
298,28,U,220,240,247,1,0.679
298,29,D,142,170,27,0,0.679
298,30,F,21,113,52,0,0.679
298,31,D,156,177,25,0,0.679
298,32,F,16,117,46,0,0.679
298,33,F,32,110,48,0,0.679
298,34,D,147,170,24,0,0.679
298,35,R,104,24,38,0,0.679
298,36,D,206,231,94,1,0.679
298,37,L,133,82,10,0,0.679
298,38,L,141,90,19,0,0.679
298,39,L,148,89,16,0,0.679
298,40,L,136,84,17,0,0.679
298,41,D,209,222,113,1,0.679
298,42,U,147,198,179,0,0.679
298,43,U,146,183,159,0,0.679
298,44,L,138,95,21,0,0.679
298,45,U,148,180,182,0,0.679
298,46,L,138,80,6,0,0.679
298,47,L,127,93,13,0,0.679
298,48,D,139,167,37,0,0.679
298,49,B,17,59,147,0,0.679
298,50,U,204,255,255,1,0.679
298,51,F,7,109,39,0,0.679
298,52,R,117,19,12,0,0.679
298,53,L,156,89,19,0,0.679
299,0,R,160,23,46,0,0.931
299,1,R,145,32,29,0,0.931
299,2,U,255,255,255,1,0.931
299,3,L,193,88,24,0,0.931
299,4,U,182,186,232,0,0.931
299,5,R,154,20,34,0,0.931
299,6,U,193,174,245,0,0.931
299,7,B,86,129,255,1,0.931
299,8,D,208,166,27,0,0.931
299,9,B,16,41,176,0,0.931
299,10,U,170,192,229,0,0.931
299,11,L,185,93,28,0,0.931
299,12,D,179,176,34,0,0.931
299,13,R,140,20,29,0,0.931
299,14,F,13,105,57,0,0.931
299,15,U,184,182,237,0,0.931
299,16,B,16,52,193,0,0.931
299,17,F,25,121,63,0,0.931
299,18,B,13,44,188,0,0.931
299,19,L,194,97,43,0,0.931
299,20,L,186,89,26,0,0.931
299,21,F,23,109,57,0,0.931
299,22,F,20,115,70,0,0.931
299,23,B,80,139,245,1,0.931
299,24,D,189,155,41,0,0.931
299,25,L,191,89,16,0,0.931
299,26,B,27,53,177,0,0.931
299,27,F,22,124,72,0,0.931
299,28,D,189,165,37,0,0.931
299,29,L,177,91,20,0,0.931
299,30,F,17,120,69,0,0.931
299,31,D,200,175,30,0,0.931
299,32,R,160,41,40,0,0.931
299,33,F,18,109,61,0,0.931
299,34,B,10,65,172,0,0.931
299,35,R,145,28,30,0,0.931
299,36,B,13,68,169,0,0.931
299,37,F,14,136,70,0,0.931
299,38,R,137,17,26,0,0.931
299,39,U,190,181,226,0,0.931
299,40,L,175,94,0,0,0.931
299,41,D,176,174,27,0,0.931
299,42,L,194,86,31,0,0.931
299,43,R,150,25,37,0,0.931
299,44,R,153,10,26,0,0.931
299,45,F,25,128,64,0,0.931
299,46,D,181,167,46,0,0.931
299,47,D,194,161,51,0,0.931
299,48,U,172,181,212,0,0.931
299,49,B,22,72,185,0,0.931
299,50,L,182,84,23,0,0.931
299,51,U,189,192,231,0,0.931
299,52,U,196,173,227,0,0.931
299,53,D,191,169,52,0,0.931
300,0,R,111,7,20,0,0.512
300,1,L,146,76,14,0,0.512
300,2,B,21,43,99,0,0.512
300,3,R,96,23,12,0,0.512
300,4,U,144,140,125,0,0.512
300,5,R,124,19,32,0,0.512
300,6,R,106,16,41,0,0.512
300,7,L,145,52,19,0,0.512
300,8,B,13,47,90,0,0.512
300,9,U,143,139,125,0,0.512
300,10,F,6,86,46,0,0.512
300,11,U,149,130,124,0,0.512
300,12,U,150,144,120,0,0.512
300,13,R,119,16,21,0,0.512
300,14,F,8,92,38,0,0.512
300,15,D,218,198,90,1,0.512
300,16,R,104,11,25,0,0.512
300,17,R,108,20,9,0,0.512
300,18,F,14,86,31,0,0.512
300,19,B,11,34,87,0,0.512
300,20,L,153,61,18,0,0.512
300,21,D,156,122,28,0,0.512
300,22,F,31,94,32,0,0.512
300,23,F,8,84,44,0,0.512
300,24,U,164,130,124,0,0.512
300,25,R,122,13,32,0,0.512
300,26,F,26,84,38,0,0.512
300,27,F,22,76,32,0,0.512
300,28,B,9,32,111,0,0.512
300,29,L,205,133,88,1,0.512
300,30,F,22,86,35,0,0.512
300,31,D,150,123,26,0,0.512
300,32,U,137,141,126,0,0.512
300,33,B,24,42,101,0,0.512
300,34,U,127,122,141,0,0.512
300,35,D,149,111,35,0,0.512
300,36,D,131,126,30,0,0.512
300,37,D,157,138,24,0,0.512
300,38,U,138,133,117,0,0.512
300,39,U,131,125,128,0,0.512
300,40,L,138,56,26,0,0.512
300,41,B,0,43,99,0,0.512
300,42,D,137,106,25,0,0.512
300,43,D,145,117,30,0,0.512
300,44,L,135,69,9,0,0.512
300,45,R,108,15,25,0,0.512
300,46,D,139,136,24,0,0.512
300,47,F,11,79,21,0,0.512
300,48,L,149,77,17,0,0.512
300,49,B,17,33,106,0,0.512
300,50,L,135,69,8,0,0.512
300,51,B,37,44,98,0,0.512
300,52,B,21,37,93,0,0.512
300,53,L,138,60,24,0,0.512
301,0,L,255,153,35,0,1.186
301,1,L,255,153,37,0,1.186
301,2,D,255,255,59,0,1.186
301,3,U,248,255,255,0,1.186
301,4,U,255,255,255,0,1.186
301,5,R,208,44,52,0,1.186
301,6,F,17,202,92,0,1.186
301,7,D,255,255,59,0,1.186
301,8,U,255,255,255,0,1.186
301,9,F,19,189,77,0,1.186
301,10,D,255,255,58,0,1.186
301,11,L,255,135,27,0,1.186
301,12,B,13,99,238,0,1.186
301,13,R,216,37,41,0,1.186
301,14,L,254,148,36,0,1.186
301,15,D,255,255,55,0,1.186
301,16,B,44,74,228,0,1.186
301,17,B,98,166,255,1,1.186
301,18,U,255,255,255,0,1.186
301,19,F,28,185,81,0,1.186
301,20,L,255,139,23,0,1.186
301,21,U,255,255,255,0,1.186
301,22,F,39,198,87,0,1.186
301,23,D,246,255,41,0,1.186
301,24,R,204,32,49,0,1.186
301,25,L,255,153,29,0,1.186
301,26,R,208,53,38,0,1.186
301,27,B,34,94,237,0,1.186
301,28,F,31,194,88,0,1.186
301,29,F,25,196,65,0,1.186
301,30,U,255,255,255,0,1.186
301,31,D,255,255,53,0,1.186
301,32,R,211,38,58,0,1.186
301,33,U,249,255,255,0,1.186
301,34,F,32,197,68,0,1.186
301,35,U,255,255,255,0,1.186
301,36,F,26,193,76,0,1.186
301,37,B,18,85,230,0,1.186
301,38,R,204,41,58,0,1.186
301,39,B,27,84,220,0,1.186
301,40,L,255,139,22,0,1.186
301,41,F,26,194,82,0,1.186
301,42,B,15,92,231,0,1.186
301,43,R,205,40,45,0,1.186
301,44,D,255,255,55,0,1.186
301,45,B,26,100,232,0,1.186
301,46,U,248,255,255,0,1.186
301,47,D,255,255,54,0,1.186
301,48,D,255,255,51,0,1.186
301,49,B,17,94,233,0,1.186
301,50,L,255,146,13,0,1.186
301,51,R,193,23,59,0,1.186
301,52,R,201,38,62,0,1.186
301,53,L,243,132,29,0,1.186
302,0,F,20,96,34,0,0.594
302,1,U,154,125,151,0,0.594
302,2,R,117,13,33,0,0.594
302,3,F,20,73,46,0,0.594
302,4,U,158,131,151,0,0.594
302,5,B,24,34,135,0,0.594
302,6,D,146,122,21,0,0.594
302,7,L,150,64,5,0,0.594
302,8,L,149,64,12,0,0.594
302,9,D,145,125,26,0,0.594
302,10,L,135,67,30,0,0.594
302,11,U,150,138,141,0,0.594
302,12,L,155,66,17,0,0.594
302,13,R,117,24,32,0,0.594
302,14,D,229,187,106,1,0.594
302,15,R,126,33,17,0,0.594
302,16,R,121,16,31,0,0.594
302,17,B,20,37,123,0,0.594
302,18,L,135,72,16,0,0.594
302,19,U,147,133,151,0,0.594
302,20,B,18,37,122,0,0.594
302,21,L,138,66,23,0,0.594
302,22,F,15,80,42,0,0.594
302,23,D,163,121,22,0,0.594
302,24,R,121,25,30,0,0.594
302,25,B,15,32,131,0,0.594
302,26,B,19,25,137,0,0.594
302,27,B,25,46,129,0,0.594
302,28,U,145,144,162,0,0.594
302,29,U,162,133,149,0,0.594
302,30,D,170,126,12,0,0.594
302,31,D,147,125,34,0,0.594
302,32,B,7,38,118,0,0.594
302,33,L,149,56,23,0,0.594
302,34,F,10,85,47,0,0.594
302,35,L,146,64,13,0,0.594
302,36,R,134,11,29,0,0.594
302,37,U,146,131,142,0,0.594
302,38,F,16,84,44,0,0.594
302,39,R,121,11,22,0,0.594
302,40,L,138,67,23,0,0.594
302,41,F,14,82,59,0,0.594
302,42,F,83,164,106,1,0.594
302,43,F,14,78,42,0,0.594
302,44,D,149,125,28,0,0.594
302,45,F,8,102,36,0,0.594
302,46,R,124,25,31,0,0.594
302,47,D,148,119,23,0,0.594
302,48,B,0,47,136,0,0.594
302,49,B,25,56,118,0,0.594
302,50,D,153,125,31,0,0.594
302,51,U,147,119,157,0,0.594
302,52,R,135,7,11,0,0.594
302,53,U,153,126,155,0,0.594
303,0,D,255,233,31,0,1.025
303,1,F,29,161,68,0,1.025
303,2,D,255,255,115,1,1.025
303,3,D,255,222,34,0,1.025
303,4,U,255,255,231,0,1.025
303,5,U,255,255,241,0,1.025
303,6,L,255,120,24,0,1.025
303,7,F,43,156,68,0,1.025
303,8,F,12,177,69,0,1.025
303,9,U,255,252,228,0,1.025
303,10,B,32,78,193,0,1.025
303,11,F,25,163,60,0,1.025
303,12,B,18,73,175,0,1.025
303,13,R,216,34,46,0,1.025
303,14,L,255,104,31,0,1.025
303,15,D,255,229,30,0,1.025
303,16,R,221,28,40,0,1.025
303,17,B,18,79,187,0,1.025
303,18,U,255,255,216,0,1.025
303,19,L,249,124,27,0,1.025
303,20,R,198,33,48,0,1.025
303,21,L,255,112,29,0,1.025
303,22,F,36,162,54,0,1.025
303,23,L,255,129,23,0,1.025
303,24,U,255,255,239,0,1.025
303,25,F,35,166,57,0,1.025
303,26,B,25,85,191,0,1.025
303,27,L,255,188,106,1,1.025
303,28,R,216,36,36,0,1.025
303,29,R,195,37,22,0,1.025
303,30,B,37,90,198,0,1.025
303,31,D,255,242,35,0,1.025
303,32,D,255,236,43,0,1.025
303,33,D,255,241,45,0,1.025
303,34,R,201,36,47,0,1.025
303,35,U,255,255,231,0,1.025
303,36,F,42,170,80,0,1.025
303,37,B,33,88,178,0,1.025
303,38,F,21,170,72,0,1.025
303,39,D,255,225,52,0,1.025
303,40,L,253,131,42,0,1.025
303,41,U,255,252,235,0,1.025
303,42,L,255,111,28,0,1.025
303,43,R,201,22,30,0,1.025
303,44,B,25,67,192,0,1.025
303,45,L,251,113,12,0,1.025
303,46,U,255,254,236,0,1.025
303,47,R,216,34,38,0,1.025
303,48,D,255,229,45,0,1.025
303,49,B,27,62,185,0,1.025
303,50,F,37,170,68,0,1.025
303,51,R,218,19,37,0,1.025
303,52,U,255,255,243,0,1.025
303,53,B,25,66,187,0,1.025
304,0,F,28,211,83,0,1.296
304,1,B,43,104,220,0,1.296
304,2,R,255,45,50,0,1.296
304,3,R,241,54,47,0,1.296
304,4,U,255,255,255,0,1.296
304,5,D,255,255,28,0,1.296
304,6,F,21,192,78,0,1.296
304,7,D,255,255,117,1,1.296
304,8,B,26,95,227,0,1.296
304,9,R,255,34,38,0,1.296
304,10,F,25,195,61,0,1.296
304,11,F,45,201,83,0,1.296
304,12,R,246,42,60,0,1.296
304,13,R,251,47,50,0,1.296
304,14,U,255,255,248,0,1.296
304,15,L,255,138,17,0,1.296
304,16,F,29,186,77,0,1.296
304,17,U,255,255,255,0,1.296
304,18,D,255,255,53,0,1.296
304,19,B,31,82,220,0,1.296
304,20,U,255,255,255,0,1.296
304,21,R,238,30,23,0,1.296
304,22,F,44,194,68,0,1.296
304,23,D,255,255,43,0,1.296
304,24,B,26,88,220,0,1.296
304,25,L,255,138,29,0,1.296
304,26,U,255,255,255,0,1.296
304,27,D,255,255,46,0,1.296
304,28,U,255,255,255,0,1.296
304,29,B,35,89,220,0,1.296
304,30,F,29,182,89,0,1.296
304,31,D,255,255,59,0,1.296
304,32,R,255,32,51,0,1.296
304,33,L,255,137,27,0,1.296
304,34,D,255,255,48,0,1.296
304,35,F,32,183,70,0,1.296
304,36,L,255,140,27,0,1.296
304,37,B,29,90,209,0,1.296
304,38,L,255,130,43,0,1.296
304,39,B,36,85,218,0,1.296
304,40,L,255,158,36,0,1.296
304,41,U,255,255,255,1,1.296
304,42,B,35,77,207,0,1.296
304,43,L,255,145,21,0,1.296
304,44,R,239,24,41,0,1.296
304,45,D,255,255,59,0,1.296
304,46,U,255,255,251,0,1.296
304,47,U,255,255,255,0,1.296
304,48,F,23,189,73,0,1.296
304,49,B,41,92,216,0,1.296
304,50,L,255,148,31,0,1.296
304,51,R,240,25,63,0,1.296
304,52,L,255,144,22,0,1.296
304,53,D,255,255,129,1,1.296
305,0,F,20,90,47,0,0.634
305,1,U,145,154,136,0,0.634
305,2,F,16,95,41,0,0.634
305,3,B,31,53,99,0,0.634
305,4,U,152,141,117,0,0.634
305,5,D,153,127,13,0,0.634
305,6,B,21,46,105,0,0.634
305,7,L,159,74,15,0,0.634
305,8,L,159,57,14,0,0.634
305,9,D,156,142,21,0,0.634
305,10,R,116,29,18,0,0.634
305,11,L,160,74,19,0,0.634
305,12,B,24,37,93,0,0.634
305,13,R,124,4,30,0,0.634
305,14,U,157,145,119,0,0.634
305,15,D,145,146,26,0,0.634
305,16,L,147,62,24,0,0.634
305,17,R,127,17,25,0,0.634
305,18,D,159,125,34,0,0.634
305,19,F,24,95,20,0,0.634
305,20,B,22,40,107,0,0.634
305,21,L,158,58,17,0,0.634
305,22,F,14,87,41,0,0.634
305,23,R,123,29,26,0,0.634
305,24,U,145,148,120,0,0.634
305,25,R,128,19,31,0,0.634
305,26,R,123,9,18,0,0.634
305,27,L,148,51,6,0,0.634
305,28,F,26,82,39,0,0.634
305,29,F,11,98,36,0,0.634
305,30,F,14,81,25,0,0.634
305,31,D,152,149,34,0,0.634
305,32,B,4,44,91,0,0.634
305,33,F,83,176,113,1,0.634
305,34,B,19,29,96,0,0.634
305,35,B,8,61,102,0,0.634
305,36,U,165,150,126,0,0.634
305,37,U,150,159,126,0,0.634
305,38,R,129,19,15,0,0.634
305,39,D,163,127,23,0,0.634
305,40,L,147,53,22,0,0.634
305,41,D,165,135,8,0,0.634
305,42,U,145,149,115,0,0.634
305,43,U,178,139,123,0,0.634
305,44,B,27,51,108,0,0.634
305,45,D,164,142,23,0,0.634
305,46,L,152,68,16,0,0.634
305,47,R,129,28,27,0,0.634
305,48,R,133,16,17,0,0.634
305,49,B,11,42,92,0,0.634
305,50,F,11,97,31,0,0.634
305,51,U,146,137,120,0,0.634
305,52,D,150,147,33,0,0.634
305,53,L,169,66,6,0,0.634
306,0,F,12,99,47,0,0.646
306,1,D,164,163,21,0,0.646
306,2,B,19,28,132,0,0.646
306,3,B,17,51,131,0,0.646
306,4,U,166,171,168,0,0.646
306,5,U,178,168,174,0,0.646
306,6,L,177,88,22,0,0.646
306,7,U,171,181,178,0,0.646
306,8,F,14,109,59,0,0.646
306,9,U,170,162,169,0,0.646
306,10,R,141,26,30,0,0.646
306,11,U,165,169,158,0,0.646
306,12,D,174,160,23,0,0.646
306,13,R,129,17,26,0,0.646
306,14,D,184,158,33,0,0.646
306,15,R,135,23,28,0,0.646
306,16,R,121,31,34,0,0.646
306,17,L,171,85,27,0,0.646
306,18,F,15,116,67,0,0.646
306,19,B,31,54,123,0,0.646
306,20,R,115,19,34,0,0.646
306,21,L,164,84,23,0,0.646
306,22,F,26,121,50,0,0.646
306,23,R,132,21,23,0,0.646
306,24,L,190,89,25,0,0.646
306,25,F,8,100,49,0,0.646
306,26,D,176,163,41,0,0.646
306,27,D,176,156,29,0,0.646
306,28,U,174,182,179,0,0.646
306,29,B,24,69,132,0,0.646
306,30,D,174,152,28,0,0.646
306,31,D,185,148,29,0,0.646
306,32,B,17,54,141,0,0.646
306,33,L,161,77,13,0,0.646
306,34,F,10,109,42,0,0.646
306,35,F,14,102,36,0,0.646
306,36,R,125,13,21,0,0.646
306,37,L,155,71,32,0,0.646
306,38,D,160,161,52,0,0.646
306,39,F,28,115,44,0,0.646
306,40,L,184,80,19,0,0.646
306,41,U,154,174,172,0,0.646
306,42,U,223,244,241,1,0.646
306,43,F,21,100,44,0,0.646
306,44,B,29,57,125,0,0.646
306,45,R,137,8,34,0,0.646
306,46,B,28,70,132,0,0.646
306,47,D,170,156,22,0,0.646
306,48,L,159,85,13,0,0.646
306,49,B,17,47,131,0,0.646
306,50,L,158,77,26,0,0.646
306,51,U,177,187,154,0,0.646
306,52,R,125,29,34,0,0.646
306,53,B,12,57,136,0,0.646
307,0,F,14,154,87,0,1.139
307,1,R,198,33,39,0,1.139
307,2,F,33,150,96,0,1.139
307,3,B,28,73,242,0,1.139
307,4,U,235,237,255,0,1.139
307,5,R,201,29,35,0,1.139
307,6,U,248,241,255,0,1.139
307,7,F,18,151,81,0,1.139
307,8,R,197,20,48,0,1.139
307,9,D,246,211,63,0,1.139
307,10,B,20,57,238,0,1.139
307,11,R,190,33,63,0,1.139
307,12,U,244,243,255,0,1.139
307,13,R,204,29,52,0,1.139
307,14,D,245,213,60,0,1.139
307,15,L,241,113,31,0,1.139
307,16,L,241,110,16,0,1.139
307,17,U,246,237,255,0,1.139
307,18,B,24,71,239,0,1.139
307,19,U,244,240,255,0,1.139
307,20,F,27,163,92,0,1.139
307,21,D,245,215,65,0,1.139
307,22,F,31,148,92,0,1.139
307,23,L,246,105,28,0,1.139
307,24,D,247,199,49,0,1.139
307,25,R,190,27,49,0,1.139
307,26,U,247,233,255,0,1.139
307,27,B,27,72,243,0,1.139
307,28,F,22,149,87,0,1.139
307,29,B,29,57,242,0,1.139
307,30,F,22,136,84,0,1.139
307,31,D,255,206,47,0,1.139
307,32,B,34,65,245,0,1.139
307,33,R,198,29,56,0,1.139
307,34,F,98,209,160,1,1.139
307,35,L,245,120,37,0,1.139
307,36,D,245,223,50,0,1.139
307,37,U,240,234,255,0,1.139
307,38,R,194,30,46,0,1.139
307,39,U,238,248,255,0,1.139
307,40,L,253,111,22,0,1.139
307,41,L,255,164,96,1,1.139
307,42,D,255,193,56,0,1.139
307,43,L,244,99,27,0,1.139
307,44,L,254,104,33,0,1.139
307,45,U,236,230,255,0,1.139
307,46,D,254,203,57,0,1.139
307,47,L,252,105,37,0,1.139
307,48,B,19,74,249,0,1.139
307,49,B,25,76,254,0,1.139
307,50,R,255,99,129,1,1.139
307,51,F,25,168,65,0,1.139
307,52,D,255,225,52,0,1.139
307,53,B,12,75,247,0,1.139
308,0,R,206,35,32,0,0.957
308,1,U,247,197,187,0,0.957
308,2,D,250,177,34,0,0.957
308,3,D,255,185,34,0,0.957
308,4,U,243,208,209,0,0.957
308,5,R,209,13,20,0,0.957
308,6,L,251,78,26,0,0.957
308,7,F,29,128,54,0,0.957
308,8,U,247,182,177,0,0.957
308,9,L,255,96,6,0,0.957
308,10,F,29,119,58,0,0.957
308,11,F,30,137,43,0,0.957
308,12,U,244,203,188,0,0.957
308,13,R,209,34,31,0,0.957
308,14,U,248,198,182,0,0.957
308,15,F,11,125,43,0,0.957
308,16,R,199,32,41,0,0.957
308,17,U,255,196,194,0,0.957
308,18,D,248,169,9,0,0.957
308,19,L,255,85,15,0,0.957
308,20,B,16,53,152,0,0.957
308,21,D,246,177,29,0,0.957
308,22,F,23,106,45,0,0.957
308,23,F,34,117,37,0,0.957
308,24,F,15,132,59,0,0.957
308,25,R,200,30,27,0,0.957
308,26,D,255,177,27,0,0.957
308,27,L,244,90,9,0,0.957
308,28,D,255,178,19,0,0.957
308,29,R,189,8,23,0,0.957
308,30,B,27,42,145,0,0.957
308,31,D,251,172,30,0,0.957
308,32,B,20,69,148,0,0.957
308,33,U,254,181,194,0,0.957
308,34,B,39,60,137,0,0.957
308,35,F,32,126,47,0,0.957
308,36,B,33,63,150,0,0.957
308,37,F,31,123,57,0,0.957
308,38,B,27,42,156,0,0.957
308,39,R,191,14,43,0,0.957
308,40,L,248,87,0,0,0.957
308,41,L,245,92,15,0,0.957
308,42,R,194,25,27,0,0.957
308,43,D,246,164,23,0,0.957
308,44,U,249,201,187,0,0.957
308,45,L,240,88,8,0,0.957
308,46,B,20,52,156,0,0.957
308,47,D,255,177,27,0,0.957
308,48,L,255,89,14,0,0.957
308,49,B,27,51,159,0,0.957
308,50,U,243,191,204,0,0.957
308,51,R,210,30,30,0,0.957
308,52,L,243,86,26,0,0.957
308,53,B,33,59,162,0,0.957
309,0,U,160,199,159,0,0.779
309,1,L,160,84,14,0,0.779
309,2,D,172,199,27,0,0.779
309,3,D,187,169,40,0,0.779
309,4,U,164,198,178,0,0.779
309,5,F,24,122,37,0,0.779
309,6,U,162,192,182,0,0.779
309,7,U,165,189,182,0,0.779
309,8,R,130,25,30,0,0.779
309,9,B,24,43,139,0,0.779
309,10,D,185,161,28,0,0.779
309,11,R,134,18,24,0,0.779
309,12,R,129,39,31,0,0.779
309,13,R,141,19,18,0,0.779
309,14,F,25,128,41,0,0.779
309,15,U,160,203,181,0,0.779
309,16,B,17,62,156,0,0.779
309,17,B,25,66,149,0,0.779
309,18,B,17,51,157,0,0.779
309,19,F,0,117,51,0,0.779
309,20,D,167,175,30,0,0.779
309,21,D,174,180,41,0,0.779
309,22,F,34,127,51,0,0.779
309,23,F,20,118,45,0,0.779
309,24,L,170,96,27,0,0.779
309,25,B,14,61,145,0,0.779
309,26,F,34,131,58,0,0.779
309,27,F,79,184,119,1,0.779
309,28,U,174,180,179,0,0.779
309,29,R,140,29,42,0,0.779
309,30,U,158,183,180,0,0.779
309,31,D,169,179,36,0,0.779
309,32,L,155,104,32,0,0.779
309,33,B,6,53,150,0,0.779
309,34,B,15,61,136,0,0.779
309,35,L,180,79,18,0,0.779
309,36,F,20,111,51,0,0.779
309,37,B,20,63,131,0,0.779
309,38,R,148,18,24,0,0.779
309,39,R,133,30,28,0,0.779
309,40,L,167,94,17,0,0.779
309,41,R,132,19,27,0,0.779
309,42,D,174,185,31,0,0.779
309,43,L,178,96,30,0,0.779
309,44,D,175,173,13,0,0.779
309,45,F,16,126,54,0,0.779
309,46,D,160,169,23,0,0.779
309,47,L,165,96,23,0,0.779
309,48,L,179,78,6,0,0.779
309,49,B,18,51,142,0,0.779
309,50,U,169,198,185,0,0.779
309,51,U,165,194,180,0,0.779
309,52,R,148,27,17,0,0.779
309,53,L,172,87,8,0,0.779
310,0,D,248,161,34,0,0.883
310,1,B,21,54,160,0,0.883
310,2,D,244,182,48,0,0.883
310,3,F,21,123,65,0,0.883
310,4,U,242,186,196,0,0.883
310,5,D,238,160,28,0,0.883
310,6,L,240,81,29,0,0.883
310,7,U,228,189,188,0,0.883
310,8,R,182,20,47,0,0.883
310,9,U,244,170,207,0,0.883
310,10,L,255,141,106,1,0.883
310,11,B,23,47,166,0,0.883
310,12,U,245,169,201,0,0.883
310,13,R,183,13,32,0,0.883
310,14,B,26,50,149,0,0.883
310,15,F,25,126,51,0,0.883
310,16,F,35,111,56,0,0.883
310,17,L,255,147,104,1,0.883
310,18,B,29,56,158,0,0.883
310,19,F,27,122,65,0,0.883
310,20,B,28,57,155,0,0.883
310,21,R,182,28,22,0,0.883
310,22,F,33,117,46,0,0.883
310,23,B,27,43,151,0,0.883
310,24,L,219,97,18,0,0.883
310,25,L,225,89,14,0,0.883
310,26,U,229,182,203,0,0.883
310,27,D,248,167,28,0,0.883
310,28,U,231,177,196,0,0.883
310,29,L,231,77,25,0,0.883
310,30,R,185,12,43,0,0.883
310,31,D,248,153,31,0,0.883
310,32,R,183,32,31,0,0.883
310,33,R,194,12,36,0,0.883
310,34,D,255,178,43,0,0.883
310,35,D,252,164,38,0,0.883
310,36,F,28,113,54,0,0.883
310,37,D,253,174,32,0,0.883
310,38,U,243,199,190,0,0.883
310,39,L,234,80,35,0,0.883
310,40,L,231,83,10,0,0.883
310,41,U,233,185,189,0,0.883
310,42,U,229,175,206,0,0.883
310,43,D,253,192,22,0,0.883
310,44,B,31,42,154,0,0.883
310,45,R,185,20,19,0,0.883
310,46,R,205,28,33,0,0.883
310,47,R,189,19,46,0,0.883
310,48,L,238,81,32,0,0.883
310,49,B,35,64,156,0,0.883
310,50,F,28,115,69,0,0.883
310,51,F,38,131,58,0,0.883
310,52,B,29,61,146,0,0.883
310,53,F,34,114,58,0,0.883
311,0,D,150,152,42,0,0.641
311,1,L,155,66,15,0,0.641
311,2,B,19,53,135,0,0.641
311,3,B,13,55,136,0,0.641
311,4,U,150,167,169,0,0.641
311,5,L,147,68,25,0,0.641
311,6,D,148,156,22,0,0.641
311,7,R,126,21,21,0,0.641
311,8,L,137,81,13,0,0.641
311,9,B,22,56,147,0,0.641
311,10,D,153,153,20,0,0.641
311,11,U,156,167,174,0,0.641
311,12,D,149,155,19,0,0.641
311,13,R,128,26,39,0,0.641
311,14,R,117,33,16,0,0.641
311,15,R,130,28,31,0,0.641
311,16,D,168,154,13,0,0.641
311,17,F,23,111,49,0,0.641
311,18,F,17,100,53,0,0.641
311,19,F,19,98,50,0,0.641
311,20,U,153,153,166,0,0.641
311,21,F,12,101,50,0,0.641
311,22,F,0,115,47,0,0.641
311,23,F,19,92,46,0,0.641
311,24,R,117,28,33,0,0.641
311,25,U,149,156,172,0,0.641
311,26,U,148,156,179,0,0.641
311,27,B,19,60,139,0,0.641
311,28,F,19,105,46,0,0.641
311,29,F,13,117,42,0,0.641
311,30,D,154,156,42,0,0.641
311,31,D,168,144,33,0,0.641
311,32,B,17,40,138,0,0.641
311,33,D,143,140,24,0,0.641
311,34,U,164,151,178,0,0.641
311,35,U,126,164,165,0,0.641
311,36,L,153,76,12,0,0.641
311,37,R,119,17,23,0,0.641
311,38,R,114,33,27,0,0.641
311,39,L,164,73,16,0,0.641
311,40,L,147,72,13,0,0.641
311,41,L,152,76,16,0,0.641
311,42,L,136,93,17,0,0.641
311,43,R,123,27,32,0,0.641
311,44,D,132,143,28,0,0.641
311,45,R,116,31,34,0,0.641
311,46,B,6,51,146,0,0.641
311,47,F,15,90,51,0,0.641
311,48,U,147,148,162,0,0.641
311,49,B,14,47,142,0,0.641
311,50,U,154,152,168,0,0.641
311,51,L,157,71,14,0,0.641
311,52,B,14,44,126,0,0.641
311,53,B,19,50,140,0,0.641
312,0,B,104,161,255,1,1.283
312,1,D,255,255,55,0,1.283
312,2,D,255,255,44,0,1.283
312,3,U,255,255,255,0,1.283
312,4,U,255,255,255,0,1.283
312,5,U,255,255,255,0,1.283
312,6,R,255,30,39,0,1.283
312,7,L,255,221,93,1,1.283
312,8,B,23,101,222,0,1.283
312,9,D,255,255,38,0,1.283
312,10,F,38,198,69,0,1.283
312,11,R,255,42,54,0,1.283
312,12,D,255,255,58,0,1.283
312,13,R,255,34,49,0,1.283
312,14,U,255,255,255,0,1.283
312,15,R,255,48,43,0,1.283
312,16,R,255,45,32,0,1.283
312,17,B,41,98,221,0,1.283
312,18,U,255,255,255,0,1.283
312,19,B,48,100,214,0,1.283
312,20,R,255,39,53,0,1.283
312,21,B,37,102,224,0,1.283
312,22,F,33,191,64,0,1.283
312,23,R,255,34,52,0,1.283
312,24,F,41,203,63,0,1.283
312,25,L,255,151,38,0,1.283
312,26,U,255,255,255,0,1.283
312,27,L,255,152,38,0,1.283
312,28,D,255,255,39,0,1.283
312,29,F,98,255,144,1,1.283
312,30,R,255,46,53,0,1.283
312,31,D,255,255,37,0,1.283
312,32,U,255,255,255,0,1.283
312,33,F,29,205,89,0,1.283
312,34,L,255,157,19,0,1.283
312,35,D,255,255,55,0,1.283
312,36,U,255,255,255,0,1.283
312,37,B,32,114,211,0,1.283
312,38,B,28,93,217,0,1.283
312,39,D,255,255,39,0,1.283
312,40,L,255,173,34,0,1.283
312,41,R,255,54,57,0,1.283
312,42,L,255,155,45,0,1.283
312,43,F,24,207,68,0,1.283
312,44,U,255,255,255,0,1.283
312,45,F,24,219,72,0,1.283
312,46,B,28,89,213,0,1.283
312,47,L,255,153,19,0,1.283
312,48,L,255,156,23,0,1.283
312,49,B,42,107,221,0,1.283
312,50,F,24,208,71,0,1.283
312,51,L,255,153,21,0,1.283
312,52,F,30,211,59,0,1.283
312,53,D,255,255,126,1,1.283
313,0,B,17,56,195,0,0.95
313,1,B,42,49,179,0,0.95
313,2,D,186,209,33,0,0.95
313,3,U,202,225,212,0,0.95
313,4,U,192,227,221,0,0.95
313,5,R,160,40,30,0,0.95
313,6,U,208,236,206,0,0.95
313,7,R,167,23,32,0,0.95
313,8,L,223,111,23,0,0.95
313,9,D,196,209,33,0,0.95
313,10,F,20,143,79,0,0.95
313,11,R,169,31,41,0,0.95
313,12,F,13,150,60,0,0.95
313,13,R,155,36,18,0,0.95
313,14,B,20,62,165,0,0.95
313,15,B,17,66,181,0,0.95
313,16,R,171,34,48,0,0.95
313,17,R,146,16,39,0,0.95
313,18,B,12,67,180,0,0.95
313,19,D,219,212,41,0,0.95
313,20,B,25,61,171,0,0.95
313,21,B,11,67,176,0,0.95
313,22,F,13,150,53,0,0.95
313,23,D,219,207,31,0,0.95
313,24,L,208,117,25,0,0.95
313,25,L,202,97,15,0,0.95
313,26,L,190,104,38,0,0.95
313,27,F,19,132,62,0,0.95
313,28,D,206,215,41,0,0.95
313,29,U,188,227,217,0,0.95
313,30,U,195,236,217,0,0.95
313,31,D,202,205,42,0,0.95
313,32,B,31,71,175,0,0.95
313,33,U,206,218,215,0,0.95
313,34,L,198,102,40,0,0.95
313,35,U,208,226,201,0,0.95
313,36,D,214,208,32,0,0.95
313,37,F,17,146,44,0,0.95
313,38,R,154,33,32,0,0.95
313,39,L,197,98,35,0,0.95
313,40,L,196,107,29,0,0.95
313,41,L,198,99,40,0,0.95
313,42,L,207,113,18,0,0.95
313,43,R,186,34,29,0,0.95
313,44,D,193,216,28,0,0.95
313,45,F,32,130,55,0,0.95
313,46,D,218,203,42,0,0.95
313,47,R,163,38,37,0,0.95
313,48,U,202,235,214,0,0.95
313,49,B,25,88,174,0,0.95
313,50,U,212,222,210,0,0.95
313,51,F,20,153,69,0,0.95
313,52,F,26,141,64,0,0.95
313,53,F,21,159,66,0,0.95
314,0,B,24,54,172,0,0.863
314,1,B,23,69,164,0,0.863
314,2,F,26,120,50,0,0.863
314,3,U,214,187,204,0,0.863
314,4,U,216,179,212,0,0.863
314,5,F,15,116,70,0,0.863
314,6,D,206,177,54,0,0.863
314,7,D,221,159,41,0,0.863
314,8,R,234,82,109,1,0.863
314,9,U,191,181,207,0,0.863
314,10,R,155,20,31,0,0.863
314,11,U,217,190,234,0,0.863
314,12,R,169,20,37,0,0.863
314,13,R,176,23,47,0,0.863
314,14,F,20,111,71,0,0.863
314,15,L,213,90,23,0,0.863
314,16,R,165,25,29,0,0.863
314,17,B,20,46,178,0,0.863
314,18,F,14,102,56,0,0.863
314,19,L,200,80,12,0,0.863
314,20,B,43,53,189,0,0.863
314,21,B,26,53,165,0,0.863
314,22,F,30,119,61,0,0.863
314,23,D,212,157,28,0,0.863
314,24,F,23,120,74,0,0.863
314,25,U,191,185,216,0,0.863
314,26,D,205,163,42,0,0.863
314,27,U,204,180,214,0,0.863
314,28,L,206,106,42,0,0.863
314,29,F,32,102,75,0,0.863
314,30,U,205,184,212,0,0.863
314,31,D,216,157,46,0,0.863
314,32,U,212,177,215,0,0.863
314,33,B,15,54,174,0,0.863
314,34,L,203,78,23,0,0.863
314,35,L,204,84,17,0,0.863
314,36,D,224,161,47,0,0.863
314,37,F,23,122,43,0,0.863
314,38,R,183,9,33,0,0.863
314,39,B,16,62,182,0,0.863
314,40,L,199,90,30,0,0.863
314,41,D,207,163,35,0,0.863
314,42,D,211,170,43,0,0.863
314,43,B,17,54,177,0,0.863
314,44,R,168,11,27,0,0.863
314,45,L,201,81,29,0,0.863
314,46,L,200,104,13,0,0.863
314,47,R,237,93,98,1,0.863
314,48,D,219,168,32,0,0.863
314,49,B,19,44,183,0,0.863
314,50,R,168,17,44,0,0.863
314,51,U,192,184,221,0,0.863
314,52,F,22,119,68,0,0.863
314,53,L,215,79,30,0,0.863
315,0,F,23,126,70,0,0.994
315,1,D,251,192,46,0,0.994
315,2,F,32,123,68,0,0.994
315,3,F,34,138,82,0,0.994
315,4,U,255,194,239,0,0.994
315,5,D,255,176,37,0,0.994
315,6,U,240,200,252,0,0.994
315,7,R,202,18,29,0,0.994
315,8,D,250,204,37,0,0.994
315,9,R,199,49,45,0,0.994
315,10,R,198,25,32,0,0.994
315,11,D,255,186,30,0,0.994
315,12,F,16,124,57,0,0.994
315,13,R,204,9,51,0,0.994
315,14,U,255,186,230,0,0.994
315,15,B,27,66,202,0,0.994
315,16,D,255,188,32,0,0.994
315,17,R,206,19,38,0,0.994
315,18,L,244,97,38,0,0.994
315,19,U,254,195,249,0,0.994
315,20,B,105,121,255,1,0.994
315,21,U,255,199,238,0,0.994
315,22,F,36,137,77,0,0.994
315,23,L,243,110,7,0,0.994
315,24,F,30,133,60,0,0.994
315,25,U,238,203,246,0,0.994
315,26,D,248,190,44,0,0.994
315,27,D,252,181,52,0,0.994
315,28,F,19,138,60,0,0.994
315,29,L,248,96,36,0,0.994
315,30,L,246,102,21,0,0.994
315,31,D,255,180,50,0,0.994
315,32,F,36,121,76,0,0.994
315,33,U,243,198,232,0,0.994
315,34,D,248,185,47,0,0.994
315,35,B,43,62,184,0,0.994
315,36,U,255,192,244,0,0.994
315,37,R,196,20,30,0,0.994
315,38,B,34,62,193,0,0.994
315,39,R,187,20,35,0,0.994
315,40,L,255,107,33,0,0.994
315,41,B,39,70,191,0,0.994
315,42,L,251,82,31,0,0.994
315,43,B,32,50,201,0,0.994
315,44,L,248,80,24,0,0.994
315,45,R,208,21,41,0,0.994
315,46,B,30,57,189,0,0.994
315,47,R,189,28,42,0,0.994
315,48,L,255,100,24,0,0.994
315,49,B,16,44,190,0,0.994
315,50,B,23,65,194,0,0.994
315,51,U,250,213,243,0,0.994
315,52,L,253,97,29,0,0.994
315,53,F,26,143,67,0,0.994
316,0,R,160,39,32,0,0.877
316,1,D,191,209,45,0,0.877
316,2,F,35,143,70,0,0.877
316,3,F,19,142,61,0,0.877
316,4,U,191,216,199,0,0.877
316,5,R,178,33,40,0,0.877
316,6,R,147,26,33,0,0.877
316,7,B,22,72,153,0,0.877
316,8,U,194,232,212,0,0.877
316,9,L,169,113,18,0,0.877
316,10,B,14,78,177,0,0.877
316,11,U,188,223,197,0,0.877
316,12,B,16,63,149,0,0.877
316,13,R,153,40,28,0,0.877
316,14,L,188,103,19,0,0.877
316,15,L,190,107,26,0,0.877
316,16,R,157,32,40,0,0.877
316,17,R,165,26,25,0,0.877
316,18,D,205,196,27,0,0.877
316,19,U,195,215,198,0,0.877
316,20,B,26,68,174,0,0.877
316,21,D,199,194,45,0,0.877
316,22,F,27,128,51,0,0.877
316,23,D,194,218,34,0,0.877
316,24,B,21,74,166,0,0.877
316,25,U,189,226,205,0,0.877
316,26,D,201,201,36,0,0.877
316,27,R,161,20,24,0,0.877
316,28,F,33,121,62,0,0.877
316,29,F,11,146,61,0,0.877
316,30,U,184,221,200,0,0.877
316,31,D,194,207,38,0,0.877
316,32,U,195,223,207,0,0.877
316,33,B,31,61,180,0,0.877
316,34,F,27,143,60,0,0.877
316,35,U,193,204,196,0,0.877
316,36,B,11,73,170,0,0.877
316,37,R,170,39,42,0,0.877
316,38,F,29,142,58,0,0.877
316,39,L,200,118,23,0,0.877
316,40,L,189,110,30,0,0.877
316,41,L,188,92,17,0,0.877
316,42,D,200,209,37,0,0.877
316,43,L,206,90,15,0,0.877
316,44,U,196,234,189,0,0.877
316,45,L,210,103,17,0,0.877
316,46,R,148,36,56,0,0.877
316,47,D,194,218,32,0,0.877
316,48,B,97,144,234,1,0.877
316,49,B,11,65,150,0,0.877
316,50,F,17,157,59,0,0.877
316,51,F,16,135,51,0,0.877
316,52,D,179,204,30,0,0.877
316,53,L,191,107,14,0,0.877
317,0,L,255,91,7,0,0.934
317,1,L,255,91,11,0,0.934
317,2,U,252,198,221,0,0.934
317,3,R,187,20,35,0,0.934
317,4,U,240,199,222,0,0.934
317,5,R,204,33,37,0,0.934
317,6,F,22,122,54,0,0.934
317,7,D,250,191,32,0,0.934
317,8,D,255,178,31,0,0.934
317,9,L,244,84,11,0,0.934
317,10,B,17,67,185,0,0.934
317,11,B,9,66,176,0,0.934
317,12,D,252,188,44,0,0.934
317,13,R,207,27,27,0,0.934
317,14,B,104,115,251,1,0.934
317,15,F,20,114,63,0,0.934
317,16,B,25,50,179,0,0.934
317,17,R,255,98,98,1,0.934
317,18,L,250,97,14,0,0.934
317,19,F,37,115,64,0,0.934
317,20,F,20,122,51,0,0.934
317,21,L,246,91,17,0,0.934
317,22,F,29,131,58,0,0.934
317,23,R,203,14,39,0,0.934
317,24,B,27,80,169,0,0.934
317,25,U,250,194,227,0,0.934
317,26,D,255,188,41,0,0.934
317,27,D,239,177,36,0,0.934
317,28,F,21,122,81,0,0.934
317,29,R,255,103,108,1,0.934
317,30,B,25,71,177,0,0.934
317,31,D,243,183,32,0,0.934
317,32,U,255,203,218,0,0.934
317,33,B,30,67,170,0,0.934
317,34,U,247,196,221,0,0.934
317,35,U,246,209,211,0,0.934
317,36,D,255,178,29,0,0.934
317,37,F,26,130,57,0,0.934
317,38,U,238,193,228,0,0.934
317,39,L,251,69,16,0,0.934
317,40,L,247,91,29,0,0.934
317,41,D,253,176,35,0,0.934
317,42,U,240,209,220,0,0.934
317,43,D,247,174,34,0,0.934
317,44,R,202,29,37,0,0.934
317,45,L,255,90,34,0,0.934
317,46,F,42,130,52,0,0.934
317,47,B,32,50,176,0,0.934
317,48,L,242,92,33,0,0.934
317,49,B,23,76,177,0,0.934
317,50,U,239,201,211,0,0.934
317,51,F,27,143,75,0,0.934
317,52,R,190,18,28,0,0.934
317,53,R,199,23,40,0,0.934
318,0,F,8,99,47,0,0.75
318,1,D,181,151,28,0,0.75
318,2,L,201,64,24,0,0.75
318,3,B,22,60,178,0,0.75
318,4,U,206,166,204,0,0.75
318,5,U,195,165,189,0,0.75
318,6,L,171,66,12,0,0.75
318,7,B,25,53,157,0,0.75
318,8,R,145,26,42,0,0.75
318,9,D,193,151,26,0,0.75
318,10,L,180,85,16,0,0.75
318,11,B,32,67,160,0,0.75
318,12,B,29,50,161,0,0.75
318,13,R,149,29,36,0,0.75
318,14,D,193,129,31,0,0.75
318,15,L,184,70,12,0,0.75
318,16,D,188,156,34,0,0.75
318,17,D,178,132,35,0,0.75
318,18,U,191,160,201,0,0.75
318,19,L,184,80,24,0,0.75
318,20,F,6,112,60,0,0.75
318,21,B,10,48,160,0,0.75
318,22,F,13,97,63,0,0.75
318,23,D,187,145,32,0,0.75
318,24,R,146,19,38,0,0.75
318,25,U,188,151,204,0,0.75
318,26,D,188,134,37,0,0.75
318,27,U,196,158,206,0,0.75
318,28,F,27,100,61,0,0.75
318,29,F,16,104,45,0,0.75
318,30,R,151,22,42,0,0.75
318,31,D,190,143,54,0,0.75
318,32,L,186,77,22,0,0.75
318,33,U,173,156,203,0,0.75
318,34,R,162,20,41,0,0.75
318,35,B,11,45,163,0,0.75
318,36,U,184,156,190,0,0.75
318,37,U,198,159,198,0,0.75
318,38,F,27,95,62,0,0.75
318,39,L,175,70,28,0,0.75
318,40,L,170,61,19,0,0.75
318,41,R,158,26,39,0,0.75
318,42,B,14,45,158,0,0.75
318,43,F,26,102,51,0,0.75
318,44,B,13,50,160,0,0.75
318,45,D,184,146,31,0,0.75
318,46,F,33,93,50,0,0.75
318,47,R,151,10,25,0,0.75
318,48,R,140,14,30,0,0.75
318,49,B,37,58,147,0,0.75
318,50,F,13,110,50,0,0.75
318,51,R,154,21,45,0,0.75
318,52,U,200,166,197,0,0.75
318,53,L,189,76,22,0,0.75
319,0,B,14,65,223,0,1.137
319,1,D,255,220,54,0,1.137
319,2,U,243,242,255,0,1.137
319,3,B,29,69,234,0,1.137
319,4,U,255,243,255,0,1.137
319,5,U,251,235,255,0,1.137
319,6,U,238,224,255,0,1.137
319,7,D,255,216,49,0,1.137
319,8,F,26,142,78,0,1.137
319,9,D,255,211,44,0,1.137
319,10,B,22,93,242,0,1.137
319,11,B,18,67,237,0,1.137
319,12,L,247,115,47,0,1.137
319,13,R,185,39,50,0,1.137
319,14,L,241,104,11,0,1.137
319,15,R,193,43,41,0,1.137
319,16,D,240,218,60,0,1.137
319,17,F,39,138,74,0,1.137
319,18,F,25,154,73,0,1.137
319,19,F,32,159,79,0,1.137
319,20,L,255,122,29,0,1.137
319,21,U,255,231,255,0,1.137
319,22,F,27,148,84,0,1.137
319,23,F,29,150,82,0,1.137
319,24,U,255,226,255,0,1.137
319,25,L,251,115,24,0,1.137
319,26,D,255,211,47,0,1.137
319,27,R,208,30,46,0,1.137
319,28,U,255,236,255,0,1.137
319,29,B,7,81,230,0,1.137
319,30,B,27,72,222,0,1.137
319,31,D,255,222,45,0,1.137
319,32,B,27,87,226,0,1.137
319,33,U,242,234,255,0,1.137
319,34,R,195,30,45,0,1.137
319,35,D,255,224,63,0,1.137
319,36,L,255,108,28,0,1.137
319,37,L,255,118,39,0,1.137
319,38,L,243,119,37,0,1.137
319,39,R,198,35,47,0,1.137
319,40,L,254,113,27,0,1.137
319,41,F,28,146,85,0,1.137
319,42,R,204,49,46,0,1.137
319,43,R,202,18,39,0,1.137
319,44,F,23,154,66,0,1.137
319,45,L,243,120,44,0,1.137
319,46,R,202,37,41,0,1.137
319,47,D,255,216,59,0,1.137
319,48,D,255,213,36,0,1.137
319,49,B,24,94,241,0,1.137
319,50,U,255,236,255,0,1.137
319,51,R,213,25,45,0,1.137
319,52,F,31,154,79,0,1.137
319,53,B,31,75,235,0,1.137
320,0,F,30,173,75,0,1.193
320,1,U,255,255,255,0,1.193
320,2,R,209,36,49,0,1.193
320,3,L,255,121,36,0,1.193
320,4,U,255,255,255,0,1.193
320,5,R,208,32,55,0,1.193
320,6,L,255,129,23,0,1.193
320,7,U,255,255,255,0,1.193
320,8,U,255,255,254,0,1.193
320,9,R,210,45,28,0,1.193
320,10,F,30,157,67,0,1.193
320,11,B,11,86,226,0,1.193
320,12,U,255,255,255,0,1.193
320,13,R,210,41,35,0,1.193
320,14,F,28,159,82,0,1.193
320,15,F,35,172,67,0,1.193
320,16,B,12,73,225,0,1.193
320,17,D,255,243,42,0,1.193
320,18,B,38,71,228,0,1.193
320,19,R,202,31,52,0,1.193
320,20,F,26,159,71,0,1.193
320,21,U,255,255,255,1,1.193
320,22,F,30,170,79,0,1.193
320,23,F,19,166,59,0,1.193
320,24,D,255,239,32,0,1.193
320,25,B,28,97,232,0,1.193
320,26,D,255,250,39,0,1.193
320,27,L,255,122,32,0,1.193
320,28,R,205,42,54,0,1.193
320,29,R,222,31,41,0,1.193
320,30,D,255,247,53,0,1.193
320,31,D,255,237,49,0,1.193
320,32,L,255,124,33,0,1.193
320,33,D,255,255,56,0,1.193
320,34,R,227,38,31,0,1.193
320,35,L,255,116,30,0,1.193
320,36,L,255,125,44,0,1.193
320,37,F,22,165,79,0,1.193
320,38,U,255,255,255,0,1.193
320,39,L,255,132,32,0,1.193
320,40,L,255,121,12,0,1.193
320,41,B,26,85,211,0,1.193
320,42,B,23,90,225,0,1.193
320,43,B,32,78,215,0,1.193
320,44,F,29,157,71,0,1.193
320,45,U,255,255,255,0,1.193
320,46,L,255,131,25,0,1.193
320,47,U,255,255,255,0,1.193
320,48,D,255,255,45,0,1.193
320,49,B,24,74,219,0,1.193
320,50,D,255,249,45,0,1.193
320,51,B,28,89,204,0,1.193
320,52,D,242,241,39,0,1.193
320,53,R,209,37,33,0,1.193
321,0,D,227,166,22,0,0.878
321,1,L,217,82,26,0,0.878
321,2,L,201,74,39,0,0.878
321,3,U,209,184,203,0,0.878
321,4,U,229,191,188,0,0.878
321,5,U,219,187,204,0,0.878
321,6,B,31,49,148,0,0.878
321,7,D,232,157,38,0,0.878
321,8,L,221,75,18,0,0.878
321,9,D,213,178,25,0,0.878
321,10,B,27,52,166,0,0.878
321,11,U,220,188,195,0,0.878
321,12,R,187,19,41,0,0.878
321,13,R,178,25,34,0,0.878
321,14,D,204,174,38,0,0.878
321,15,D,234,170,27,0,0.878
321,16,U,223,173,187,0,0.878
321,17,F,26,106,65,0,0.878
321,18,D,224,164,24,0,0.878
321,19,B,33,55,175,0,0.878
321,20,B,18,53,152,0,0.878
321,21,D,212,167,32,0,0.878
321,22,F,41,114,58,0,0.878
321,23,F,24,107,50,0,0.878
321,24,B,38,61,164,0,0.878
321,25,U,208,194,194,0,0.878
321,26,F,16,111,53,0,0.878
321,27,R,177,26,44,0,0.878
321,28,F,29,106,60,0,0.878
321,29,L,196,88,21,0,0.878
321,30,F,17,126,54,0,0.878
321,31,D,222,160,38,0,0.878
321,32,L,210,76,18,0,0.878
321,33,R,181,20,49,0,0.878
321,34,L,214,94,26,0,0.878
321,35,U,226,179,200,0,0.878
321,36,F,33,108,48,0,0.878
321,37,R,160,21,26,0,0.878
321,38,R,183,10,24,0,0.878
321,39,R,160,12,39,0,0.878
321,40,L,208,81,31,0,0.878
321,41,L,222,88,24,0,0.878
321,42,U,216,200,202,0,0.878
321,43,D,225,175,44,0,0.878
321,44,U,219,183,188,0,0.878
321,45,B,28,50,171,0,0.878
321,46,B,22,55,157,0,0.878
321,47,R,162,12,41,0,0.878
321,48,R,178,29,21,0,0.878
321,49,B,26,50,164,0,0.878
321,50,B,22,52,154,0,0.878
321,51,L,220,92,8,0,0.878
321,52,F,89,178,116,1,0.878
321,53,F,28,113,32,0,0.878
322,0,B,24,61,185,0,0.89
322,1,D,218,175,58,0,0.89
322,2,F,30,119,64,0,0.89
322,3,D,218,172,25,0,0.89
322,4,U,231,196,200,0,0.89
322,5,L,204,85,0,0,0.89
322,6,L,229,81,23,0,0.89
322,7,D,223,181,34,0,0.89
322,8,R,169,35,49,0,0.89
322,9,F,16,126,61,0,0.89
322,10,D,215,179,38,0,0.89
322,11,D,213,175,33,0,0.89
322,12,B,21,62,170,0,0.89
322,13,R,187,8,27,0,0.89
322,14,B,20,59,172,0,0.89
322,15,R,158,25,18,0,0.89
322,16,R,185,26,31,0,0.89
322,17,B,16,52,163,0,0.89
322,18,D,219,167,32,0,0.89
322,19,F,33,131,52,0,0.89
322,20,U,207,185,215,0,0.89
322,21,F,35,114,55,0,0.89
322,22,F,31,122,55,0,0.89
322,23,U,201,192,211,0,0.89
322,24,F,21,113,60,0,0.89
322,25,F,29,117,43,0,0.89
322,26,B,95,118,240,1,0.89
322,27,L,219,87,23,0,0.89
322,28,L,205,86,8,0,0.89
322,29,U,223,182,195,0,0.89
322,30,F,12,122,66,0,0.89
322,31,D,222,173,37,0,0.89
322,32,B,37,51,160,0,0.89
322,33,D,217,179,31,0,0.89
322,34,R,172,26,42,0,0.89
322,35,R,253,89,99,1,0.89
322,36,U,210,194,201,0,0.89
322,37,B,27,63,152,0,0.89
322,38,B,27,53,166,0,0.89
322,39,U,214,188,206,0,0.89
322,40,L,223,85,25,0,0.89
322,41,R,183,20,41,0,0.89
322,42,F,28,111,47,0,0.89
322,43,U,210,186,213,0,0.89
322,44,U,206,201,194,0,0.89
322,45,R,162,20,27,0,0.89
322,46,R,171,26,24,0,0.89
322,47,L,211,97,16,0,0.89
322,48,L,230,88,14,0,0.89
322,49,B,37,49,169,0,0.89
322,50,L,223,99,20,0,0.89
322,51,D,207,181,34,0,0.89
322,52,U,203,193,195,0,0.89
322,53,L,216,88,28,0,0.89
323,0,D,161,143,38,0,0.685
323,1,L,162,96,24,0,0.685
323,2,F,18,109,48,0,0.685
323,3,R,131,20,41,0,0.685
323,4,U,153,156,172,0,0.685
323,5,R,141,31,21,0,0.685
323,6,B,17,48,162,0,0.685
323,7,D,160,151,33,0,0.685
323,8,L,142,76,16,0,0.685
323,9,D,156,139,35,0,0.685
323,10,D,163,148,35,0,0.685
323,11,D,165,156,29,0,0.685
323,12,F,1,89,49,0,0.685
323,13,R,117,25,21,0,0.685
323,14,F,17,114,49,0,0.685
323,15,D,144,143,37,0,0.685
323,16,L,154,60,22,0,0.685
323,17,R,118,30,37,0,0.685
323,18,U,165,165,175,0,0.685
323,19,F,6,95,52,0,0.685
323,20,B,14,49,146,0,0.685
323,21,B,0,46,150,0,0.685
323,22,F,27,112,70,0,0.685
323,23,R,123,19,27,0,0.685
323,24,R,124,18,23,0,0.685
323,25,B,10,49,137,0,0.685
323,26,F,16,107,48,0,0.685
323,27,U,155,171,164,0,0.685
323,28,D,156,146,44,0,0.685
323,29,L,160,83,20,0,0.685
323,30,R,123,25,15,0,0.685
323,31,D,167,137,25,0,0.685
323,32,F,24,97,52,0,0.685
323,33,U,158,156,185,0,0.685
323,34,D,143,151,24,0,0.685
323,35,U,153,166,173,0,0.685
323,36,R,144,31,46,0,0.685
323,37,U,163,164,175,0,0.685
323,38,L,162,65,10,0,0.685
323,39,L,144,83,12,0,0.685
323,40,L,158,76,14,0,0.685
323,41,U,153,167,183,0,0.685
323,42,L,160,63,17,0,0.685
323,43,B,29,65,148,0,0.685
323,44,B,26,56,133,0,0.685
323,45,R,118,20,26,0,0.685
323,46,U,158,160,161,0,0.685
323,47,B,8,39,163,0,0.685
323,48,U,163,163,171,0,0.685
323,49,B,25,46,126,0,0.685
323,50,B,7,48,140,0,0.685
323,51,F,12,94,44,0,0.685
323,52,L,160,78,25,0,0.685
323,53,F,8,103,44,0,0.685
324,0,D,171,175,29,0,0.782
324,1,B,18,40,160,0,0.782
324,2,U,235,254,255,1,0.782
324,3,B,24,59,147,0,0.782
324,4,U,166,182,203,0,0.782
324,5,F,9,115,55,0,0.782
324,6,U,164,172,184,0,0.782
324,7,U,174,176,183,0,0.782
324,8,F,13,102,48,0,0.782
324,9,D,166,161,24,0,0.782
324,10,R,134,18,31,0,0.782
324,11,L,162,79,23,0,0.782
324,12,F,21,115,44,0,0.782
324,13,R,140,8,44,0,0.782
324,14,B,20,63,167,0,0.782
324,15,B,0,48,163,0,0.782
324,16,U,175,168,187,0,0.782
324,17,B,26,50,157,0,0.782
324,18,R,134,30,38,0,0.782
324,19,R,139,25,31,0,0.782
324,20,L,179,79,8,0,0.782
324,21,L,155,94,10,0,0.782
324,22,F,24,103,55,0,0.782
324,23,U,166,175,194,0,0.782
324,24,D,184,172,47,0,0.782
324,25,D,177,175,40,0,0.782
324,26,U,163,185,205,0,0.782
324,27,F,19,117,57,0,0.782
324,28,R,146,14,46,0,0.782
324,29,R,128,21,39,0,0.782
324,30,F,11,123,56,0,0.782
324,31,D,175,161,26,0,0.782
324,32,B,19,48,157,0,0.782
324,33,D,188,171,33,0,0.782
324,34,D,171,175,24,0,0.782
324,35,L,215,151,91,1,0.782
324,36,R,206,92,93,1,0.782
324,37,D,170,182,30,0,0.782
324,38,F,22,106,50,0,0.782
324,39,L,164,90,22,0,0.782
324,40,L,164,87,16,0,0.782
324,41,F,31,116,54,0,0.782
324,42,L,161,88,22,0,0.782
324,43,D,164,162,9,0,0.782
324,44,R,132,22,19,0,0.782
324,45,F,12,125,48,0,0.782
324,46,R,144,8,35,0,0.782
324,47,B,10,45,159,0,0.782
324,48,L,170,70,8,0,0.782
324,49,B,22,50,163,0,0.782
324,50,U,167,189,202,0,0.782
324,51,U,157,185,194,0,0.782
324,52,L,166,88,26,0,0.782
324,53,B,0,57,153,0,0.782
325,0,B,29,78,184,0,0.866
325,1,U,253,255,255,1,0.866
325,2,R,159,31,37,0,0.866
325,3,R,140,36,41,0,0.866
325,4,U,195,195,233,0,0.866
325,5,F,18,129,67,0,0.866
325,6,B,33,59,183,0,0.866
325,7,B,9,65,178,0,0.866
325,8,U,187,217,234,0,0.866
325,9,R,155,47,34,0,0.866
325,10,R,142,34,40,0,0.866
325,11,B,8,67,199,0,0.866
325,12,L,172,99,16,0,0.866
325,13,R,160,34,41,0,0.866
325,14,U,193,201,229,0,0.866
325,15,F,16,124,78,0,0.866
325,16,L,180,93,18,0,0.866
325,17,D,194,188,44,0,0.866
325,18,U,183,203,216,0,0.866
325,19,D,179,168,33,0,0.866
325,20,F,24,139,70,0,0.866
325,21,F,12,121,64,0,0.866
325,22,F,17,138,62,0,0.866
325,23,U,187,202,231,0,0.866
325,24,D,180,206,37,0,0.866
325,25,D,187,183,31,0,0.866
325,26,U,187,221,228,0,0.866
325,27,F,18,127,61,0,0.866
325,28,F,34,127,64,0,0.866
325,29,L,184,102,19,0,0.866
325,30,L,171,93,18,0,0.866
325,31,D,185,177,41,0,0.866
325,32,B,7,75,192,0,0.866
325,33,L,191,101,23,0,0.866
325,34,U,197,211,230,0,0.866
325,35,L,183,91,24,0,0.866
325,36,D,175,175,36,0,0.866
325,37,D,179,189,31,0,0.866
325,38,L,197,89,26,0,0.866
325,39,B,27,44,192,0,0.866
325,40,L,184,103,32,0,0.866
325,41,L,177,92,34,0,0.866
325,42,D,189,185,49,0,0.866
325,43,D,184,202,50,0,0.866
325,44,R,153,39,41,0,0.866
325,45,U,181,206,227,0,0.866
325,46,F,21,133,78,0,0.866
325,47,R,145,24,46,0,0.866
325,48,R,146,34,48,0,0.866
325,49,B,13,56,183,0,0.866
325,50,R,152,22,32,0,0.866
325,51,B,6,60,190,0,0.866
325,52,B,23,59,197,0,0.866
325,53,F,15,139,66,0,0.866
326,0,L,208,103,23,0,0.844
326,1,L,212,92,29,0,0.844
326,2,U,255,255,255,1,0.844
326,3,L,224,98,15,0,0.844
326,4,U,207,204,189,0,0.844
326,5,F,29,131,43,0,0.844
326,6,U,219,204,190,0,0.844
326,7,U,216,196,200,0,0.844
326,8,R,161,26,29,0,0.844
326,9,F,19,139,63,0,0.844
326,10,U,210,193,197,0,0.844
326,11,B,15,53,147,0,0.844
326,12,D,217,181,23,0,0.844
326,13,R,165,26,34,0,0.844
326,14,B,29,58,155,0,0.844
326,15,D,211,179,44,0,0.844
326,16,F,26,131,48,0,0.844
326,17,B,9,52,152,0,0.844
326,18,B,31,61,151,0,0.844
326,19,B,24,62,157,0,0.844
326,20,U,218,199,184,0,0.844
326,21,R,159,18,40,0,0.844
326,22,F,35,121,67,0,0.844
326,23,F,25,126,55,0,0.844
326,24,B,27,55,155,0,0.844
326,25,L,209,72,18,0,0.844
326,26,R,182,31,28,0,0.844
326,27,D,216,185,29,0,0.844
326,28,U,215,195,181,0,0.844
326,29,F,22,110,50,0,0.844
326,30,D,205,188,18,0,0.844
326,31,D,216,186,37,0,0.844
326,32,R,160,13,40,0,0.844
326,33,F,20,122,54,0,0.844
326,34,D,212,179,29,0,0.844
326,35,D,212,161,28,0,0.844
326,36,U,212,191,187,0,0.844
326,37,F,29,119,58,0,0.844
326,38,R,176,31,37,0,0.844
326,39,D,207,171,40,0,0.844
326,40,L,211,109,30,0,0.844
326,41,U,215,198,190,0,0.844
326,42,L,212,90,20,0,0.844
326,43,L,215,95,23,0,0.844
326,44,R,159,14,26,0,0.844
326,45,L,195,83,15,0,0.844
326,46,B,11,54,149,0,0.844
326,47,F,10,125,43,0,0.844
326,48,R,170,15,27,0,0.844
326,49,B,27,51,158,0,0.844
326,50,R,183,33,22,0,0.844
326,51,L,220,105,23,0,0.844
326,52,B,36,71,141,0,0.844
326,53,D,219,184,31,0,0.844
327,0,F,24,160,90,0,1.132
327,1,U,245,251,245,0,1.132
327,2,L,252,120,17,0,1.132
327,3,F,17,163,75,0,1.132
327,4,U,253,255,251,0,1.132
327,5,L,255,116,23,0,1.132
327,6,U,245,248,247,0,1.132
327,7,F,24,169,68,0,1.132
327,8,B,32,80,202,0,1.132
327,9,U,246,238,244,0,1.132
327,10,B,33,81,200,0,1.132
327,11,B,38,74,193,0,1.132
327,12,B,90,148,255,1,1.132
327,13,R,204,36,53,0,1.132
327,14,B,15,81,212,0,1.132
327,15,D,245,227,44,0,1.132
327,16,U,236,247,251,0,1.132
327,17,R,189,34,43,0,1.132
327,18,B,31,76,200,0,1.132
327,19,D,244,231,54,0,1.132
327,20,L,240,120,30,0,1.132
327,21,F,97,231,139,1,1.132
327,22,F,47,151,73,0,1.132
327,23,D,238,225,36,0,1.132
327,24,F,5,153,74,0,1.132
327,25,B,21,73,200,0,1.132
327,26,R,200,14,46,0,1.132
327,27,U,238,242,251,0,1.132
327,28,R,197,37,35,0,1.132
327,29,F,23,173,81,0,1.132
327,30,F,31,158,78,0,1.132
327,31,D,248,213,42,0,1.132
327,32,R,193,35,33,0,1.132
327,33,D,251,222,51,0,1.132
327,34,D,255,221,37,0,1.132
327,35,D,255,222,46,0,1.132
327,36,L,247,115,23,0,1.132
327,37,L,255,126,26,0,1.132
327,38,R,208,31,37,0,1.132
327,39,D,254,235,49,0,1.132
327,40,L,238,123,33,0,1.132
327,41,U,249,250,246,0,1.132
327,42,F,29,160,66,0,1.132
327,43,R,255,106,130,1,1.132
327,44,R,186,29,30,0,1.132
327,45,D,250,211,42,0,1.132
327,46,L,238,109,18,0,1.132
327,47,U,255,242,252,0,1.132
327,48,U,244,243,246,0,1.132
327,49,B,27,62,212,0,1.132
327,50,R,198,28,47,0,1.132
327,51,B,29,81,196,0,1.132
327,52,L,241,105,10,0,1.132
327,53,L,242,102,28,0,1.132
328,0,R,160,33,53,0,1.086
328,1,F,13,155,76,0,1.086
328,2,F,26,146,55,0,1.086
328,3,R,168,41,51,0,1.086
328,4,U,216,233,255,0,1.086
328,5,D,228,216,45,0,1.086
328,6,R,186,35,42,0,1.086
328,7,B,22,62,228,0,1.086
328,8,U,207,237,255,0,1.086
328,9,B,27,68,219,0,1.086
328,10,B,8,54,220,0,1.086
328,11,D,218,220,38,0,1.086
328,12,L,214,104,35,0,1.086
328,13,R,176,32,53,0,1.086
328,14,L,231,111,27,0,1.086
328,15,D,226,222,47,0,1.086
328,16,R,190,37,44,0,1.086
328,17,D,227,211,50,0,1.086
328,18,F,29,148,85,0,1.086
328,19,U,199,234,255,0,1.086
328,20,R,162,27,39,0,1.086
328,21,F,18,147,91,0,1.086
328,22,F,16,140,85,0,1.086
328,23,D,233,221,35,0,1.086
328,24,U,221,235,255,0,1.086
328,25,F,19,153,53,0,1.086
328,26,L,212,108,23,0,1.086
328,27,F,28,143,76,0,1.086
328,28,U,224,234,255,0,1.086
328,29,B,21,69,227,0,1.086
328,30,R,199,29,55,0,1.086
328,31,D,226,213,64,0,1.086
328,32,B,19,77,222,0,1.086
328,33,B,25,68,234,0,1.086
328,34,L,220,121,31,0,1.086
328,35,F,20,150,89,0,1.086
328,36,B,30,60,237,0,1.086
328,37,D,205,219,53,0,1.086
328,38,U,221,237,255,0,1.086
328,39,F,19,139,72,0,1.086
328,40,L,216,108,15,0,1.086
328,41,R,189,39,64,0,1.086
328,42,L,222,120,26,0,1.086
328,43,U,223,236,255,0,1.086
328,44,L,218,109,22,0,1.086
328,45,R,181,32,42,0,1.086
328,46,D,255,255,124,1,1.086
328,47,D,223,219,51,0,1.086
328,48,U,212,236,255,0,1.086
328,49,B,27,64,218,0,1.086
328,50,L,212,100,32,0,1.086
328,51,L,255,185,100,1,1.086
328,52,B,34,78,223,0,1.086
328,53,U,227,245,255,0,1.086
329,0,R,167,22,35,0,0.846
329,1,D,220,165,41,0,0.846
329,2,F,20,110,62,0,0.846
329,3,R,178,34,53,0,0.846
329,4,U,211,201,201,0,0.846
329,5,D,204,173,35,0,0.846
329,6,B,21,56,163,0,0.846
329,7,F,21,111,45,0,0.846
329,8,F,20,137,66,0,0.846
329,9,R,163,25,42,0,0.846
329,10,F,6,134,39,0,0.846
329,11,U,204,179,216,0,0.846
329,12,L,205,99,7,0,0.846
329,13,R,160,34,23,0,0.846
329,14,L,213,91,21,0,0.846
329,15,L,218,82,24,0,0.846
329,16,R,160,17,50,0,0.846
329,17,L,185,89,28,0,0.846
329,18,L,188,89,20,0,0.846
329,19,R,159,17,53,0,0.846
329,20,D,207,176,10,0,0.846
329,21,F,13,111,50,0,0.846
329,22,F,19,132,52,0,0.846
329,23,B,23,61,192,0,0.846
329,24,B,17,54,180,0,0.846
329,25,B,27,52,165,0,0.846
329,26,D,201,179,24,0,0.846
329,27,R,157,9,44,0,0.846
329,28,U,213,202,196,0,0.846
329,29,F,15,122,54,0,0.846
329,30,L,212,99,2,0,0.846
329,31,D,207,170,26,0,0.846
329,32,D,202,173,35,0,0.846
329,33,R,156,2,28,0,0.846
329,34,F,11,131,70,0,0.846
329,35,U,198,183,202,0,0.846
329,36,B,33,55,152,0,0.846
329,37,U,207,172,187,0,0.846
329,38,D,204,170,32,0,0.846
329,39,B,27,72,171,0,0.846
329,40,L,206,97,26,0,0.846
329,41,L,255,159,99,1,0.846
329,42,U,212,192,207,0,0.846
329,43,D,204,175,21,0,0.846
329,44,U,200,188,198,0,0.846
329,45,L,255,147,85,1,0.846
329,46,B,92,117,226,1,0.846
329,47,D,211,180,35,0,0.846
329,48,U,187,179,196,0,0.846
329,49,B,14,58,169,0,0.846
329,50,R,163,32,36,0,0.846
329,51,B,19,50,170,0,0.846
329,52,U,201,193,202,0,0.846
329,53,F,15,146,64,0,0.846
330,0,D,252,196,27,0,1.081
330,1,B,31,77,196,0,1.081
330,2,D,251,202,30,0,1.081
330,3,L,250,103,32,0,1.081
330,4,U,255,232,238,0,1.081
330,5,U,248,213,232,0,1.081
330,6,L,230,103,36,0,1.081
330,7,R,202,19,49,0,1.081
330,8,R,198,30,59,0,1.081
330,9,F,31,145,74,0,1.081
330,10,L,246,98,11,0,1.081
330,11,B,23,64,177,0,1.081
330,12,F,18,143,62,0,1.081
330,13,R,188,27,36,0,1.081
330,14,U,240,224,243,0,1.081
330,15,F,28,146,73,0,1.081
330,16,D,243,205,47,0,1.081
330,17,D,252,214,46,0,1.081
330,18,B,24,73,201,0,1.081
330,19,U,240,207,237,0,1.081
330,20,U,247,213,236,0,1.081
330,21,D,250,191,52,0,1.081
330,22,F,24,148,74,0,1.081
330,23,D,244,199,53,0,1.081
330,24,B,33,60,191,0,1.081
330,25,R,196,23,53,0,1.081
330,26,D,254,213,48,0,1.081
330,27,R,199,37,65,0,1.081
330,28,F,30,139,61,0,1.081
330,29,R,188,25,41,0,1.081
330,30,B,16,54,188,0,1.081
330,31,D,242,204,47,0,1.081
330,32,R,203,17,40,0,1.081
330,33,F,100,200,137,1,1.081
330,34,D,238,198,63,0,1.081
330,35,F,29,127,62,0,1.081
330,36,B,28,69,188,0,1.081
330,37,F,29,145,67,0,1.081
330,38,U,228,207,236,0,1.081
330,39,B,29,62,204,0,1.081
330,40,L,255,97,23,0,1.081
330,41,L,234,103,23,0,1.081
330,42,U,246,221,235,0,1.081
330,43,U,250,219,233,0,1.081
330,44,U,226,213,247,0,1.081
330,45,R,193,36,32,0,1.081
330,46,L,236,90,24,0,1.081
330,47,L,226,97,32,0,1.081
330,48,F,38,153,58,0,1.081
330,49,B,30,63,192,0,1.081
330,50,R,202,22,21,0,1.081
330,51,L,252,114,14,0,1.081
330,52,B,26,70,203,0,1.081
330,53,L,243,101,29,0,1.081
331,0,R,133,21,37,0,0.732
331,1,D,170,141,48,0,0.732
331,2,F,24,78,51,0,0.732
331,3,F,21,95,49,0,0.732
331,4,U,154,142,182,0,0.732
331,5,U,156,146,175,0,0.732
331,6,R,126,19,34,0,0.732
331,7,U,154,136,182,0,0.732
331,8,B,15,45,136,0,0.732
331,9,D,149,120,23,0,0.732
331,10,R,124,1,21,0,0.732
331,11,L,156,62,11,0,0.732
331,12,D,174,140,27,0,0.732
331,13,R,128,23,24,0,0.732
331,14,B,1,54,144,0,0.732
331,15,U,154,163,185,0,0.732
331,16,F,13,97,48,0,0.732
331,17,L,147,91,10,0,0.732
331,18,U,153,147,196,0,0.732
331,19,L,171,71,22,0,0.732
331,20,R,149,35,27,0,0.732
331,21,F,18,90,46,0,0.732
331,22,F,19,107,44,0,0.732
331,23,R,108,4,15,0,0.732
331,24,L,153,69,2,0,0.732
331,25,B,0,46,147,0,0.732
331,26,F,79,162,117,1,0.732
331,27,U,163,155,159,0,0.732
331,28,U,218,224,254,1,0.732
331,29,R,122,16,27,0,0.732
331,30,F,10,87,40,0,0.732
331,31,D,149,132,25,0,0.732
331,32,R,132,12,13,0,0.732
331,33,D,163,126,31,0,0.732
331,34,B,15,33,134,0,0.732
331,35,U,163,135,182,0,0.732
331,36,D,166,128,24,0,0.732
331,37,D,158,131,29,0,0.732
331,38,B,6,39,141,0,0.732
331,39,L,160,70,7,0,0.732
331,40,L,158,58,9,0,0.732
331,41,U,158,124,175,0,0.732
331,42,L,157,69,25,0,0.732
331,43,L,159,67,20,0,0.732
331,44,F,14,90,50,0,0.732
331,45,D,165,148,35,0,0.732
331,46,L,161,66,14,0,0.732
331,47,F,8,91,56,0,0.732
331,48,D,168,134,21,0,0.732
331,49,B,19,46,145,0,0.732
331,50,B,24,54,156,0,0.732
331,51,B,21,61,145,0,0.732
331,52,R,127,19,21,0,0.732
331,53,B,19,49,142,0,0.732
332,0,U,151,111,134,0,0.586
332,1,U,220,201,199,1,0.586
332,2,U,154,136,126,0,0.586
332,3,D,156,126,31,0,0.586
332,4,U,157,137,124,0,0.586
332,5,B,25,40,94,0,0.586
332,6,D,151,117,30,0,0.586
332,7,R,134,12,21,0,0.586
332,8,U,147,125,112,0,0.586
332,9,F,2,73,24,0,0.586
332,10,L,148,66,11,0,0.586
332,11,B,10,44,97,0,0.586
332,12,U,142,136,118,0,0.586
332,13,R,125,15,16,0,0.586
332,14,B,18,38,85,0,0.586
332,15,F,22,86,20,0,0.586
332,16,B,16,30,103,0,0.586
332,17,B,5,48,88,0,0.586
332,18,F,21,90,49,0,0.586
332,19,D,161,120,24,0,0.586
332,20,L,165,63,18,0,0.586
332,21,R,146,26,21,0,0.586
332,22,F,27,87,36,0,0.586
332,23,R,129,5,22,0,0.586
332,24,B,18,49,108,0,0.586
332,25,R,114,13,16,0,0.586
332,26,L,158,59,19,0,0.586
332,27,R,109,21,24,0,0.586
332,28,F,20,93,23,0,0.586
332,29,D,150,117,25,0,0.586
332,30,U,161,124,120,0,0.586
332,31,D,157,107,31,0,0.586
332,32,D,166,126,10,0,0.586
332,33,D,158,115,25,0,0.586
332,34,D,145,124,20,0,0.586
332,35,R,135,12,23,0,0.586
332,36,R,122,2,16,0,0.586
332,37,F,22,90,30,0,0.586
332,38,R,122,15,21,0,0.586
332,39,F,15,79,36,0,0.586
332,40,L,174,63,22,0,0.586
332,41,B,71,111,161,1,0.586
332,42,L,169,67,22,0,0.586
332,43,L,155,64,0,0,0.586
332,44,U,155,120,126,0,0.586
332,45,L,153,43,0,0,0.586
332,46,F,7,86,36,0,0.586
332,47,F,3,76,43,0,0.586
332,48,U,156,134,124,0,0.586
332,49,B,25,46,118,0,0.586
332,50,L,149,59,14,0,0.586
332,51,D,154,122,16,0,0.586
332,52,L,172,64,12,0,0.586
332,53,B,21,27,101,0,0.586
333,0,U,195,183,163,0,0.74
333,1,U,190,182,179,0,0.74
333,2,L,196,85,41,0,0.74
333,3,R,158,30,35,0,0.74
333,4,U,206,182,171,0,0.74
333,5,B,24,58,135,0,0.74
333,6,R,166,42,35,0,0.74
333,7,L,255,149,79,1,0.74
333,8,D,190,175,22,0,0.74
333,9,B,16,63,143,0,0.74
333,10,D,196,160,40,0,0.74
333,11,F,26,115,41,0,0.74
333,12,F,22,116,50,0,0.74
333,13,R,160,27,29,0,0.74
333,14,B,15,63,158,0,0.74
333,15,L,182,95,33,0,0.74
333,16,L,183,78,16,0,0.74
333,17,R,162,13,34,0,0.74
333,18,D,189,177,22,0,0.74
333,19,B,35,58,148,0,0.74
333,20,L,191,103,8,0,0.74
333,21,L,198,98,11,0,0.74
333,22,F,18,115,47,0,0.74
333,23,D,195,188,27,0,0.74
333,24,R,146,39,31,0,0.74
333,25,U,181,194,186,0,0.74
333,26,D,193,167,33,0,0.74
333,27,B,23,54,160,0,0.74
333,28,R,145,21,25,0,0.74
333,29,F,22,112,65,0,0.74
333,30,U,198,194,176,0,0.74
333,31,D,197,166,41,0,0.74
333,32,F,16,109,40,0,0.74
333,33,L,190,90,16,0,0.74
333,34,L,182,104,18,0,0.74
333,35,U,197,178,171,0,0.74
333,36,B,28,54,141,0,0.74
333,37,D,186,167,27,0,0.74
333,38,F,31,120,55,0,0.74
333,39,F,19,99,53,0,0.74
333,40,L,196,81,24,0,0.74
333,41,U,181,197,183,0,0.74
333,42,U,211,193,174,0,0.74
333,43,B,14,48,156,0,0.74
333,44,D,184,169,28,0,0.74
333,45,U,183,185,178,0,0.74
333,46,F,31,121,64,0,0.74
333,47,R,161,20,30,0,0.74
333,48,R,142,21,16,0,0.74
333,49,B,14,56,147,0,0.74
333,50,R,157,21,28,0,0.74
333,51,F,24,126,52,0,0.74
333,52,D,208,164,41,0,0.74
333,53,B,24,62,160,0,0.74
334,0,D,175,153,29,0,0.661
334,1,B,15,36,124,0,0.661
334,2,L,171,71,23,0,0.661
334,3,F,18,109,63,0,0.661
334,4,U,167,179,174,0,0.661
334,5,F,24,100,41,0,0.661
334,6,F,14,100,37,0,0.661
334,7,R,138,27,34,0,0.661
334,8,U,185,165,167,0,0.661
334,9,L,161,84,20,0,0.661
334,10,U,173,179,161,0,0.661
334,11,B,4,69,127,0,0.661
334,12,F,14,98,41,0,0.661
334,13,R,124,22,26,0,0.661
334,14,R,129,15,35,0,0.661
334,15,U,169,181,179,0,0.661
334,16,R,144,33,21,0,0.661
334,17,D,166,156,30,0,0.661
334,18,U,155,163,165,0,0.661
334,19,B,15,67,147,0,0.661
334,20,B,12,46,135,0,0.661
334,21,L,240,133,81,1,0.661
334,22,F,12,92,58,0,0.661
334,23,D,176,157,44,0,0.661
334,24,R,156,14,36,0,0.661
334,25,U,169,169,156,0,0.661
334,26,L,158,94,13,0,0.661
334,27,U,167,175,171,0,0.661
334,28,L,174,80,27,0,0.661
334,29,F,18,116,41,0,0.661
334,30,B,29,54,131,0,0.661
334,31,D,170,157,41,0,0.661
334,32,D,164,160,22,0,0.661
334,33,R,138,29,11,0,0.661
334,34,D,162,160,21,0,0.661
334,35,F,17,110,70,0,0.661
334,36,R,134,18,23,0,0.661
334,37,R,146,17,26,0,0.661
334,38,R,137,20,30,0,0.661
334,39,D,181,164,20,0,0.661
334,40,L,170,79,13,0,0.661
334,41,F,75,168,134,1,0.661
334,42,F,23,107,44,0,0.661
334,43,L,153,80,17,0,0.661
334,44,B,16,42,140,0,0.661
334,45,D,161,146,32,0,0.661
334,46,U,165,181,170,0,0.661
334,47,B,16,66,143,0,0.661
334,48,U,181,169,160,0,0.661
334,49,B,9,47,143,0,0.661
334,50,L,178,75,27,0,0.661
334,51,L,168,90,13,0,0.661
334,52,B,18,40,156,0,0.661
334,53,D,237,227,95,1,0.661
335,0,B,19,51,142,0,0.75
335,1,U,167,180,178,0,0.75
335,2,B,12,58,139,0,0.75
335,3,D,161,164,27,0,0.75
335,4,U,176,171,171,0,0.75
335,5,B,25,57,133,0,0.75
335,6,U,159,171,171,0,0.75
335,7,D,174,151,32,0,0.75
335,8,U,188,155,161,0,0.75
335,9,F,18,117,54,0,0.75
335,10,R,146,33,41,0,0.75
335,11,U,172,170,154,0,0.75
335,12,F,25,120,47,0,0.75
335,13,R,146,20,31,0,0.75
335,14,F,12,126,60,0,0.75
335,15,F,7,112,47,0,0.75
335,16,L,172,89,16,0,0.75
335,17,L,176,78,37,0,0.75
335,18,R,135,14,32,0,0.75
335,19,R,130,17,27,0,0.75
335,20,L,171,82,19,0,0.75
335,21,D,174,165,29,0,0.75
335,22,F,25,114,51,0,0.75
335,23,L,161,76,24,0,0.75
335,24,F,18,101,53,0,0.75
335,25,D,180,160,26,0,0.75
335,26,L,177,80,15,0,0.75
335,27,R,143,18,35,0,0.75
335,28,B,17,56,126,0,0.75
335,29,D,241,221,88,1,0.75
335,30,U,182,169,173,0,0.75
335,31,D,166,154,44,0,0.75
335,32,B,33,53,141,0,0.75
335,33,D,162,164,35,0,0.75
335,34,R,146,24,24,0,0.75
335,35,B,10,45,130,0,0.75
335,36,U,178,183,157,0,0.75
335,37,L,167,77,13,0,0.75
335,38,F,23,117,49,0,0.75
335,39,F,13,111,38,0,0.75
335,40,L,162,81,22,0,0.75
335,41,F,14,111,51,0,0.75
335,42,B,27,49,132,0,0.75
335,43,L,171,84,11,0,0.75
335,44,D,174,158,19,0,0.75
335,45,R,141,13,33,0,0.75
335,46,B,8,42,146,0,0.75
335,47,L,164,72,23,0,0.75
335,48,U,162,173,176,0,0.75
335,49,B,14,49,137,0,0.75
335,50,R,147,17,21,0,0.75
335,51,D,174,159,37,0,0.75
335,52,U,165,172,160,0,0.75
335,53,R,143,16,35,0,0.75
336,0,L,254,101,12,0,0.983
336,1,L,251,109,14,0,0.983
336,2,R,198,21,26,0,0.983
336,3,D,243,203,21,0,0.983
336,4,U,251,207,233,0,0.983
336,5,B,29,61,178,0,0.983
336,6,R,183,37,31,0,0.983
336,7,L,241,93,38,0,0.983
336,8,U,255,210,225,0,0.983
336,9,B,26,62,195,0,0.983
336,10,R,195,31,39,0,0.983
336,11,U,237,218,243,0,0.983
336,12,U,249,213,252,0,0.983
336,13,R,195,17,40,0,0.983
336,14,R,197,30,34,0,0.983
336,15,D,255,198,44,0,0.983
336,16,U,241,216,229,0,0.983
336,17,L,245,109,33,0,0.983
336,18,D,242,193,48,0,0.983
336,19,F,20,140,63,0,0.983
336,20,R,203,20,43,0,0.983
336,21,L,251,99,24,0,0.983
336,22,F,34,143,75,0,0.983
336,23,F,47,135,60,0,0.983
336,24,U,242,219,236,0,0.983
336,25,D,240,207,40,0,0.983
336,26,F,20,139,49,0,0.983
336,27,F,22,139,70,0,0.983
336,28,L,250,95,19,0,0.983
336,29,L,251,113,23,0,0.983
336,30,F,18,130,65,0,0.983
336,31,D,236,190,34,0,0.983
336,32,B,32,64,195,0,0.983
336,33,B,34,56,193,0,0.983
336,34,D,246,218,47,0,0.983
336,35,B,25,66,197,0,0.983
336,36,B,21,59,182,0,0.983
336,37,F,28,143,63,0,0.983
336,38,F,34,129,74,0,0.983
336,39,B,35,76,176,0,0.983
336,40,L,245,112,24,0,0.983
336,41,B,12,65,188,0,0.983
336,42,R,193,28,32,0,0.983
336,43,R,212,15,45,0,0.983
336,44,L,255,92,28,0,0.983
336,45,F,10,149,68,0,0.983
336,46,U,255,215,242,0,0.983
336,47,U,255,221,239,0,0.983
336,48,U,255,204,248,0,0.983
336,49,B,24,60,195,0,0.983
336,50,D,255,196,34,0,0.983
336,51,D,242,206,47,0,0.983
336,52,R,195,28,37,0,0.983
336,53,D,255,200,35,0,0.983
337,0,R,146,18,34,0,0.896
337,1,B,16,66,154,0,0.896
337,2,U,177,207,194,0,0.896
337,3,L,203,99,17,0,0.896
337,4,U,167,219,190,0,0.896
337,5,U,188,219,193,0,0.896
337,6,F,23,149,46,0,0.896
337,7,F,6,134,50,0,0.896
337,8,U,184,209,196,0,0.896
337,9,L,188,86,22,0,0.896
337,10,R,143,23,28,0,0.896
337,11,L,170,103,20,0,0.896
337,12,D,195,192,23,0,0.896
337,13,R,141,25,26,0,0.896
337,14,B,8,84,165,0,0.896
337,15,L,183,89,4,0,0.896
337,16,R,147,17,27,0,0.896
337,17,L,194,85,33,0,0.896
337,18,R,162,26,33,0,0.896
337,19,U,187,218,196,0,0.896
337,20,B,10,65,161,0,0.896
337,21,F,5,132,60,0,0.896
337,22,F,24,134,56,0,0.896
337,23,B,18,66,166,0,0.896
337,24,U,168,221,193,0,0.896
337,25,F,17,144,51,0,0.896
337,26,B,0,70,150,0,0.896
337,27,B,20,60,164,0,0.896
337,28,D,179,201,39,0,0.896
337,29,D,183,197,35,0,0.896
337,30,D,197,201,41,0,0.896
337,31,D,182,184,37,0,0.896
337,32,D,186,185,40,0,0.896
337,33,U,185,212,201,0,0.896
337,34,L,188,106,15,0,0.896
337,35,D,180,193,16,0,0.896
337,36,B,29,53,158,0,0.896
337,37,U,183,217,199,0,0.896
337,38,D,251,255,126,1,0.896
337,39,R,158,19,35,0,0.896
337,40,L,181,99,19,0,0.896
337,41,R,166,23,32,0,0.896
337,42,F,25,144,52,0,0.896
337,43,L,195,104,15,0,0.896
337,44,R,136,29,41,0,0.896
337,45,F,8,139,58,0,0.896
337,46,U,182,216,195,0,0.896
337,47,D,169,210,37,0,0.896
337,48,L,182,98,17,0,0.896
337,49,B,25,59,163,0,0.896
337,50,B,35,59,156,0,0.896
337,51,F,23,128,54,0,0.896
337,52,F,3,153,55,0,0.896
337,53,R,221,97,114,1,0.896
338,0,L,255,124,30,0,1.22
338,1,B,35,68,226,0,1.22
338,2,R,244,34,58,0,1.22
338,3,R,255,100,117,1,1.22
338,4,U,255,255,255,0,1.22
338,5,F,37,166,55,0,1.22
338,6,R,236,42,58,0,1.22
338,7,L,255,144,25,0,1.22
338,8,D,255,255,52,0,1.22
338,9,R,250,29,53,0,1.22
338,10,U,255,255,255,0,1.22
338,11,F,46,189,86,0,1.22
338,12,F,26,163,75,0,1.22
338,13,R,255,28,59,0,1.22
338,14,B,50,73,237,0,1.22
338,15,B,51,82,230,0,1.22
338,16,D,255,255,41,0,1.22
338,17,L,255,119,35,0,1.22
338,18,F,24,174,98,0,1.22
338,19,U,255,255,255,0,1.22
338,20,B,38,85,241,0,1.22
338,21,D,255,255,46,0,1.22
338,22,F,41,178,82,0,1.22
338,23,L,255,113,40,0,1.22
338,24,F,32,165,104,0,1.22
338,25,R,241,30,41,0,1.22
338,26,U,255,255,255,0,1.22
338,27,L,255,125,52,0,1.22
338,28,U,255,255,255,0,1.22
338,29,R,234,29,64,0,1.22
338,30,B,34,80,232,0,1.22
338,31,D,255,244,45,0,1.22
338,32,L,255,120,20,0,1.22
338,33,U,255,255,255,0,1.22
338,34,F,40,172,77,0,1.22
338,35,D,255,255,59,0,1.22
338,36,D,255,255,31,0,1.22
338,37,F,37,184,75,0,1.22
338,38,U,255,255,255,0,1.22
338,39,R,237,30,52,0,1.22
338,40,L,255,134,34,0,1.22
338,41,B,37,61,228,0,1.22
338,42,B,26,87,246,0,1.22
338,43,R,239,27,37,0,1.22
338,44,U,255,255,255,0,1.22
338,45,D,255,255,117,1,1.22
338,46,U,255,255,255,0,1.22
338,47,B,23,78,242,0,1.22
338,48,L,255,132,35,0,1.22
338,49,B,44,89,240,0,1.22
338,50,D,255,251,35,0,1.22
338,51,F,30,169,90,0,1.22
338,52,D,255,251,47,0,1.22
338,53,L,255,206,97,1,1.22
339,0,U,222,255,243,0,0.991
339,1,F,15,168,75,0,0.991
339,2,B,23,64,192,0,0.991
339,3,F,22,169,80,0,0.991
339,4,U,215,255,247,0,0.991
339,5,U,220,250,241,0,0.991
339,6,F,30,146,75,0,0.991
339,7,F,29,154,61,0,0.991
339,8,L,208,124,37,0,0.991
339,9,F,18,176,71,0,0.991
339,10,L,212,114,36,0,0.991
339,11,D,255,255,110,1,0.991
339,12,R,177,23,50,0,0.991
339,13,R,170,29,52,0,0.991
339,14,L,207,114,40,0,0.991
339,15,U,223,241,250,0,0.991
339,16,B,33,65,200,0,0.991
339,17,R,172,36,30,0,0.991
339,18,L,210,114,37,0,0.991
339,19,D,213,236,44,0,0.991
339,20,D,218,228,50,0,0.991
339,21,R,162,36,45,0,0.991
339,22,F,29,152,69,0,0.991
339,23,U,210,255,255,0,0.991
339,24,D,218,241,55,0,0.991
339,25,U,200,249,252,0,0.991
339,26,R,176,36,46,0,0.991
339,27,R,179,31,36,0,0.991
339,28,B,33,78,197,0,0.991
339,29,B,29,93,201,0,0.991
339,30,L,207,123,20,0,0.991
339,31,D,210,236,43,0,0.991
339,32,R,174,34,51,0,0.991
339,33,F,26,158,80,0,0.991
339,34,F,15,171,82,0,0.991
339,35,U,215,252,226,0,0.991
339,36,L,210,123,28,0,0.991
339,37,U,208,255,254,0,0.991
339,38,U,213,255,241,0,0.991
339,39,B,33,75,209,0,0.991
339,40,L,209,118,34,0,0.991
339,41,D,255,255,109,1,0.991
339,42,D,206,226,51,0,0.991
339,43,B,30,81,196,0,0.991
339,44,B,18,88,210,0,0.991
339,45,L,255,174,101,1,0.991
339,46,R,165,40,37,0,0.991
339,47,B,15,79,192,0,0.991
339,48,D,221,235,41,0,0.991
339,49,B,21,83,203,0,0.991
339,50,D,221,230,51,0,0.991
339,51,F,94,234,146,1,0.991
339,52,L,213,122,25,0,0.991
339,53,R,172,33,53,0,0.991
340,0,R,225,27,44,0,1.022
340,1,L,255,100,22,0,1.022
340,2,B,28,80,199,0,1.022
340,3,D,255,220,40,0,1.022
340,4,U,255,238,255,0,1.022
340,5,U,255,250,255,0,1.022
340,6,F,21,154,82,0,1.022
340,7,F,19,152,66,0,1.022
340,8,D,255,255,112,1,1.022
340,9,F,33,151,74,0,1.022
340,10,L,255,181,96,1,1.022
340,11,D,255,214,46,0,1.022
340,12,B,30,77,214,0,1.022
340,13,R,224,33,46,0,1.022
340,14,L,255,116,32,0,1.022
340,15,U,255,237,255,0,1.022
340,16,R,214,21,47,0,1.022
340,17,L,255,118,26,0,1.022
340,18,U,255,240,255,0,1.022
340,19,U,255,225,255,0,1.022
340,20,R,197,27,36,0,1.022
340,21,B,31,65,204,0,1.022
340,22,F,24,152,81,0,1.022
340,23,L,255,121,28,0,1.022
340,24,D,255,220,45,0,1.022
340,25,U,255,234,255,0,1.022
340,26,L,255,109,29,0,1.022
340,27,R,208,41,53,0,1.022
340,28,B,26,88,226,0,1.022
340,29,F,14,156,83,0,1.022
340,30,R,221,43,58,0,1.022
340,31,D,255,212,53,0,1.022
340,32,F,40,151,63,0,1.022
340,33,F,22,167,74,0,1.022
340,34,F,27,141,62,0,1.022
340,35,U,255,233,255,0,1.022
340,36,U,255,240,255,0,1.022
340,37,R,217,34,62,0,1.022
340,38,R,226,19,45,0,1.022
340,39,B,6,67,226,0,1.022
340,40,L,255,112,24,0,1.022
340,41,R,231,29,43,0,1.022
340,42,L,255,116,21,0,1.022
340,43,U,255,238,255,0,1.022
340,44,B,33,67,211,0,1.022
340,45,L,255,111,36,0,1.022
340,46,F,12,147,85,0,1.022
340,47,B,19,74,197,0,1.022
340,48,D,255,225,58,0,1.022
340,49,B,37,55,210,0,1.022
340,50,D,255,255,111,1,1.022
340,51,B,31,62,209,0,1.022
340,52,D,255,205,52,0,1.022
340,53,D,255,227,45,0,1.022
341,0,U,207,255,255,0,1.011
341,1,D,198,221,40,0,1.011
341,2,R,176,34,48,0,1.011
341,3,U,203,251,255,0,1.011
341,4,U,214,240,255,0,1.011
341,5,F,33,177,57,0,1.011
341,6,D,211,232,40,0,1.011
341,7,L,206,105,25,0,1.011
341,8,F,26,159,84,0,1.011
341,9,L,207,125,30,0,1.011
341,10,L,204,122,31,0,1.011
341,11,U,207,235,255,0,1.011
341,12,R,179,36,55,0,1.011
341,13,R,155,36,51,0,1.011
341,14,L,215,124,17,0,1.011
341,15,D,218,233,57,0,1.011
341,16,U,255,255,255,1,1.011
341,17,B,30,77,215,0,1.011
341,18,F,24,163,77,0,1.011
341,19,D,204,229,44,0,1.011
341,20,U,212,252,250,0,1.011
341,21,U,215,246,255,0,1.011
341,22,F,25,167,76,0,1.011
341,23,B,27,78,218,0,1.011
341,24,B,23,66,214,0,1.011
341,25,B,17,78,213,0,1.011
341,26,F,19,146,88,0,1.011
341,27,D,188,222,50,0,1.011
341,28,D,213,230,46,0,1.011
341,29,L,214,105,20,0,1.011
341,30,D,220,242,48,0,1.011
341,31,D,229,218,47,0,1.011
341,32,F,26,170,60,0,1.011
341,33,D,210,217,35,0,1.011
341,34,R,235,82,114,1,1.011
341,35,U,210,255,252,0,1.011
341,36,L,255,185,102,1,1.011
341,37,R,170,32,36,0,1.011
341,38,R,173,38,55,0,1.011
341,39,U,197,244,255,0,1.011
341,40,L,214,121,20,0,1.011
341,41,L,234,128,32,0,1.011
341,42,L,205,104,24,0,1.011
341,43,R,163,25,49,0,1.011
341,44,R,167,34,44,0,1.011
341,45,F,22,164,73,0,1.011
341,46,F,21,152,67,0,1.011
341,47,B,10,74,202,0,1.011
341,48,B,20,76,214,0,1.011
341,49,B,27,74,219,0,1.011
341,50,B,14,63,207,0,1.011
341,51,R,172,35,54,0,1.011
341,52,F,31,150,74,0,1.011
341,53,B,28,71,210,0,1.011
342,0,U,147,140,179,0,0.639
342,1,F,23,72,57,0,0.639
342,2,B,41,35,131,0,0.639
342,3,L,141,58,22,0,0.639
342,4,U,142,121,161,0,0.639
342,5,R,114,16,44,0,0.639
342,6,B,27,40,138,0,0.639
342,7,F,11,75,36,0,0.639
342,8,U,141,109,154,0,0.639
342,9,L,160,50,16,0,0.639
342,10,B,12,29,134,0,0.639
342,11,R,118,20,27,0,0.639
342,12,F,10,77,41,0,0.639
342,13,R,130,0,31,0,0.639
342,14,D,139,134,33,0,0.639
342,15,F,15,99,51,0,0.639
342,16,D,139,129,37,0,0.639
342,17,D,150,124,17,0,0.639
342,18,L,126,46,23,0,0.639
342,19,D,219,193,101,1,0.639
342,20,B,25,31,131,0,0.639
342,21,U,139,132,157,0,0.639
342,22,F,7,93,46,0,0.639
342,23,U,147,129,173,0,0.639
342,24,R,116,13,21,0,0.639
342,25,B,22,34,114,0,0.639
342,26,U,137,132,154,0,0.639
342,27,F,23,86,43,0,0.639
342,28,L,162,61,9,0,0.639
342,29,L,145,69,26,0,0.639
342,30,R,116,7,38,0,0.639
342,31,D,152,118,37,0,0.639
342,32,L,160,61,30,0,0.639
342,33,D,157,119,28,0,0.639
342,34,U,145,124,162,0,0.639
342,35,F,12,83,36,0,0.639
342,36,B,11,34,142,0,0.639
342,37,U,144,119,168,0,0.639
342,38,D,139,115,31,0,0.639
342,39,F,19,77,57,0,0.639
342,40,L,144,54,24,0,0.639
342,41,B,23,31,126,0,0.639
342,42,R,109,25,29,0,0.639
342,43,D,155,98,21,0,0.639
342,44,U,142,122,164,0,0.639
342,45,D,137,122,28,0,0.639
342,46,R,121,26,24,0,0.639
342,47,R,119,7,38,0,0.639
342,48,B,0,43,125,0,0.639
342,49,B,20,51,139,0,0.639
342,50,L,155,49,1,0,0.639
342,51,L,144,59,11,0,0.639
342,52,R,110,21,28,0,0.639
342,53,F,27,80,45,0,0.639
343,0,B,41,98,242,0,1.235
343,1,D,255,255,53,0,1.235
343,2,F,44,199,82,0,1.235
343,3,F,36,201,81,0,1.235
343,4,U,255,255,255,0,1.235
343,5,U,255,255,255,0,1.235
343,6,D,255,255,45,0,1.235
343,7,F,34,188,76,0,1.235
343,8,B,31,103,237,0,1.235
343,9,L,255,147,36,0,1.235
343,10,B,47,93,236,0,1.235
343,11,U,255,255,255,1,1.235
343,12,L,255,136,40,0,1.235
343,13,R,254,52,66,0,1.235
343,14,R,252,45,52,0,1.235
343,15,U,255,255,255,0,1.235
343,16,B,32,106,232,0,1.235
343,17,D,255,255,52,0,1.235
343,18,F,26,190,74,0,1.235
343,19,U,255,255,255,0,1.235
343,20,D,255,255,60,0,1.235
343,21,D,255,255,57,0,1.235
343,22,F,23,197,98,0,1.235
343,23,F,32,198,63,0,1.235
343,24,U,255,255,255,0,1.235
343,25,D,255,255,37,0,1.235
343,26,B,40,98,246,0,1.235
343,27,R,248,25,36,0,1.235
343,28,F,20,195,86,0,1.235
343,29,L,255,147,26,0,1.235
343,30,L,255,139,36,0,1.235
343,31,D,255,255,45,0,1.235
343,32,L,255,144,34,0,1.235
343,33,B,42,98,235,0,1.235
343,34,R,242,39,33,0,1.235
343,35,F,36,184,76,0,1.235
343,36,R,255,41,43,0,1.235
343,37,R,250,27,48,0,1.235
343,38,R,231,31,44,0,1.235
343,39,D,255,255,36,0,1.235
343,40,L,255,134,28,0,1.235
343,41,L,255,213,82,1,1.235
343,42,R,235,41,68,0,1.235
343,43,U,255,255,255,0,1.235
343,44,F,39,169,78,0,1.235
343,45,L,255,217,88,1,1.235
343,46,B,37,91,247,0,1.235
343,47,U,255,255,255,0,1.235
343,48,B,30,79,235,0,1.235
343,49,B,25,88,228,0,1.235
343,50,R,254,38,45,0,1.235
343,51,L,255,201,111,1,1.235
343,52,U,255,255,255,0,1.235
343,53,D,255,255,52,0,1.235
344,0,L,205,72,10,0,0.735
344,1,U,198,192,192,0,0.735
344,2,B,28,57,168,0,0.735
344,3,D,206,159,28,0,0.735
344,4,U,177,173,202,0,0.735
344,5,D,178,175,34,0,0.735
344,6,R,146,29,34,0,0.735
344,7,U,179,171,205,0,0.735
344,8,R,154,31,30,0,0.735
344,9,F,26,112,44,0,0.735
344,10,B,21,57,153,0,0.735
344,11,L,200,83,16,0,0.735
344,12,R,160,23,36,0,0.735
344,13,R,143,23,29,0,0.735
344,14,L,191,75,30,0,0.735
344,15,U,200,172,197,0,0.735
344,16,R,157,27,28,0,0.735
344,17,F,23,135,53,0,0.735
344,18,U,196,172,191,0,0.735
344,19,L,190,76,11,0,0.735
344,20,U,206,172,196,0,0.735
344,21,U,185,175,178,0,0.735
344,22,F,24,108,62,0,0.735
344,23,U,197,174,185,0,0.735
344,24,R,159,19,27,0,0.735
344,25,F,19,118,45,0,0.735
344,26,L,198,85,23,0,0.735
344,27,B,23,40,155,0,0.735
344,28,D,199,159,28,0,0.735
344,29,F,35,114,62,0,0.735
344,30,R,159,29,39,0,0.735
344,31,D,190,156,31,0,0.735
344,32,B,20,39,157,0,0.735
344,33,F,14,118,55,0,0.735
344,34,L,178,100,2,0,0.735
344,35,L,208,82,47,0,0.735
344,36,D,198,170,33,0,0.735
344,37,L,186,67,13,0,0.735
344,38,B,15,54,165,0,0.735
344,39,R,230,93,110,1,0.735
344,40,L,196,97,39,0,0.735
344,41,F,21,115,62,0,0.735
344,42,D,200,166,25,0,0.735
344,43,D,193,167,36,0,0.735
344,44,D,188,151,28,0,0.735
344,45,U,190,177,186,0,0.735
344,46,B,0,50,159,0,0.735
344,47,B,38,50,157,0,0.735
344,48,B,29,59,163,0,0.735
344,49,B,5,54,165,0,0.735
344,50,F,24,106,42,0,0.735
344,51,D,208,171,34,0,0.735
344,52,F,23,107,65,0,0.735
344,53,R,158,39,35,0,0.735
345,0,D,254,196,37,0,1.013
345,1,L,255,111,23,0,1.013
345,2,B,31,71,180,0,1.013
345,3,D,249,190,32,0,1.013
345,4,U,243,237,197,0,1.013
345,5,B,27,74,159,0,1.013
345,6,D,255,189,25,0,1.013
345,7,L,245,103,23,0,1.013
345,8,L,245,87,32,0,1.013
345,9,F,28,134,63,0,1.013
345,10,U,255,255,255,1,1.013
345,11,L,243,90,19,0,1.013
345,12,D,243,193,49,0,1.013
345,13,R,195,24,44,0,1.013
345,14,B,26,75,169,0,1.013
345,15,U,247,206,216,0,1.013
345,16,R,204,25,39,0,1.013
345,17,L,250,85,18,0,1.013
345,18,F,33,138,58,0,1.013
345,19,F,26,137,54,0,1.013
345,20,D,248,198,48,0,1.013
345,21,R,197,19,35,0,1.013
345,22,F,33,141,53,0,1.013
345,23,F,28,137,63,0,1.013
345,24,R,206,30,29,0,1.013
345,25,D,238,192,42,0,1.013
345,26,R,200,16,23,0,1.013
345,27,F,25,123,61,0,1.013
345,28,L,244,88,21,0,1.013
345,29,B,19,60,176,0,1.013
345,30,R,187,36,47,0,1.013
345,31,D,246,206,14,0,1.013
345,32,U,241,200,210,0,1.013
345,33,L,255,84,32,0,1.013
345,34,F,29,121,65,0,1.013
345,35,B,17,59,183,0,1.013
345,36,R,205,16,38,0,1.013
345,37,B,24,63,185,0,1.013
345,38,R,198,39,34,0,1.013
345,39,F,32,130,56,0,1.013
345,40,L,236,103,15,0,1.013
345,41,D,243,194,29,0,1.013
345,42,F,33,121,52,0,1.013
345,43,B,29,78,179,0,1.013
345,44,U,244,218,217,0,1.013
345,45,U,243,214,205,0,1.013
345,46,U,252,213,224,0,1.013
345,47,B,32,59,159,0,1.013
345,48,L,243,109,46,0,1.013
345,49,B,23,66,170,0,1.013
345,50,R,205,0,46,0,1.013
345,51,D,255,194,26,0,1.013
345,52,U,244,220,200,0,1.013
345,53,U,253,217,206,0,1.013
346,0,F,37,150,67,0,0.922
346,1,L,209,110,16,0,0.922
346,2,L,195,117,28,0,0.922
346,3,L,205,104,23,0,0.922
346,4,U,224,234,229,0,0.922
346,5,L,197,98,27,0,0.922
346,6,L,221,113,28,0,0.922
346,7,B,34,70,154,0,0.922
346,8,U,209,224,215,0,0.922
346,9,L,226,107,9,0,0.922
346,10,D,207,212,31,0,0.922
346,11,D,221,216,36,0,0.922
346,12,R,170,17,24,0,0.922
346,13,R,171,31,38,0,0.922
346,14,F,10,138,58,0,0.922
346,15,B,20,74,170,0,0.922
346,16,R,169,15,29,0,0.922
346,17,B,22,71,180,0,0.922
346,18,U,226,220,230,0,0.922
346,19,U,218,213,218,0,0.922
346,20,B,12,59,186,0,0.922
346,21,D,221,215,35,0,0.922
346,22,F,34,149,52,0,0.922
346,23,U,200,229,239,0,0.922
346,24,B,22,64,174,0,0.922
346,25,D,213,211,41,0,0.922
346,26,D,222,209,53,0,0.922
346,27,D,213,198,44,0,0.922
346,28,B,26,74,178,0,0.922
346,29,L,217,102,21,0,0.922
346,30,L,255,194,97,1,0.922
346,31,D,217,219,38,0,0.922
346,32,B,10,69,163,0,0.922
346,33,U,199,226,241,0,0.922
346,34,R,179,38,25,0,0.922
346,35,U,215,226,210,0,0.922
346,36,R,163,33,26,0,0.922
346,37,B,35,71,183,0,0.922
346,38,F,18,153,63,0,0.922
346,39,D,226,216,47,0,0.922
346,40,L,210,121,26,0,0.922
346,41,F,24,159,52,0,0.922
346,42,F,15,145,65,0,0.922
346,43,U,204,238,218,0,0.922
346,44,R,176,36,33,0,0.922
346,45,F,21,129,57,0,0.922
346,46,F,24,143,54,0,0.922
346,47,D,206,215,42,0,0.922
346,48,U,207,230,208,0,0.922
346,49,B,20,77,179,0,0.922
346,50,R,158,28,47,0,0.922
346,51,R,167,8,40,0,0.922
346,52,F,12,152,56,0,0.922
346,53,R,159,36,49,0,0.922
347,0,F,31,157,71,0,1.075
347,1,F,32,158,84,0,1.075
347,2,R,196,33,44,0,1.075
347,3,F,22,150,71,0,1.075
347,4,U,230,248,255,0,1.075
347,5,B,24,75,227,0,1.075
347,6,L,234,120,28,0,1.075
347,7,D,255,240,38,0,1.075
347,8,B,17,60,229,0,1.075
347,9,L,237,116,10,0,1.075
347,10,U,234,247,255,0,1.075
347,11,F,29,155,78,0,1.075
347,12,R,204,47,53,0,1.075
347,13,R,187,52,55,0,1.075
347,14,U,240,232,255,0,1.075
347,15,B,21,62,227,0,1.075
347,16,L,234,113,26,0,1.075
347,17,B,96,144,255,1,1.075
347,18,F,25,139,85,0,1.075
347,19,F,27,149,81,0,1.075
347,20,D,244,208,42,0,1.075
347,21,L,235,118,33,0,1.075
347,22,F,28,148,68,0,1.075
347,23,U,242,249,255,0,1.075
347,24,R,184,37,55,0,1.075
347,25,B,31,69,219,0,1.075
347,26,L,249,109,17,0,1.075
347,27,F,29,156,81,0,1.075
347,28,D,241,222,57,0,1.075
347,29,U,225,239,255,0,1.075
347,30,L,235,106,20,0,1.075
347,31,D,249,231,46,0,1.075
347,32,B,26,76,225,0,1.075
347,33,B,28,80,223,0,1.075
347,34,B,28,63,220,0,1.075
347,35,U,241,255,255,0,1.075
347,36,L,237,120,27,0,1.075
347,37,L,228,111,31,0,1.075
347,38,D,255,210,53,0,1.075
347,39,R,199,29,38,0,1.075
347,40,L,244,121,27,0,1.075
347,41,U,247,251,255,0,1.075
347,42,R,190,23,53,0,1.075
347,43,D,240,198,44,0,1.075
347,44,U,230,245,255,0,1.075
347,45,D,241,214,56,0,1.075
347,46,R,189,33,53,0,1.075
347,47,U,240,235,255,0,1.075
347,48,F,16,146,77,0,1.075
347,49,B,29,62,223,0,1.075
347,50,D,238,215,57,0,1.075
347,51,R,183,42,49,0,1.075
347,52,R,195,26,29,0,1.075
347,53,D,237,217,39,0,1.075
348,0,F,29,182,95,0,1.23
348,1,L,255,132,29,0,1.23
348,2,F,32,163,77,0,1.23
348,3,B,38,92,211,0,1.23
348,4,U,255,255,247,0,1.23
348,5,D,255,238,37,0,1.23
348,6,R,255,39,36,0,1.23
348,7,D,255,248,46,0,1.23
348,8,U,255,255,255,0,1.23
348,9,L,255,149,23,0,1.23
348,10,F,22,183,72,0,1.23
348,11,U,255,255,255,0,1.23
348,12,U,255,255,255,0,1.23
348,13,R,255,32,41,0,1.23
348,14,R,255,38,50,0,1.23
348,15,B,40,93,214,0,1.23
348,16,U,255,255,255,0,1.23
348,17,B,34,89,210,0,1.23
348,18,D,255,255,57,0,1.23
348,19,B,27,97,217,0,1.23
348,20,B,45,89,220,0,1.23
348,21,F,28,187,58,0,1.23
348,22,F,13,182,78,0,1.23
348,23,B,32,94,220,0,1.23
348,24,F,37,184,71,0,1.23
348,25,D,255,255,33,0,1.23
348,26,D,255,253,45,0,1.23
348,27,D,255,255,43,0,1.23
348,28,R,251,50,43,0,1.23
348,29,L,255,149,15,0,1.23
348,30,B,34,82,209,0,1.23
348,31,D,255,255,40,0,1.23
348,32,F,39,183,73,0,1.23
348,33,B,36,83,213,0,1.23
348,34,F,32,178,79,0,1.23
348,35,U,255,255,255,0,1.23
348,36,U,255,255,255,0,1.23
348,37,L,255,132,24,0,1.23
348,38,F,35,169,71,0,1.23
348,39,L,255,123,17,0,1.23
348,40,L,255,124,1,0,1.23
348,41,L,255,135,32,0,1.23
348,42,R,255,42,52,0,1.23
348,43,R,252,41,47,0,1.23
348,44,L,255,143,39,0,1.23
348,45,L,255,132,19,0,1.23
348,46,D,255,255,42,0,1.23
348,47,R,255,38,42,0,1.23
348,48,U,255,255,255,0,1.23
348,49,B,41,86,203,0,1.23
348,50,U,255,255,255,0,1.23
348,51,R,255,44,35,0,1.23
348,52,R,255,34,43,0,1.23
348,53,D,255,255,27,0,1.23
349,0,B,33,84,250,0,1.14
349,1,D,255,255,57,0,1.14
349,2,D,255,255,62,0,1.14
349,3,L,255,137,35,0,1.14
349,4,U,255,255,255,0,1.14
349,5,U,255,255,255,0,1.14
349,6,D,255,255,56,0,1.14
349,7,R,227,19,52,0,1.14
349,8,D,255,255,50,0,1.14
349,9,B,29,88,239,0,1.14
349,10,B,26,87,234,0,1.14
349,11,R,236,37,45,0,1.14
349,12,D,255,253,52,0,1.14
349,13,R,226,54,45,0,1.14
349,14,U,255,255,255,0,1.14
349,15,F,95,248,154,1,1.14
349,16,U,255,255,255,0,1.14
349,17,L,255,128,22,0,1.14
349,18,R,235,40,30,0,1.14
349,19,D,255,255,38,0,1.14
349,20,L,255,127,25,0,1.14
349,21,L,255,143,41,0,1.14
349,22,F,25,186,80,0,1.14
349,23,F,30,188,84,0,1.14
349,24,R,229,45,51,0,1.14
349,25,D,255,255,36,0,1.14
349,26,R,234,37,56,0,1.14
349,27,U,255,255,255,0,1.14
349,28,B,42,84,233,0,1.14
349,29,U,255,255,255,0,1.14
349,30,R,227,35,54,0,1.14
349,31,D,255,255,56,0,1.14
349,32,L,255,135,45,0,1.14
349,33,F,30,171,88,0,1.14
349,34,B,39,93,242,0,1.14
349,35,D,255,255,62,0,1.14
349,36,U,255,255,255,0,1.14
349,37,F,24,181,76,0,1.14
349,38,B,34,71,231,0,1.14
349,39,R,238,41,49,0,1.14
349,40,L,255,131,29,0,1.14
349,41,B,103,167,255,1,1.14
349,42,U,255,255,255,0,1.14
349,43,U,255,255,255,0,1.14
349,44,B,52,79,238,0,1.14
349,45,F,18,185,90,0,1.14
349,46,L,255,134,28,0,1.14
349,47,L,255,142,43,0,1.14
349,48,F,28,179,79,0,1.14
349,49,B,35,71,241,0,1.14
349,50,F,23,183,88,0,1.14
349,51,F,40,192,71,0,1.14
349,52,R,233,42,54,0,1.14
349,53,L,255,143,15,0,1.14
350,0,L,116,57,19,0,0.547
350,1,R,88,22,22,0,0.547
350,2,R,95,18,10,0,0.547
350,3,B,10,30,88,0,0.547
350,4,U,116,153,116,0,0.547
350,5,D,180,204,88,1,0.547
350,6,F,9,89,32,0,0.547
350,7,D,108,132,12,0,0.547
350,8,B,85,107,154,1,0.547
350,9,R,88,12,6,0,0.547
350,10,L,175,141,84,1,0.547
350,11,U,100,136,107,0,0.547
350,12,U,117,141,101,0,0.547
350,13,R,97,18,32,0,0.547
350,14,L,104,71,5,0,0.547
350,15,B,8,31,98,0,0.547
350,16,B,3,45,80,0,0.547
350,17,F,21,91,27,0,0.547
350,18,L,101,62,35,0,0.547
350,19,B,20,44,107,0,0.547
350,20,U,103,138,115,0,0.547
350,21,U,106,129,108,0,0.547
350,22,F,8,96,21,0,0.547
350,23,R,84,21,17,0,0.547
350,24,L,104,58,23,0,0.547
350,25,D,108,125,16,0,0.547
350,26,R,78,15,17,0,0.547
350,27,B,78,112,156,1,0.547
350,28,F,87,164,113,1,0.547
350,29,D,93,127,24,0,0.547
350,30,R,83,7,22,0,0.547
350,31,D,114,148,21,0,0.547
350,32,R,97,36,14,0,0.547
350,33,D,110,112,33,0,0.547
350,34,F,0,79,35,0,0.547
350,35,D,108,138,20,0,0.547
350,36,F,10,79,40,0,0.547
350,37,L,110,65,17,0,0.547
350,38,U,112,140,112,0,0.547
350,39,U,113,145,101,0,0.547
350,40,L,116,52,34,0,0.547
350,41,F,5,96,27,0,0.547
350,42,L,93,68,4,0,0.547
350,43,D,114,133,29,0,0.547
350,44,U,115,146,121,0,0.547
350,45,F,7,94,33,0,0.547
350,46,F,22,83,32,0,0.547
350,47,D,107,140,17,0,0.547
350,48,U,120,135,103,0,0.547
350,49,B,15,48,83,0,0.547
350,50,B,21,36,91,0,0.547
350,51,R,151,75,83,1,0.547
350,52,L,116,68,3,0,0.547
350,53,B,16,39,88,0,0.547
351,0,R,129,14,34,0,0.64
351,1,R,107,27,36,0,0.64
351,2,D,209,208,102,1,0.64
351,3,L,133,58,14,0,0.64
351,4,U,142,148,164,0,0.64
351,5,L,152,66,16,0,0.64
351,6,D,145,156,43,0,0.64
351,7,D,143,131,28,0,0.64
351,8,U,149,139,166,0,0.64
351,9,R,117,34,35,0,0.64
351,10,D,136,127,30,0,0.64
351,11,R,110,7,29,0,0.64
351,12,R,107,18,27,0,0.64
351,13,R,126,20,49,0,0.64
351,14,L,153,75,22,0,0.64
351,15,U,147,144,162,0,0.64
351,16,U,150,137,163,0,0.64
351,17,U,161,151,166,0,0.64
351,18,B,12,46,121,0,0.64
351,19,B,10,46,126,0,0.64
351,20,F,11,114,58,0,0.64
351,21,L,154,58,18,0,0.64
351,22,F,5,93,48,0,0.64
351,23,D,148,138,32,0,0.64
351,24,R,109,13,27,0,0.64
351,25,F,17,84,27,0,0.64
351,26,L,141,65,22,0,0.64
351,27,U,146,139,166,0,0.64
351,28,D,164,141,34,0,0.64
351,29,F,22,89,46,0,0.64
351,30,F,20,101,58,0,0.64
351,31,D,154,130,21,0,0.64
351,32,B,13,57,126,0,0.64
351,33,F,104,157,105,1,0.64
351,34,U,160,135,157,0,0.64
351,35,B,9,50,134,0,0.64
351,36,B,28,41,131,0,0.64
351,37,U,148,139,159,0,0.64
351,38,L,135,56,28,0,0.64
351,39,R,117,12,31,0,0.64
351,40,L,131,74,18,0,0.64
351,41,B,15,41,127,0,0.64
351,42,L,216,144,95,1,0.64
351,43,U,149,154,175,0,0.64
351,44,B,34,39,139,0,0.64
351,45,F,35,100,57,0,0.64
351,46,F,5,108,39,0,0.64
351,47,D,137,138,18,0,0.64
351,48,F,23,88,24,0,0.64
351,49,B,13,47,130,0,0.64
351,50,B,14,45,124,0,0.64
351,51,L,142,57,12,0,0.64
351,52,R,128,30,21,0,0.64
351,53,D,153,132,15,0,0.64
352,0,U,241,177,225,0,0.924
352,1,B,24,44,189,0,0.924
352,2,L,239,92,17,0,0.924
352,3,R,186,19,28,0,0.924
352,4,U,252,191,213,0,0.924
352,5,L,238,91,5,0,0.924
352,6,F,34,132,55,0,0.924
352,7,L,247,88,30,0,0.924
352,8,U,243,197,221,0,0.924
352,9,B,30,54,180,0,0.924
352,10,U,248,193,229,0,0.924
352,11,F,28,114,53,0,0.924
352,12,R,207,27,39,0,0.924
352,13,R,195,20,26,0,0.924
352,14,F,31,112,51,0,0.924
352,15,L,238,93,13,0,0.924
352,16,R,255,95,95,1,0.924
352,17,B,22,39,199,0,0.924
352,18,R,192,23,34,0,0.924
352,19,B,26,62,180,0,0.924
352,20,R,254,101,112,1,0.924
352,21,F,18,117,75,0,0.924
352,22,F,35,124,70,0,0.924
352,23,B,29,57,182,0,0.924
352,24,R,210,28,33,0,0.924
352,25,D,247,174,57,0,0.924
352,26,D,255,173,26,0,0.924
352,27,B,25,62,183,0,0.924
352,28,R,213,22,37,0,0.924
352,29,F,36,110,59,0,0.924
352,30,D,255,181,39,0,0.924
352,31,D,241,174,47,0,0.924
352,32,U,239,183,226,0,0.924
352,33,F,16,112,60,0,0.924
352,34,D,245,187,34,0,0.924
352,35,D,230,183,42,0,0.924
352,36,L,255,149,112,1,0.924
352,37,F,31,121,70,0,0.924
352,38,D,241,177,35,0,0.924
352,39,D,245,179,46,0,0.924
352,40,L,238,89,28,0,0.924
352,41,L,230,86,16,0,0.924
352,42,R,204,23,46,0,0.924
352,43,L,226,102,25,0,0.924
352,44,D,237,180,51,0,0.924
352,45,U,249,191,219,0,0.924
352,46,U,247,187,231,0,0.924
352,47,B,31,63,171,0,0.924
352,48,U,227,201,222,0,0.924
352,49,B,17,62,186,0,0.924
352,50,B,31,53,167,0,0.924
352,51,L,247,107,29,0,0.924
352,52,F,33,119,59,0,0.924
352,53,U,232,207,232,0,0.924
353,0,F,24,130,60,0,0.894
353,1,L,200,107,19,0,0.894
353,2,U,200,224,221,0,0.894
353,3,U,255,255,255,1,0.894
353,4,U,202,224,229,0,0.894
353,5,F,15,136,61,0,0.894
353,6,L,187,97,22,0,0.894
353,7,U,202,212,222,0,0.894
353,8,U,192,207,218,0,0.894
353,9,R,153,20,38,0,0.894
353,10,L,195,103,31,0,0.894
353,11,L,192,97,23,0,0.894
353,12,F,23,138,54,0,0.894
353,13,R,160,26,32,0,0.894
353,14,R,160,22,37,0,0.894
353,15,R,154,29,50,0,0.894
353,16,R,148,30,26,0,0.894
353,17,L,199,95,18,0,0.894
353,18,B,23,66,175,0,0.894
353,19,R,161,36,39,0,0.894
353,20,F,22,142,56,0,0.894
353,21,L,208,96,24,0,0.894
353,22,F,28,136,65,0,0.894
353,23,D,199,198,15,0,0.894
353,24,U,207,226,227,0,0.894
353,25,R,174,33,34,0,0.894
353,26,D,215,211,34,0,0.894
353,27,B,9,67,189,0,0.894
353,28,D,196,211,42,0,0.894
353,29,B,104,132,248,1,0.894
353,30,B,17,64,176,0,0.894
353,31,D,198,190,40,0,0.894
353,32,B,25,58,154,0,0.894
353,33,D,192,190,42,0,0.894
353,34,B,25,62,182,0,0.894
353,35,B,20,71,166,0,0.894
353,36,R,157,25,27,0,0.894
353,37,F,28,147,46,0,0.894
353,38,U,213,210,220,0,0.894
353,39,L,196,96,20,0,0.894
353,40,L,212,98,21,0,0.894
353,41,D,212,201,29,0,0.894
353,42,F,19,130,60,0,0.894
353,43,U,183,214,218,0,0.894
353,44,R,159,26,31,0,0.894
353,45,F,27,139,73,0,0.894
353,46,U,204,216,219,0,0.894
353,47,D,220,203,35,0,0.894
353,48,F,8,125,69,0,0.894
353,49,B,21,54,175,0,0.894
353,50,B,14,58,164,0,0.894
353,51,D,210,194,25,0,0.894
353,52,D,199,208,18,0,0.894
353,53,L,255,184,101,1,0.894
354,0,F,28,125,75,0,1.029
354,1,L,202,97,33,0,1.029
354,2,B,8,64,225,0,1.029
354,3,F,7,124,80,0,1.029
354,4,U,208,216,255,0,1.029
354,5,D,214,187,47,0,1.029
354,6,F,24,148,72,0,1.029
354,7,U,191,210,255,0,1.029
354,8,F,17,139,82,0,1.029
354,9,R,162,32,46,0,1.029
354,10,R,154,26,43,0,1.029
354,11,L,220,104,32,0,1.029
354,12,D,202,197,52,0,1.029
354,13,R,151,24,35,0,1.029
354,14,B,22,63,227,0,1.029
354,15,D,223,197,44,0,1.029
354,16,F,27,128,74,0,1.029
354,17,B,14,68,223,0,1.029
354,18,D,198,182,55,0,1.029
354,19,L,209,101,34,0,1.029
354,20,D,208,196,51,0,1.029
354,21,F,28,149,69,0,1.029
354,22,F,22,132,97,0,1.029
354,23,L,199,99,46,0,1.029
354,24,F,17,146,79,0,1.029
354,25,U,208,225,255,0,1.029
354,26,B,16,61,224,0,1.029
354,27,U,213,213,255,0,1.029
354,28,B,8,64,212,0,1.029
354,29,R,170,43,60,0,1.029
354,30,U,215,217,255,0,1.029
354,31,D,212,203,46,0,1.029
354,32,U,193,216,255,0,1.029
354,33,R,163,14,47,0,1.029
354,34,F,27,142,84,0,1.029
354,35,D,204,206,50,0,1.029
354,36,L,204,111,40,0,1.029
354,37,R,172,23,53,0,1.029
354,38,L,202,112,27,0,1.029
354,39,D,212,194,74,0,1.029
354,40,L,193,102,31,0,1.029
354,41,D,210,205,29,0,1.029
354,42,B,16,65,241,0,1.029
354,43,R,180,32,45,0,1.029
354,44,R,170,42,51,0,1.029
354,45,U,204,204,255,0,1.029
354,46,B,20,65,230,0,1.029
354,47,U,215,213,255,0,1.029
354,48,R,176,15,46,0,1.029
354,49,B,23,52,217,0,1.029
354,50,B,33,67,213,0,1.029
354,51,L,212,108,26,0,1.029
354,52,L,196,100,25,0,1.029
354,53,U,206,205,255,0,1.029
355,0,F,32,193,59,0,1.249
355,1,L,255,133,38,0,1.249
355,2,F,22,179,69,0,1.249
355,3,B,14,80,208,0,1.249
355,4,U,255,255,255,0,1.249
355,5,F,8,185,72,0,1.249
355,6,R,196,34,39,0,1.249
355,7,F,45,181,71,0,1.249
355,8,U,255,255,255,1,1.249
355,9,F,16,193,65,0,1.249
355,10,R,205,25,22,0,1.249
355,11,L,255,134,15,0,1.249
355,12,U,255,255,252,0,1.249
355,13,R,204,35,48,0,1.249
355,14,L,255,132,16,0,1.249
355,15,B,15,76,214,0,1.249
355,16,R,209,39,50,0,1.249
355,17,F,34,184,70,0,1.249
355,18,B,76,152,255,1,1.249
355,19,U,255,255,239,0,1.249
355,20,L,255,137,20,0,1.249
355,21,D,255,255,36,0,1.249
355,22,F,23,180,66,0,1.249
355,23,L,255,137,29,0,1.249
355,24,R,255,95,111,1,1.249
355,25,F,23,167,82,0,1.249
355,26,D,255,255,46,0,1.249
355,27,U,250,255,255,0,1.249
355,28,D,255,255,60,0,1.249
355,29,L,255,134,28,0,1.249
355,30,L,254,129,29,0,1.249
355,31,D,255,247,48,0,1.249
355,32,B,22,85,203,0,1.249
355,33,B,38,83,211,0,1.249
355,34,D,252,255,53,0,1.249
355,35,R,206,38,30,0,1.249
355,36,R,207,40,49,0,1.249
355,37,U,240,255,255,0,1.249
355,38,D,255,255,41,0,1.249
355,39,U,255,255,255,0,1.249
355,40,L,250,155,16,0,1.249
355,41,R,255,106,112,1,1.249
355,42,L,255,139,37,0,1.249
355,43,F,21,173,68,0,1.249
355,44,B,20,90,216,0,1.249
355,45,D,255,255,39,0,1.249
355,46,B,26,87,221,0,1.249
355,47,D,247,255,34,0,1.249
355,48,D,255,255,41,0,1.249
355,49,B,25,80,202,0,1.249
355,50,R,208,46,39,0,1.249
355,51,U,255,255,255,0,1.249
355,52,B,31,66,200,0,1.249
355,53,U,255,255,248,0,1.249
356,0,D,255,219,29,0,1.016
356,1,F,25,160,76,0,1.016
356,2,U,251,233,225,0,1.016
356,3,B,24,57,193,0,1.016
356,4,U,249,236,248,0,1.016
356,5,U,244,220,226,0,1.016
356,6,U,255,225,243,0,1.016
356,7,L,244,122,23,0,1.016
356,8,R,194,43,51,0,1.016
356,9,D,248,216,38,0,1.016
356,10,F,39,152,76,0,1.016
356,11,R,255,87,111,1,1.016
356,12,U,248,240,234,0,1.016
356,13,R,208,19,42,0,1.016
356,14,F,25,144,76,0,1.016
356,15,B,22,73,190,0,1.016
356,16,B,105,152,255,1,1.016
356,17,D,243,216,53,0,1.016
356,18,L,255,110,9,0,1.016
356,19,D,254,205,31,0,1.016
356,20,F,28,158,57,0,1.016
356,21,D,246,213,49,0,1.016
356,22,F,36,149,68,0,1.016
356,23,L,244,106,30,0,1.016
356,24,U,241,247,239,0,1.016
356,25,L,253,110,33,0,1.016
356,26,R,209,26,37,0,1.016
356,27,F,35,142,72,0,1.016
356,28,B,28,82,186,0,1.016
356,29,D,255,215,31,0,1.016
356,30,R,199,39,40,0,1.016
356,31,D,245,207,54,0,1.016
356,32,D,241,203,48,0,1.016
356,33,R,206,26,40,0,1.016
356,34,D,255,204,44,0,1.016
356,35,F,23,164,48,0,1.016
356,36,B,22,72,196,0,1.016
356,37,R,195,35,46,0,1.016
356,38,B,7,71,194,0,1.016
356,39,B,35,66,181,0,1.016
356,40,L,239,106,28,0,1.016
356,41,F,21,143,57,0,1.016
356,42,U,252,234,220,0,1.016
356,43,U,255,255,255,1,1.016
356,44,L,248,100,19,0,1.016
356,45,B,92,132,255,1,1.016
356,46,L,242,116,15,0,1.016
356,47,L,251,113,33,0,1.016
356,48,R,202,28,52,0,1.016
356,49,B,31,65,191,0,1.016
356,50,U,248,240,251,0,1.016
356,51,L,244,120,27,0,1.016
356,52,R,203,29,48,0,1.016
356,53,F,25,138,69,0,1.016
357,0,U,255,255,217,0,1.032
357,1,L,255,116,14,0,1.032
357,2,D,255,244,36,0,1.032
357,3,U,255,246,227,0,1.032
357,4,U,255,243,225,0,1.032
357,5,L,254,116,25,0,1.032
357,6,U,255,252,227,0,1.032
357,7,U,255,245,220,0,1.032
357,8,B,41,78,192,0,1.032
357,9,D,255,251,30,0,1.032
357,10,D,255,245,35,0,1.032
357,11,F,22,167,69,0,1.032
357,12,F,26,176,53,0,1.032
357,13,R,198,40,17,0,1.032
357,14,R,218,46,45,0,1.032
357,15,U,255,243,220,0,1.032
357,16,R,226,27,34,0,1.032
357,17,F,29,159,69,0,1.032
357,18,B,34,83,184,0,1.032
357,19,B,25,78,176,0,1.032
357,20,R,217,46,58,0,1.032
357,21,D,255,255,37,0,1.032
357,22,F,36,152,75,0,1.032
357,23,L,255,115,35,0,1.032
357,24,B,39,77,192,0,1.032
357,25,U,255,255,224,0,1.032
357,26,B,22,94,186,0,1.032
357,27,L,255,118,26,0,1.032
357,28,F,21,177,73,0,1.032
357,29,L,255,128,7,0,1.032
357,30,D,255,246,38,0,1.032
357,31,D,255,234,45,0,1.032
357,32,B,33,76,187,0,1.032
357,33,F,33,168,70,0,1.032
357,34,R,221,37,35,0,1.032
357,35,D,255,245,48,0,1.032
357,36,R,255,110,108,1,1.032
357,37,L,255,116,20,0,1.032
357,38,R,209,23,35,0,1.032
357,39,F,23,158,72,0,1.032
357,40,L,255,116,18,0,1.032
357,41,B,33,79,179,0,1.032
357,42,U,255,255,231,0,1.032
357,43,F,42,171,62,0,1.032
357,44,D,255,236,43,0,1.032
357,45,L,255,129,36,0,1.032
357,46,B,27,73,185,0,1.032
357,47,F,27,163,55,0,1.032
357,48,U,255,255,220,0,1.032
357,49,B,33,91,171,0,1.032
357,50,R,217,26,43,0,1.032
357,51,R,222,34,36,0,1.032
357,52,D,255,237,39,0,1.032
357,53,L,255,129,27,0,1.032
358,0,B,30,67,172,0,0.822
358,1,F,23,122,57,0,0.822
358,2,L,203,92,10,0,0.822
358,3,D,202,188,33,0,0.822
358,4,U,217,198,199,0,0.822
358,5,D,226,187,32,0,0.822
358,6,B,27,54,154,0,0.822
358,7,U,218,203,181,0,0.822
358,8,D,255,255,100,1,0.822
358,9,F,20,130,57,0,0.822
358,10,F,21,119,63,0,0.822
358,11,F,26,127,40,0,0.822
358,12,D,222,158,37,0,0.822
358,13,R,167,16,31,0,0.822
358,14,D,219,176,36,0,0.822
358,15,R,175,28,33,0,0.822
358,16,B,15,55,152,0,0.822
358,17,L,206,84,24,0,0.822
358,18,R,180,19,24,0,0.822
358,19,F,18,122,55,0,0.822
358,20,R,163,19,41,0,0.822
358,21,L,205,98,23,0,0.822
358,22,F,38,117,53,0,0.822
358,23,R,175,13,30,0,0.822
358,24,U,215,190,198,0,0.822
358,25,U,201,210,194,0,0.822
358,26,D,255,255,117,1,0.822
358,27,R,161,18,27,0,0.822
358,28,B,11,64,168,0,0.822
358,29,B,12,71,152,0,0.822
358,30,R,243,105,102,1,0.822
358,31,D,229,182,32,0,0.822
358,32,R,176,30,36,0,0.822
358,33,B,42,62,167,0,0.822
358,34,U,207,200,200,0,0.822
358,35,D,214,189,25,0,0.822
358,36,L,216,92,22,0,0.822
358,37,B,19,50,157,0,0.822
358,38,U,215,201,196,0,0.822
358,39,R,165,28,43,0,0.822
358,40,L,208,106,25,0,0.822
358,41,B,29,59,153,0,0.822
358,42,L,224,94,15,0,0.822
358,43,U,255,255,255,1,0.822
358,44,F,40,125,54,0,0.822
358,45,U,200,192,186,0,0.822
358,46,L,255,169,87,1,0.822
358,47,D,218,179,21,0,0.822
358,48,L,213,92,33,0,0.822
358,49,B,25,59,160,0,0.822
358,50,F,33,116,49,0,0.822
358,51,F,24,121,55,0,0.822
358,52,L,208,119,9,0,0.822
358,53,U,207,190,206,0,0.822
359,0,F,4,91,29,0,0.559
359,1,B,7,34,80,0,0.559
359,2,F,11,82,39,0,0.559
359,3,B,6,36,98,0,0.559
359,4,U,134,132,117,0,0.559
359,5,R,98,16,6,0,0.559
359,6,B,14,29,95,0,0.559
359,7,U,208,208,177,1,0.559
359,8,R,116,23,1,0,0.559
359,9,F,14,87,34,0,0.559
359,10,D,153,123,6,0,0.559
359,11,D,144,121,14,0,0.559
359,12,L,161,57,16,0,0.559
359,13,R,111,25,14,0,0.559
359,14,F,8,86,18,0,0.559
359,15,F,19,77,32,0,0.559
359,16,R,119,25,27,0,0.559
359,17,U,142,127,110,0,0.559
359,18,L,147,48,9,0,0.559
359,19,R,118,16,24,0,0.559
359,20,U,130,121,136,0,0.559
359,21,L,133,57,0,0,0.559
359,22,F,18,80,25,0,0.559
359,23,B,21,47,94,0,0.559
359,24,R,124,24,20,0,0.559
359,25,F,4,77,35,0,0.559
359,26,L,141,47,10,0,0.559
359,27,U,131,124,129,0,0.559
359,28,U,124,115,127,0,0.559
359,29,D,133,122,31,0,0.559
359,30,F,22,89,28,0,0.559
359,31,D,137,111,22,0,0.559
359,32,F,13,84,32,0,0.559
359,33,D,140,125,15,0,0.559
359,34,R,114,5,31,0,0.559
359,35,B,14,36,75,0,0.559
359,36,L,132,66,4,0,0.559
359,37,D,135,111,31,0,0.559
359,38,D,140,115,40,0,0.559
359,39,U,134,135,109,0,0.559
359,40,L,133,66,12,0,0.559
359,41,D,138,113,19,0,0.559
359,42,B,7,56,92,0,0.559
359,43,L,145,52,17,0,0.559
359,44,B,11,59,91,0,0.559
359,45,R,113,17,20,0,0.559
359,46,U,147,131,113,0,0.559
359,47,U,203,194,191,1,0.559
359,48,D,133,116,24,0,0.559
359,49,B,18,39,96,0,0.559
359,50,L,140,62,21,0,0.559
359,51,L,141,56,16,0,0.559
359,52,B,33,32,105,0,0.559
359,53,R,193,90,110,1,0.559
360,0,L,172,78,21,0,0.713
360,1,R,142,14,38,0,0.713
360,2,R,143,36,28,0,0.713
360,3,U,167,153,187,0,0.713
360,4,U,180,148,168,0,0.713
360,5,R,136,11,30,0,0.713
360,6,U,167,165,175,0,0.713
360,7,U,175,156,179,0,0.713
360,8,U,171,142,172,0,0.713
360,9,R,152,22,28,0,0.713
360,10,U,179,149,181,0,0.713
360,11,D,194,144,33,0,0.713
360,12,L,173,71,21,0,0.713
360,13,R,150,30,46,0,0.713
360,14,U,162,144,181,0,0.713
360,15,B,5,49,148,0,0.713
360,16,L,176,69,29,0,0.713
360,17,D,173,147,29,0,0.713
360,18,B,14,43,147,0,0.713
360,19,F,21,103,55,0,0.713
360,20,F,10,96,52,0,0.713
360,21,F,14,103,41,0,0.713
360,22,F,16,89,56,0,0.713
360,23,F,13,94,53,0,0.713
360,24,U,179,153,185,0,0.713
360,25,D,170,135,23,0,0.713
360,26,L,180,70,22,0,0.713
360,27,F,3,91,53,0,0.713
360,28,R,148,8,39,0,0.713
360,29,U,167,150,184,0,0.713
360,30,B,31,43,143,0,0.713
360,31,D,191,156,30,0,0.713
360,32,D,187,145,35,0,0.713
360,33,D,177,139,22,0,0.713
360,34,D,175,129,29,0,0.713
360,35,R,138,21,28,0,0.713
360,36,D,182,137,48,0,0.713
360,37,L,165,68,8,0,0.713
360,38,R,137,8,26,0,0.713
360,39,B,22,49,142,0,0.713
360,40,L,168,84,10,0,0.713
360,41,R,153,18,34,0,0.713
360,42,F,12,101,53,0,0.713
360,43,L,173,64,28,0,0.713
360,44,L,176,74,32,0,0.713
360,45,B,12,47,157,0,0.713
360,46,B,26,43,148,0,0.713
360,47,B,4,52,151,0,0.713
360,48,B,6,44,151,0,0.713
360,49,B,34,43,150,0,0.713
360,50,D,184,137,18,0,0.713
360,51,F,11,112,61,0,0.713
360,52,F,29,100,48,0,0.713
360,53,L,185,67,27,0,0.713
361,0,F,20,104,42,0,0.719
361,1,B,20,37,130,0,0.719
361,2,F,4,98,35,0,0.719
361,3,U,159,164,145,0,0.719
361,4,U,171,163,163,0,0.719
361,5,L,179,76,34,0,0.719
361,6,D,176,146,28,0,0.719
361,7,B,25,38,134,0,0.719
361,8,L,235,148,83,1,0.719
361,9,B,25,57,130,0,0.719
361,10,U,170,168,168,0,0.719
361,11,D,170,156,22,0,0.719
361,12,D,169,150,21,0,0.719
361,13,R,128,24,31,0,0.719
361,14,L,173,65,24,0,0.719
361,15,U,157,169,173,0,0.719
361,16,R,133,30,17,0,0.719
361,17,B,23,35,131,0,0.719
361,18,L,164,72,15,0,0.719
361,19,L,166,73,20,0,0.719
361,20,U,168,161,156,0,0.719
361,21,U,151,156,173,0,0.719
361,22,F,2,99,40,0,0.719
361,23,F,19,102,54,0,0.719
361,24,U,173,158,150,0,0.719
361,25,B,23,55,141,0,0.719
361,26,R,145,22,30,0,0.719
361,27,R,131,20,42,0,0.719
361,28,D,172,138,26,0,0.719
361,29,B,18,43,122,0,0.719
361,30,R,145,17,26,0,0.719
361,31,D,179,153,18,0,0.719
361,32,D,163,157,24,0,0.719
361,33,R,147,44,20,0,0.719
361,34,F,18,96,54,0,0.719
361,35,D,171,174,35,0,0.719
361,36,L,170,67,20,0,0.719
361,37,B,21,38,125,0,0.719
361,38,F,30,111,36,0,0.719
361,39,U,170,167,160,0,0.719
361,40,L,181,74,3,0,0.719
361,41,R,145,20,13,0,0.719
361,42,D,172,161,31,0,0.719
361,43,F,27,97,49,0,0.719
361,44,F,19,107,42,0,0.719
361,45,R,141,32,43,0,0.719
361,46,R,133,24,24,0,0.719
361,47,U,241,225,238,1,0.719
361,48,D,185,146,34,0,0.719
361,49,B,23,51,136,0,0.719
361,50,F,16,107,51,0,0.719
361,51,L,166,86,23,0,0.719
361,52,L,169,80,25,0,0.719
361,53,B,26,34,136,0,0.719
362,0,U,255,255,255,0,1.124
362,1,D,255,255,58,0,1.124
362,2,R,224,33,46,0,1.124
362,3,D,255,255,46,0,1.124
362,4,U,254,255,255,0,1.124
362,5,B,24,76,234,0,1.124
362,6,L,250,113,28,0,1.124
362,7,R,205,37,39,0,1.124
362,8,D,255,255,29,0,1.124
362,9,L,246,125,25,0,1.124
362,10,D,254,255,43,0,1.124
362,11,D,253,255,52,0,1.124
362,12,B,31,99,218,0,1.124
362,13,R,203,43,44,0,1.124
362,14,R,201,28,56,0,1.124
362,15,F,28,184,87,0,1.124
362,16,U,255,255,255,0,1.124
362,17,U,239,255,255,0,1.124
362,18,D,255,255,49,0,1.124
362,19,U,255,255,255,0,1.124
362,20,F,33,174,78,0,1.124
362,21,F,23,186,73,0,1.124
362,22,F,24,174,61,0,1.124
362,23,L,254,125,41,0,1.124
362,24,F,28,197,68,0,1.124
362,25,U,255,255,255,0,1.124
362,26,U,255,255,255,0,1.124
362,27,R,216,40,55,0,1.124
362,28,L,255,128,32,0,1.124
362,29,L,255,133,12,0,1.124
362,30,U,255,255,255,0,1.124
362,31,D,255,255,59,0,1.124
362,32,B,92,163,255,1,1.124
362,33,U,255,255,255,0,1.124
362,34,D,255,255,53,0,1.124
362,35,B,23,85,220,0,1.124
362,36,R,216,41,48,0,1.124
362,37,R,211,36,46,0,1.124
362,38,B,38,94,215,0,1.124
362,39,B,26,91,216,0,1.124
362,40,L,255,134,27,0,1.124
362,41,L,255,137,21,0,1.124
362,42,R,219,33,61,0,1.124
362,43,F,33,193,83,0,1.124
362,44,D,255,255,51,0,1.124
362,45,B,36,68,235,0,1.124
362,46,L,239,129,45,0,1.124
362,47,F,30,181,79,0,1.124
362,48,F,46,181,79,0,1.124
362,49,B,28,98,225,0,1.124
362,50,R,204,23,63,0,1.124
362,51,L,254,141,25,0,1.124
362,52,F,24,183,76,0,1.124
362,53,B,21,94,227,0,1.124
363,0,R,150,20,31,0,0.804
363,1,B,16,55,138,0,0.804
363,2,F,2,114,54,0,0.804
363,3,L,179,82,5,0,0.804
363,4,U,184,190,186,0,0.804
363,5,F,23,127,50,0,0.804
363,6,B,15,44,140,0,0.804
363,7,D,191,196,29,0,0.804
363,8,B,12,60,146,0,0.804
363,9,R,157,24,34,0,0.804
363,10,L,213,100,11,0,0.804
363,11,U,208,202,174,0,0.804
363,12,D,194,182,36,0,0.804
363,13,R,139,19,22,0,0.804
363,14,F,33,121,41,0,0.804
363,15,D,204,199,43,0,0.804
363,16,F,27,131,40,0,0.804
363,17,U,189,191,176,0,0.804
363,18,L,186,80,19,0,0.804
363,19,L,187,84,7,0,0.804
363,20,U,186,185,160,0,0.804
363,21,F,21,125,50,0,0.804
363,22,F,35,127,58,0,0.804
363,23,B,3,80,140,0,0.804
363,24,U,208,206,173,0,0.804
363,25,U,187,212,161,0,0.804
363,26,F,25,118,54,0,0.804
363,27,R,161,21,22,0,0.804
363,28,L,201,90,23,0,0.804
363,29,L,185,79,25,0,0.804
363,30,B,83,122,224,1,0.804
363,31,D,201,179,35,0,0.804
363,32,U,255,250,237,1,0.804
363,33,D,194,183,34,0,0.804
363,34,U,200,202,192,0,0.804
363,35,B,28,66,141,0,0.804
363,36,D,187,177,20,0,0.804
363,37,B,16,54,150,0,0.804
363,38,D,196,192,39,0,0.804
363,39,R,147,34,25,0,0.804
363,40,L,212,97,10,0,0.804
363,41,R,138,24,22,0,0.804
363,42,B,19,65,147,0,0.804
363,43,R,155,30,31,0,0.804
363,44,F,19,129,38,0,0.804
363,45,L,184,91,19,0,0.804
363,46,U,177,202,171,0,0.804
363,47,F,11,115,53,0,0.804
363,48,D,190,183,34,0,0.804
363,49,B,22,64,136,0,0.804
363,50,D,195,170,47,0,0.804
363,51,L,194,96,23,0,0.804
363,52,R,148,29,28,0,0.804
363,53,R,164,33,24,0,0.804
364,0,R,245,25,49,0,1.3
364,1,L,255,126,39,0,1.3
364,2,R,240,53,34,0,1.3
364,3,L,255,117,38,0,1.3
364,4,U,255,255,255,0,1.3
364,5,U,255,255,255,0,1.3
364,6,D,255,238,55,0,1.3
364,7,B,19,90,255,0,1.3
364,8,L,255,114,46,0,1.3
364,9,F,34,165,89,0,1.3
364,10,R,240,38,40,0,1.3
364,11,F,23,177,97,0,1.3
364,12,U,255,255,255,0,1.3
364,13,R,255,31,50,0,1.3
364,14,B,34,73,255,0,1.3
364,15,U,255,255,255,0,1.3
364,16,B,31,78,255,0,1.3
364,17,B,29,81,255,0,1.3
364,18,R,247,38,44,0,1.3
364,19,L,255,136,33,0,1.3
364,20,D,255,233,58,0,1.3
364,21,F,32,171,84,0,1.3
364,22,F,36,175,103,0,1.3
364,23,B,27,78,255,0,1.3
364,24,L,255,122,34,0,1.3
364,25,F,34,169,78,0,1.3
364,26,F,30,176,87,0,1.3
364,27,U,255,250,255,0,1.3
364,28,D,255,243,67,0,1.3
364,29,R,252,37,68,0,1.3
364,30,R,255,115,122,1,1.3
364,31,D,255,239,48,0,1.3
364,32,D,255,236,60,0,1.3
364,33,U,255,255,255,0,1.3
364,34,L,255,128,34,0,1.3
364,35,D,255,228,56,0,1.3
364,36,U,255,255,255,0,1.3
364,37,U,255,255,255,0,1.3
364,38,B,32,84,255,0,1.3
364,39,F,38,172,78,0,1.3
364,40,L,255,123,44,0,1.3
364,41,R,246,33,51,0,1.3
364,42,B,25,78,255,0,1.3
364,43,D,255,243,44,0,1.3
364,44,F,23,177,98,0,1.3
364,45,D,255,250,59,0,1.3
364,46,F,32,161,99,0,1.3
364,47,B,39,66,255,0,1.3
364,48,R,255,36,53,0,1.3
364,49,B,32,75,255,0,1.3
364,50,U,255,255,255,0,1.3
364,51,L,255,208,101,1,1.3
364,52,D,255,241,57,0,1.3
364,53,L,255,124,31,0,1.3
365,0,R,120,13,18,0,0.572
365,1,R,117,25,33,0,0.572
365,2,R,116,22,9,0,0.572
365,3,L,146,62,9,0,0.572
365,4,U,162,136,129,0,0.572
365,5,U,159,130,130,0,0.572
365,6,L,151,71,19,0,0.572
365,7,R,118,17,27,0,0.572
365,8,B,0,49,110,0,0.572
365,9,L,127,76,9,0,0.572
365,10,B,14,36,114,0,0.572
365,11,D,147,117,20,0,0.572
365,12,R,122,6,10,0,0.572
365,13,R,122,13,20,0,0.572
365,14,B,17,29,98,0,0.572
365,15,U,124,138,131,0,0.572
365,16,L,142,56,19,0,0.572
365,17,U,148,117,126,0,0.572
365,18,F,87,139,102,1,0.572
365,19,D,139,116,27,0,0.572
365,20,D,146,121,26,0,0.572
365,21,B,5,29,90,0,0.572
365,22,F,29,74,32,0,0.572
365,23,B,12,48,113,0,0.572
365,24,F,13,76,28,0,0.572
365,25,F,13,70,45,0,0.572
365,26,F,10,82,39,0,0.572
365,27,L,152,61,12,0,0.572
365,28,U,158,138,146,0,0.572
365,29,R,133,11,36,0,0.572
365,30,U,141,126,128,0,0.572
365,31,D,140,121,9,0,0.572
365,32,F,13,80,24,0,0.572
365,33,B,32,29,103,0,0.572
365,34,D,147,128,20,0,0.572
365,35,R,112,25,20,0,0.572
365,36,D,155,116,23,0,0.572
365,37,U,153,121,126,0,0.572
365,38,D,154,111,21,0,0.572
365,39,D,145,110,7,0,0.572
365,40,L,143,56,25,0,0.572
365,41,L,148,53,8,0,0.572
365,42,L,143,56,11,0,0.572
365,43,R,107,11,23,0,0.572
365,44,U,133,129,147,0,0.572
365,45,B,6,39,118,0,0.572
365,46,F,9,91,51,0,0.572
365,47,F,19,82,57,0,0.572
365,48,D,147,118,22,0,0.572
365,49,B,11,40,96,0,0.572
365,50,F,27,77,35,0,0.572
365,51,B,83,119,178,1,0.572
365,52,L,153,65,8,0,0.572
365,53,U,135,137,132,0,0.572
366,0,U,255,255,255,0,1.238
366,1,R,238,33,40,0,1.238
366,2,R,233,27,49,0,1.238
366,3,F,32,196,82,0,1.238
366,4,U,255,255,255,0,1.238
366,5,B,43,89,229,0,1.238
366,6,B,34,84,233,0,1.238
366,7,B,38,94,245,0,1.238
366,8,F,29,188,67,0,1.238
366,9,D,255,255,120,1,1.238
366,10,L,255,149,37,0,1.238
366,11,F,27,205,84,0,1.238
366,12,R,241,48,59,0,1.238
366,13,R,225,36,46,0,1.238
366,14,L,255,143,35,0,1.238
366,15,R,244,34,48,0,1.238
366,16,L,255,144,24,0,1.238
366,17,U,255,255,255,0,1.238
366,18,L,255,140,31,0,1.238
366,19,U,255,255,255,0,1.238
366,20,L,255,136,35,0,1.238
366,21,F,26,188,89,0,1.238
366,22,F,36,183,71,0,1.238
366,23,D,255,255,60,0,1.238
366,24,U,255,255,255,0,1.238
366,25,B,36,89,234,0,1.238
366,26,D,255,255,49,0,1.238
366,27,R,241,51,29,0,1.238
366,28,R,255,107,114,1,1.238
366,29,B,31,92,223,0,1.238
366,30,R,221,46,42,0,1.238
366,31,D,255,255,51,0,1.238
366,32,U,255,255,255,0,1.238
366,33,R,249,32,40,0,1.238
366,34,B,18,96,229,0,1.238
366,35,L,255,143,27,0,1.238
366,36,L,255,131,22,0,1.238
366,37,U,255,255,255,0,1.238
366,38,D,255,255,54,0,1.238
366,39,F,21,192,86,0,1.238
366,40,L,255,154,14,0,1.238
366,41,L,255,140,26,0,1.238
366,42,B,42,92,239,0,1.238
366,43,F,32,172,78,0,1.238
366,44,F,26,184,104,0,1.238
366,45,D,255,255,51,0,1.238
366,46,U,255,255,255,0,1.238
366,47,B,32,87,225,0,1.238
366,48,D,255,255,37,0,1.238
366,49,B,31,88,229,0,1.238
366,50,D,255,255,48,0,1.238
366,51,F,29,189,76,0,1.238
366,52,D,255,255,49,0,1.238
366,53,U,255,255,255,0,1.238
367,0,L,167,82,22,0,0.671
367,1,D,193,131,39,0,0.671
367,2,F,96,166,123,1,0.671
367,3,L,166,77,28,0,0.671
367,4,U,171,164,175,0,0.671
367,5,D,183,136,13,0,0.671
367,6,B,10,41,143,0,0.671
367,7,L,177,79,16,0,0.671
367,8,L,178,75,26,0,0.671
367,9,D,185,146,26,0,0.671
367,10,B,13,50,140,0,0.671
367,11,U,168,154,173,0,0.671
367,12,U,177,143,164,0,0.671
367,13,R,122,22,34,0,0.671
367,14,L,188,76,23,0,0.671
367,15,U,188,153,166,0,0.671
367,16,B,8,55,129,0,0.671
367,17,L,183,61,17,0,0.671
367,18,D,181,149,36,0,0.671
367,19,F,16,81,44,0,0.671
367,20,B,5,56,125,0,0.671
367,21,D,191,141,23,0,0.671
367,22,F,7,98,32,0,0.671
367,23,R,159,22,8,0,0.671
367,24,U,164,163,164,0,0.671
367,25,B,13,50,141,0,0.671
367,26,R,134,26,32,0,0.671
367,27,R,147,17,21,0,0.671
367,28,R,127,24,28,0,0.671
367,29,B,23,58,126,0,0.671
367,30,R,147,18,28,0,0.671
367,31,D,185,133,19,0,0.671
367,32,U,181,159,150,0,0.671
367,33,F,17,110,60,0,0.671
367,34,U,234,230,234,1,0.671
367,35,U,175,158,159,0,0.671
367,36,F,31,108,29,0,0.671
367,37,B,21,58,136,0,0.671
367,38,R,130,11,17,0,0.671
367,39,D,182,149,29,0,0.671
367,40,L,189,78,22,0,0.671
367,41,R,164,17,18,0,0.671
367,42,D,191,143,16,0,0.671
367,43,F,13,91,48,0,0.671
367,44,F,17,89,36,0,0.671
367,45,L,173,84,6,0,0.671
367,46,F,11,101,39,0,0.671
367,47,D,184,138,37,0,0.671
367,48,U,181,149,145,0,0.671
367,49,B,23,42,143,0,0.671
367,50,L,185,71,24,0,0.671
367,51,B,24,34,133,0,0.671
367,52,F,20,95,40,0,0.671
367,53,R,145,21,29,0,0.671
368,0,F,30,170,85,0,1.23
368,1,R,224,23,47,0,1.23
368,2,R,232,27,55,0,1.23
368,3,B,31,84,235,0,1.23
368,4,U,255,255,255,0,1.23
368,5,B,24,82,241,0,1.23
368,6,R,206,13,57,0,1.23
368,7,U,255,255,255,0,1.23
368,8,B,35,77,247,0,1.23
368,9,U,255,255,255,0,1.23
368,10,L,255,118,32,0,1.23
368,11,B,30,94,243,0,1.23
368,12,R,226,29,47,0,1.23
368,13,R,222,33,46,0,1.23
368,14,D,255,244,61,0,1.23
368,15,R,224,25,53,0,1.23
368,16,D,255,255,45,0,1.23
368,17,U,255,255,255,0,1.23
368,18,D,255,243,52,0,1.23
368,19,R,231,42,50,0,1.23
368,20,L,255,131,39,0,1.23
368,21,L,255,135,29,0,1.23
368,22,F,19,162,82,0,1.23
368,23,F,25,172,90,0,1.23
368,24,U,255,255,255,1,1.23
368,25,B,18,74,251,0,1.23
368,26,D,255,247,62,0,1.23
368,27,R,225,34,51,0,1.23
368,28,R,255,97,126,1,1.23
368,29,B,22,76,247,0,1.23
368,30,F,16,183,76,0,1.23
368,31,D,255,239,55,0,1.23
368,32,F,22,179,67,0,1.23
368,33,L,255,125,39,0,1.23
368,34,L,255,125,32,0,1.23
368,35,L,255,116,24,0,1.23
368,36,D,255,253,57,0,1.23
368,37,U,255,255,255,0,1.23
368,38,F,13,170,80,0,1.23
368,39,L,255,126,32,0,1.23
368,40,L,255,123,34,0,1.23
368,41,F,19,175,80,0,1.23
368,42,B,34,83,233,0,1.23
368,43,U,255,255,255,0,1.23
368,44,F,31,173,85,0,1.23
368,45,U,255,255,255,0,1.23
368,46,D,255,255,48,0,1.23
368,47,L,255,134,39,0,1.23
368,48,B,26,86,238,0,1.23
368,49,B,30,78,247,0,1.23
368,50,D,255,246,55,0,1.23
368,51,F,24,175,87,0,1.23
368,52,U,255,255,255,0,1.23
368,53,D,255,250,54,0,1.23
369,0,F,27,90,43,0,0.518
369,1,D,116,135,15,0,0.518
369,2,D,113,130,29,0,0.518
369,3,R,100,13,17,0,0.518
369,4,U,106,136,117,0,0.518
369,5,R,92,15,19,0,0.518
369,6,L,112,52,10,0,0.518
369,7,D,124,135,31,0,0.518
369,8,B,6,41,91,0,0.518
369,9,U,119,135,111,0,0.518
369,10,F,17,75,32,0,0.518
369,11,B,2,32,79,0,0.518
369,12,F,10,80,37,0,0.518
369,13,R,93,13,24,0,0.518
369,14,L,112,65,9,0,0.518
369,15,B,19,43,95,0,0.518
369,16,B,12,34,92,0,0.518
369,17,F,16,88,26,0,0.518
369,18,D,118,113,26,0,0.518
369,19,F,16,82,35,0,0.518
369,20,L,125,71,5,0,0.518
369,21,F,77,151,93,1,0.518
369,22,F,4,83,28,0,0.518
369,23,U,118,131,130,0,0.518
369,24,U,120,137,114,0,0.518
369,25,R,85,29,22,0,0.518
369,26,U,111,114,132,0,0.518
369,27,F,6,86,36,0,0.518
369,28,B,15,45,89,0,0.518
369,29,R,92,2,20,0,0.518
369,30,U,111,131,116,0,0.518
369,31,D,132,126,23,0,0.518
369,32,L,124,35,6,0,0.518
369,33,D,117,121,22,0,0.518
369,34,R,90,15,28,0,0.518
369,35,R,97,34,19,0,0.518
369,36,R,81,13,3,0,0.518
369,37,U,105,124,127,0,0.518
369,38,B,0,47,97,0,0.518
369,39,B,8,39,97,0,0.518
369,40,L,125,67,10,0,0.518
369,41,L,108,61,27,0,0.518
369,42,F,10,83,38,0,0.518
369,43,B,19,37,83,0,0.518
369,44,L,114,59,25,0,0.518
369,45,R,96,10,32,0,0.518
369,46,L,124,72,26,0,0.518
369,47,D,126,129,24,0,0.518
369,48,U,123,140,127,0,0.518
369,49,B,6,36,108,0,0.518
369,50,D,121,127,21,0,0.518
369,51,U,124,142,122,0,0.518
369,52,D,129,116,20,0,0.518
369,53,L,110,61,16,0,0.518
370,0,R,201,38,54,0,0.965
370,1,U,255,191,239,0,0.965
370,2,B,29,67,187,0,0.965
370,3,F,30,143,68,0,0.965
370,4,U,255,209,251,0,0.965
370,5,U,255,191,240,0,0.965
370,6,F,32,125,64,0,0.965
370,7,D,255,190,37,0,0.965
370,8,R,218,25,46,0,0.965
370,9,U,253,198,243,0,0.965
370,10,R,207,27,37,0,0.965
370,11,D,248,204,25,0,0.965
370,12,L,255,86,7,0,0.965
370,13,R,203,24,40,0,0.965
370,14,F,2,128,54,0,0.965
370,15,F,18,126,71,0,0.965
370,16,L,248,84,31,0,0.965
370,17,B,22,46,204,0,0.965
370,18,U,249,202,239,0,0.965
370,19,R,204,27,47,0,0.965
370,20,B,37,51,191,0,0.965
370,21,D,255,195,42,0,0.965
370,22,F,28,139,61,0,0.965
370,23,B,101,135,255,1,0.965
370,24,D,255,183,39,0,0.965
370,25,L,252,94,31,0,0.965
370,26,L,255,87,35,0,0.965
370,27,F,27,126,68,0,0.965
370,28,D,255,180,44,0,0.965
370,29,D,255,180,33,0,0.965
370,30,L,250,95,35,0,0.965
370,31,D,255,189,41,0,0.965
370,32,U,255,215,229,0,0.965
370,33,F,22,115,69,0,0.965
370,34,B,24,60,197,0,0.965
370,35,L,249,98,25,0,0.965
370,36,B,27,61,204,0,0.965
370,37,R,209,33,31,0,0.965
370,38,R,203,34,44,0,0.965
370,39,R,255,100,116,1,0.965
370,40,L,255,109,20,0,0.965
370,41,F,18,126,65,0,0.965
370,42,U,240,205,232,0,0.965
370,43,F,22,127,66,0,0.965
370,44,R,204,23,39,0,0.965
370,45,L,242,110,28,0,0.965
370,46,B,38,61,197,0,0.965
370,47,D,255,198,31,0,0.965
370,48,U,255,208,251,0,0.965
370,49,B,16,47,193,0,0.965
370,50,B,24,64,188,0,0.965
370,51,U,255,199,223,0,0.965
370,52,D,255,183,49,0,0.965
370,53,L,255,75,29,0,0.965
371,0,B,101,107,218,1,0.742
371,1,D,157,145,25,0,0.742
371,2,R,125,5,31,0,0.742
371,3,U,171,142,170,0,0.742
371,4,U,164,143,164,0,0.742
371,5,B,16,65,140,0,0.742
371,6,L,160,72,17,0,0.742
371,7,D,155,143,42,0,0.742
371,8,B,19,44,152,0,0.742
371,9,U,163,169,172,0,0.742
371,10,U,176,148,181,0,0.742
371,11,U,151,170,184,0,0.742
371,12,D,163,146,26,0,0.742
371,13,R,140,20,30,0,0.742
371,14,U,228,249,253,1,0.742
371,15,D,166,142,24,0,0.742
371,16,F,28,102,51,0,0.742
371,17,F,26,106,50,0,0.742
371,18,F,23,113,61,0,0.742
371,19,B,19,55,132,0,0.742
371,20,L,154,79,10,0,0.742
371,21,R,136,16,30,0,0.742
371,22,F,20,92,49,0,0.742
371,23,L,175,64,26,0,0.742
371,24,R,126,25,31,0,0.742
371,25,B,18,68,156,0,0.742
371,26,L,166,66,27,0,0.742
371,27,U,165,149,174,0,0.742
371,28,L,171,65,22,0,0.742
371,29,B,18,46,147,0,0.742
371,30,F,16,110,40,0,0.742
371,31,D,169,150,28,0,0.742
371,32,D,153,155,40,0,0.742
371,33,R,121,4,43,0,0.742
371,34,F,12,104,54,0,0.742
371,35,U,162,142,173,0,0.742
371,36,D,167,147,22,0,0.742
371,37,L,172,71,13,0,0.742
371,38,D,158,141,18,0,0.742
371,39,L,160,65,28,0,0.742
371,40,L,158,66,12,0,0.742
371,41,B,23,46,151,0,0.742
371,42,F,11,105,35,0,0.742
371,43,R,152,10,27,0,0.742
371,44,B,16,55,141,0,0.742
371,45,F,0,100,53,0,0.742
371,46,R,116,11,34,0,0.742
371,47,R,125,10,39,0,0.742
371,48,R,127,7,34,0,0.742
371,49,B,10,34,153,0,0.742
371,50,F,14,109,44,0,0.742
371,51,L,151,67,17,0,0.742
371,52,U,157,172,183,0,0.742
371,53,D,160,141,45,0,0.742
372,0,R,192,35,29,0,0.952
372,1,U,234,241,229,0,0.952
372,2,L,224,108,26,0,0.952
372,3,U,232,213,214,0,0.952
372,4,U,233,232,221,0,0.952
372,5,F,24,139,58,0,0.952
372,6,U,255,255,255,1,0.952
372,7,B,29,66,164,0,0.952
372,8,B,37,73,184,0,0.952
372,9,D,242,225,48,0,0.952
372,10,R,198,30,34,0,0.952
372,11,U,243,219,213,0,0.952
372,12,F,31,147,41,0,0.952
372,13,R,186,33,39,0,0.952
372,14,L,234,127,25,0,0.952
372,15,F,21,142,57,0,0.952
372,16,R,200,50,40,0,0.952
372,17,L,234,113,30,0,0.952
372,18,R,190,24,32,0,0.952
372,19,L,255,172,93,1,0.952
372,20,R,199,40,38,0,0.952
372,21,D,244,220,29,0,0.952
372,22,F,20,144,46,0,0.952
372,23,D,248,206,34,0,0.952
372,24,L,225,122,11,0,0.952
372,25,R,190,27,47,0,0.952
372,26,D,229,210,24,0,0.952
372,27,F,17,145,60,0,0.952
372,28,U,244,227,233,0,0.952
372,29,R,182,46,43,0,0.952
372,30,F,34,159,69,0,0.952
372,31,D,249,203,35,0,0.952
372,32,D,241,195,25,0,0.952
372,33,L,229,108,32,0,0.952
372,34,B,13,83,164,0,0.952
372,35,B,98,136,249,1,0.952
372,36,U,248,223,227,0,0.952
372,37,L,236,105,28,0,0.952
372,38,F,17,159,56,0,0.952
372,39,F,21,160,74,0,0.952
372,40,L,230,107,9,0,0.952
372,41,B,23,63,184,0,0.952
372,42,F,21,142,70,0,0.952
372,43,L,236,98,19,0,0.952
372,44,D,254,214,40,0,0.952
372,45,B,26,60,177,0,0.952
372,46,B,26,75,181,0,0.952
372,47,B,27,73,168,0,0.952
372,48,D,225,216,28,0,0.952
372,49,B,35,72,157,0,0.952
372,50,U,234,227,219,0,0.952
372,51,D,242,219,27,0,0.952
372,52,R,198,25,31,0,0.952
372,53,U,230,236,220,0,0.952
373,0,R,255,52,41,0,1.291
373,1,D,255,255,38,0,1.291
373,2,R,246,40,53,0,1.291
373,3,U,255,255,255,0,1.291
373,4,U,255,255,255,0,1.291
373,5,D,255,255,53,0,1.291
373,6,B,39,116,240,0,1.291
373,7,B,27,90,243,0,1.291
373,8,U,255,255,255,0,1.291
373,9,L,255,159,30,0,1.291
373,10,F,29,218,98,0,1.291
373,11,U,255,255,255,0,1.291
373,12,U,255,255,255,0,1.291
373,13,R,255,38,45,0,1.291
373,14,B,36,104,251,0,1.291
373,15,F,43,213,84,0,1.291
373,16,D,255,255,36,0,1.291
373,17,B,38,100,239,0,1.291
373,18,L,255,173,28,0,1.291
373,19,R,247,36,54,0,1.291
373,20,B,38,99,255,0,1.291
373,21,R,255,94,124,1,1.291
373,22,F,47,218,81,0,1.291
373,23,F,31,208,77,0,1.291
373,24,L,255,168,42,0,1.291
373,25,L,255,148,22,0,1.291
373,26,L,255,170,34,0,1.291
373,27,U,255,255,255,0,1.291
373,28,U,255,255,255,0,1.291
373,29,D,255,255,51,0,1.291
373,30,L,255,149,26,0,1.291
373,31,D,255,255,44,0,1.291
373,32,R,255,50,72,0,1.291
373,33,F,42,234,88,0,1.291
373,34,D,255,255,55,0,1.291
373,35,R,255,46,61,0,1.291
373,36,U,255,255,255,0,1.291
373,37,R,255,58,53,0,1.291
373,38,D,255,255,59,0,1.291
373,39,U,255,255,255,0,1.291
373,40,L,255,162,38,0,1.291
373,41,F,44,219,73,0,1.291
373,42,D,255,255,52,0,1.291
373,43,F,34,210,105,0,1.291
373,44,F,39,220,87,0,1.291
373,45,F,27,211,79,0,1.291
373,46,B,28,112,234,0,1.291
373,47,B,40,105,244,0,1.291
373,48,L,255,160,34,0,1.291
373,49,B,27,108,226,0,1.291
373,50,B,50,98,249,0,1.291
373,51,D,255,255,50,0,1.291
373,52,L,255,143,38,0,1.291
373,53,R,255,33,53,0,1.291
374,0,B,30,86,188,0,1.107
374,1,L,241,126,21,0,1.107
374,2,F,21,178,66,0,1.107
374,3,B,19,85,183,0,1.107
374,4,U,255,255,208,0,1.107
374,5,F,23,166,62,0,1.107
374,6,B,29,71,174,0,1.107
374,7,F,21,176,71,0,1.107
374,8,F,10,174,53,0,1.107
374,9,R,206,35,47,0,1.107
374,10,U,248,255,226,0,1.107
374,11,R,213,26,30,0,1.107
374,12,R,203,31,37,0,1.107
374,13,R,206,48,33,0,1.107
374,14,F,22,169,47,0,1.107
374,15,U,253,255,213,0,1.107
374,16,D,255,254,33,0,1.107
374,17,F,16,179,70,0,1.107
374,18,L,255,211,90,1,1.107
374,19,D,255,255,111,1,1.107
374,20,D,255,241,45,0,1.107
374,21,B,16,64,186,0,1.107
374,22,F,35,194,57,0,1.107
374,23,U,255,255,214,0,1.107
374,24,R,212,26,39,0,1.107
374,25,U,255,255,255,1,1.107
374,26,B,32,72,181,0,1.107
374,27,B,28,99,184,0,1.107
374,28,L,255,152,30,0,1.107
374,29,L,244,144,2,0,1.107
374,30,R,213,35,34,0,1.107
374,31,D,255,253,39,0,1.107
374,32,B,12,70,170,0,1.107
374,33,L,255,132,28,0,1.107
374,34,R,222,44,29,0,1.107
374,35,U,243,255,219,0,1.107
374,36,R,199,51,43,0,1.107
374,37,L,248,129,19,0,1.107
374,38,D,252,243,55,0,1.107
374,39,D,255,249,41,0,1.107
374,40,L,250,139,34,0,1.107
374,41,U,255,255,234,0,1.107
374,42,D,249,247,40,0,1.107
374,43,B,25,80,178,0,1.107
374,44,D,255,254,51,0,1.107
374,45,U,255,255,233,0,1.107
374,46,D,255,245,43,0,1.107
374,47,U,255,255,222,0,1.107
374,48,L,242,126,15,0,1.107
374,49,B,29,75,181,0,1.107
374,50,R,195,43,34,0,1.107
374,51,L,250,121,29,0,1.107
374,52,F,36,189,64,0,1.107
374,53,F,17,179,52,0,1.107
375,0,R,235,14,51,0,1.092
375,1,D,255,212,46,0,1.092
375,2,F,38,155,65,0,1.092
375,3,F,30,166,72,0,1.092
375,4,U,255,234,253,0,1.092
375,5,D,255,221,41,0,1.092
375,6,L,255,102,23,0,1.092
375,7,L,255,125,21,0,1.092
375,8,R,237,34,36,0,1.092
375,9,U,255,233,255,0,1.092
375,10,R,231,49,30,0,1.092
375,11,R,242,30,56,0,1.092
375,12,U,255,223,255,0,1.092
375,13,R,240,29,38,0,1.092
375,14,U,255,244,255,0,1.092
375,15,B,33,74,205,0,1.092
375,16,U,255,246,255,0,1.092
375,17,B,32,78,205,0,1.092
375,18,F,26,155,65,0,1.092
375,19,B,41,82,202,0,1.092
375,20,B,31,71,215,0,1.092
375,21,F,34,145,69,0,1.092
375,22,F,46,159,72,0,1.092
375,23,L,255,132,25,0,1.092
375,24,U,255,247,255,0,1.092
375,25,D,255,202,46,0,1.092
375,26,D,255,226,32,0,1.092
375,27,L,255,197,91,1,1.092
375,28,L,255,109,25,0,1.092
375,29,L,255,109,36,0,1.092
375,30,L,255,106,29,0,1.092
375,31,D,255,215,41,0,1.092
375,32,R,241,36,50,0,1.092
375,33,F,38,155,78,0,1.092
375,34,B,39,89,214,0,1.092
375,35,R,237,25,37,0,1.092
375,36,D,255,208,43,0,1.092
375,37,D,255,229,47,0,1.092
375,38,D,255,222,49,0,1.092
375,39,U,255,251,249,0,1.092
375,40,L,255,107,36,0,1.092
375,41,R,255,29,32,0,1.092
375,42,U,255,244,255,0,1.092
375,43,F,37,158,77,0,1.092
375,44,B,25,73,220,0,1.092
375,45,U,255,255,255,0,1.092
375,46,B,35,78,223,0,1.092
375,47,F,19,153,76,0,1.092
375,48,F,103,217,143,1,1.092
375,49,B,28,81,207,0,1.092
375,50,B,32,67,206,0,1.092
375,51,D,255,212,46,0,1.092
375,52,R,239,41,47,0,1.092
375,53,L,255,118,24,0,1.092
376,0,D,167,125,24,0,0.616
376,1,L,159,72,18,0,0.616
376,2,L,155,76,32,0,0.616
376,3,L,166,67,16,0,0.616
376,4,U,152,149,132,0,0.616
376,5,U,166,137,144,0,0.616
376,6,F,14,90,34,0,0.616
376,7,R,127,21,1,0,0.616
376,8,B,16,49,111,0,0.616
376,9,R,134,14,33,0,0.616
376,10,F,10,91,36,0,0.616
376,11,U,148,136,134,0,0.616
376,12,R,119,17,21,0,0.616
376,13,R,126,5,20,0,0.616
376,14,B,98,119,186,1,0.616
376,15,D,172,128,20,0,0.616
376,16,B,24,49,115,0,0.616
376,17,B,21,26,113,0,0.616
376,18,L,164,56,9,0,0.616
376,19,B,31,49,111,0,0.616
376,20,U,158,137,129,0,0.616
376,21,F,18,92,23,0,0.616
376,22,F,8,93,40,0,0.616
376,23,U,159,137,142,0,0.616
376,24,U,157,139,120,0,0.616
376,25,R,131,18,6,0,0.616
376,26,R,113,9,33,0,0.616
376,27,R,144,21,13,0,0.616
376,28,D,166,147,20,0,0.616
376,29,F,17,102,39,0,0.616
376,30,R,126,9,27,0,0.616
376,31,D,168,142,25,0,0.616
376,32,D,149,154,14,0,0.616
376,33,L,154,74,11,0,0.616
376,34,L,154,67,17,0,0.616
376,35,D,157,135,10,0,0.616
376,36,R,144,20,19,0,0.616
376,37,U,160,161,119,0,0.616
376,38,U,163,141,132,0,0.616
376,39,U,172,152,126,0,0.616
376,40,L,162,71,12,0,0.616
376,41,D,183,131,15,0,0.616
376,42,D,165,125,23,0,0.616
376,43,F,10,86,40,0,0.616
376,44,F,43,100,31,0,0.616
376,45,B,25,43,115,0,0.616
376,46,D,158,136,28,0,0.616
376,47,B,13,40,102,0,0.616
376,48,L,160,59,24,0,0.616
376,49,B,27,40,100,0,0.616
376,50,B,17,34,107,0,0.616
376,51,L,159,64,11,0,0.616
376,52,F,26,91,52,0,0.616
376,53,F,21,87,39,0,0.616
377,0,L,126,55,17,0,0.514
377,1,B,23,29,87,0,0.514
377,2,U,101,111,104,0,0.514
377,3,L,99,52,17,0,0.514
377,4,U,109,105,104,0,0.514
377,5,F,22,76,27,0,0.514
377,6,B,10,32,76,0,0.514
377,7,D,111,99,16,0,0.514
377,8,U,101,119,96,0,0.514
377,9,R,91,12,10,0,0.514
377,10,L,94,61,5,0,0.514
377,11,B,4,35,86,0,0.514
377,12,U,109,103,109,0,0.514
377,13,R,89,22,8,0,0.514
377,14,R,92,21,19,0,0.514
377,15,L,112,46,12,0,0.514
377,16,L,102,58,15,0,0.514
377,17,B,6,29,85,0,0.514
377,18,L,106,65,25,0,0.514
377,19,B,21,29,78,0,0.514
377,20,F,19,76,25,0,0.514
377,21,U,111,109,99,0,0.514
377,22,F,34,65,32,0,0.514
377,23,R,76,18,19,0,0.514
377,24,F,9,72,18,0,0.514
377,25,L,99,65,5,0,0.514
377,26,F,14,70,37,0,0.514
377,27,R,84,12,33,0,0.514
377,28,U,89,113,111,0,0.514
377,29,U,113,132,96,0,0.514
377,30,D,110,104,15,0,0.514
377,31,D,118,115,23,0,0.514
377,32,B,7,40,85,0,0.514
377,33,B,86,109,164,1,0.514
377,34,R,84,6,22,0,0.514
377,35,U,115,125,105,0,0.514
377,36,F,3,62,31,0,0.514
377,37,D,112,102,13,0,0.514
377,38,D,116,96,27,0,0.514
377,39,R,103,21,10,0,0.514
377,40,L,116,50,9,0,0.514
377,41,F,14,72,28,0,0.514
377,42,R,63,15,28,0,0.514
377,43,F,9,68,16,0,0.514
377,44,D,109,103,17,0,0.514
377,45,L,107,54,8,0,0.514
377,46,U,106,117,94,0,0.514
377,47,D,121,97,21,0,0.514
377,48,D,110,100,18,0,0.514
377,49,B,21,46,87,0,0.514
377,50,B,15,24,88,0,0.514
377,51,R,73,24,16,0,0.514
377,52,F,9,82,34,0,0.514
377,53,D,101,107,28,0,0.514
378,0,R,255,40,58,0,1.261
378,1,U,255,255,255,0,1.261
378,2,R,255,34,34,0,1.261
378,3,D,255,255,37,0,1.261
378,4,U,255,255,255,0,1.261
378,5,L,255,142,31,0,1.261
378,6,U,255,255,255,0,1.261
378,7,F,37,198,76,0,1.261
378,8,F,50,183,72,0,1.261
378,9,D,255,255,43,0,1.261
378,10,B,29,83,216,0,1.261
378,11,F,35,187,80,0,1.261
378,12,D,255,255,43,0,1.261
378,13,R,255,38,54,0,1.261
378,14,U,255,255,255,0,1.261
378,15,L,255,139,29,0,1.261
378,16,U,255,255,255,0,1.261
378,17,R,255,28,49,0,1.261
378,18,L,255,136,24,0,1.261
378,19,L,255,124,38,0,1.261
378,20,L,255,116,28,0,1.261
378,21,B,50,88,215,0,1.261
378,22,F,20,185,82,0,1.261
378,23,L,255,144,10,0,1.261
378,24,D,255,255,61,0,1.261
378,25,D,255,255,39,0,1.261
378,26,F,32,184,73,0,1.261
378,27,B,44,69,207,0,1.261
378,28,R,255,44,45,0,1.261
378,29,U,255,255,255,0,1.261
378,30,L,255,135,42,0,1.261
378,31,D,255,255,46,0,1.261
378,32,F,31,196,72,0,1.261
378,33,F,41,201,72,0,1.261
378,34,F,33,167,93,0,1.261
378,35,D,255,255,47,0,1.261
378,36,U,255,255,255,0,1.261
378,37,F,37,184,83,0,1.261
378,38,B,39,80,228,0,1.261
378,39,B,28,100,222,0,1.261
378,40,L,255,132,22,0,1.261
378,41,R,255,58,32,0,1.261
378,42,R,255,33,57,0,1.261
378,43,U,255,255,255,0,1.261
378,44,L,255,135,21,0,1.261
378,45,D,255,255,64,0,1.261
378,46,R,255,27,52,0,1.261
378,47,B,29,78,221,0,1.261
378,48,B,40,92,211,0,1.261
378,49,B,40,84,233,0,1.261
378,50,D,255,255,53,0,1.261
378,51,B,37,94,214,0,1.261
378,52,R,255,45,45,0,1.261
378,53,U,255,255,255,0,1.261
379,0,U,130,162,172,0,0.657
379,1,D,145,158,26,0,0.657
379,2,R,109,14,26,0,0.657
379,3,R,94,15,36,0,0.657
379,4,U,146,168,174,0,0.657
379,5,U,135,172,165,0,0.657
379,6,R,112,26,24,0,0.657
379,7,U,130,160,180,0,0.657
379,8,B,11,57,133,0,0.657
379,9,L,140,77,31,0,0.657
379,10,F,10,112,59,0,0.657
379,11,D,138,143,21,0,0.657
379,12,D,143,139,52,0,0.657
379,13,R,97,34,12,0,0.657
379,14,L,150,91,17,0,0.657
379,15,R,121,15,31,0,0.657
379,16,R,116,8,36,0,0.657
379,17,U,133,175,177,0,0.657
379,18,D,129,137,28,0,0.657
379,19,B,11,54,114,0,0.657
379,20,D,133,150,31,0,0.657
379,21,D,206,224,96,1,0.657
379,22,F,12,104,36,0,0.657
379,23,R,109,20,40,0,0.657
379,24,U,141,160,173,0,0.657
379,25,R,100,27,30,0,0.657
379,26,B,18,65,131,0,0.657
379,27,R,124,29,27,0,0.657
379,28,B,8,33,141,0,0.657
379,29,U,217,247,246,1,0.657
379,30,L,134,79,19,0,0.657
379,31,D,147,152,44,0,0.657
379,32,U,120,180,165,0,0.657
379,33,F,23,116,50,0,0.657
379,34,B,10,42,123,0,0.657
379,35,L,142,67,21,0,0.657
379,36,L,121,82,7,0,0.657
379,37,F,23,100,52,0,0.657
379,38,F,6,103,48,0,0.657
379,39,L,143,79,27,0,0.657
379,40,L,134,101,24,0,0.657
379,41,F,6,114,46,0,0.657
379,42,L,130,81,23,0,0.657
379,43,U,130,174,165,0,0.657
379,44,F,15,111,40,0,0.657
379,45,B,8,58,125,0,0.657
379,46,L,126,80,20,0,0.657
379,47,B,21,55,146,0,0.657
379,48,B,19,28,148,0,0.657
379,49,B,16,56,138,0,0.657
379,50,F,29,113,61,0,0.657
379,51,F,12,121,51,0,0.657
379,52,D,132,155,38,0,0.657
379,53,D,128,158,16,0,0.657
380,0,R,125,33,43,0,0.816
380,1,R,126,24,33,0,0.816
380,2,L,180,117,35,0,0.816
380,3,B,27,66,179,0,0.816
380,4,U,154,238,228,0,0.816
380,5,B,21,64,166,0,0.816
380,6,R,112,26,27,0,0.816
380,7,L,170,102,11,0,0.816
380,8,B,6,64,177,0,0.816
380,9,L,171,106,15,0,0.816
380,10,U,152,207,222,0,0.816
380,11,D,157,199,30,0,0.816
380,12,F,18,125,61,0,0.816
380,13,R,126,34,39,0,0.816
380,14,B,27,49,180,0,0.816
380,15,U,165,208,226,0,0.816
380,16,L,159,91,24,0,0.816
380,17,B,25,62,174,0,0.816
380,18,D,167,205,34,0,0.816
380,19,D,165,206,38,0,0.816
380,20,D,161,188,22,0,0.816
380,21,F,105,217,123,1,0.816
380,22,F,14,138,67,0,0.816
380,23,U,161,220,220,0,0.816
380,24,F,26,136,45,0,0.816
380,25,B,16,67,170,0,0.816
380,26,B,19,69,160,0,0.816
380,27,U,168,226,236,0,0.816
380,28,R,150,16,30,0,0.816
380,29,L,168,106,16,0,0.816
380,30,U,164,205,228,0,0.816
380,31,D,160,195,39,0,0.816
380,32,U,166,213,233,0,0.816
380,33,F,24,141,66,0,0.816
380,34,F,22,127,53,0,0.816
380,35,R,146,21,35,0,0.816
380,36,U,168,214,219,0,0.816
380,37,L,176,102,14,0,0.816
380,38,F,17,152,78,0,0.816
380,39,F,99,218,137,1,0.816
380,40,L,166,90,26,0,0.816
380,41,D,167,201,37,0,0.816
380,42,U,166,220,237,0,0.816
380,43,R,127,29,51,0,0.816
380,44,R,122,32,38,0,0.816
380,45,F,21,142,67,0,0.816
380,46,D,238,255,111,1,0.816
380,47,B,19,77,183,0,0.816
380,48,D,173,187,12,0,0.816
380,49,B,30,67,175,0,0.816
380,50,R,104,29,32,0,0.816
380,51,D,148,202,35,0,0.816
380,52,L,168,110,35,0,0.816
380,53,L,180,95,26,0,0.816
381,0,F,84,149,102,1,0.6
381,1,B,17,31,107,0,0.6
381,2,L,149,43,10,0,0.6
381,3,R,132,18,10,0,0.6
381,4,U,147,124,133,0,0.6
381,5,L,156,57,17,0,0.6
381,6,B,10,21,109,0,0.6
381,7,L,150,63,22,0,0.6
381,8,R,127,13,23,0,0.6
381,9,F,12,83,39,0,0.6
381,10,U,153,131,127,0,0.6
381,11,D,152,122,27,0,0.6
381,12,R,139,13,7,0,0.6
381,13,R,130,0,26,0,0.6
381,14,U,154,119,122,0,0.6
381,15,R,122,4,17,0,0.6
381,16,F,21,84,32,0,0.6
381,17,B,9,38,101,0,0.6
381,18,U,165,133,112,0,0.6
381,19,D,166,118,27,0,0.6
381,20,U,153,125,133,0,0.6
381,21,F,19,91,32,0,0.6
381,22,F,18,75,46,0,0.6
381,23,F,33,78,38,0,0.6
381,24,D,160,125,13,0,0.6
381,25,B,23,45,99,0,0.6
381,26,F,13,78,38,0,0.6
381,27,B,21,33,102,0,0.6
381,28,D,153,107,17,0,0.6
381,29,D,157,106,28,0,0.6
381,30,B,20,41,91,0,0.6
381,31,D,159,108,29,0,0.6
381,32,D,165,121,25,0,0.6
381,33,R,131,6,18,0,0.6
381,34,L,148,56,16,0,0.6
381,35,R,116,14,27,0,0.6
381,36,L,153,58,13,0,0.6
381,37,D,161,125,24,0,0.6
381,38,L,165,56,13,0,0.6
381,39,F,17,85,45,0,0.6
381,40,L,162,60,24,0,0.6
381,41,U,168,128,129,0,0.6
381,42,B,1,35,98,0,0.6
381,43,R,125,17,20,0,0.6
381,44,L,149,71,7,0,0.6
381,45,F,21,85,39,0,0.6
381,46,U,157,136,118,0,0.6
381,47,U,159,122,130,0,0.6
381,48,R,185,89,91,1,0.6
381,49,B,12,41,105,0,0.6
381,50,L,148,60,17,0,0.6
381,51,D,169,93,28,0,0.6
381,52,B,0,31,111,0,0.6
381,53,U,169,128,119,0,0.6
382,0,B,16,43,98,0,0.506
382,1,L,130,71,8,0,0.506
382,2,F,16,86,30,0,0.506
382,3,D,139,114,28,0,0.506
382,4,U,122,119,128,0,0.506
382,5,B,21,42,105,0,0.506
382,6,U,131,138,115,0,0.506
382,7,B,5,31,100,0,0.506
382,8,L,135,65,19,0,0.506
382,9,D,128,138,18,0,0.506
382,10,R,110,16,10,0,0.506
382,11,U,117,139,122,0,0.506
382,12,R,106,20,12,0,0.506
382,13,R,92,7,17,0,0.506
382,14,U,138,129,118,0,0.506
382,15,R,100,8,34,0,0.506
382,16,F,4,90,33,0,0.506
382,17,R,164,97,92,1,0.506
382,18,R,187,86,98,1,0.506
382,19,L,126,71,23,0,0.506
382,20,B,4,34,110,0,0.506
382,21,U,131,141,129,0,0.506
382,22,F,12,78,29,0,0.506
382,23,D,136,119,7,0,0.506
382,24,D,128,120,11,0,0.506
382,25,B,16,46,96,0,0.506
382,26,F,17,88,41,0,0.506
382,27,L,135,59,11,0,0.506
382,28,U,131,144,133,0,0.506
382,29,D,133,126,19,0,0.506
382,30,U,131,138,124,0,0.506
382,31,D,137,127,30,0,0.506
382,32,D,134,105,26,0,0.506
382,33,U,137,129,130,0,0.506
382,34,L,130,60,19,0,0.506
382,35,D,124,114,23,0,0.506
382,36,U,116,131,124,0,0.506
382,37,B,15,24,95,0,0.506
382,38,F,10,72,36,0,0.506
382,39,F,17,86,34,0,0.506
382,40,L,126,62,8,0,0.506
382,41,R,100,9,34,0,0.506
382,42,R,114,23,18,0,0.506
382,43,L,118,48,12,0,0.506
382,44,F,18,82,47,0,0.506
382,45,L,138,69,16,0,0.506
382,46,D,115,112,22,0,0.506
382,47,L,123,68,13,0,0.506
382,48,F,11,89,44,0,0.506
382,49,B,11,49,84,0,0.506
382,50,R,113,22,21,0,0.506
382,51,B,31,37,108,0,0.506
382,52,F,14,87,39,0,0.506
382,53,B,80,111,163,1,0.506
383,0,F,16,106,68,0,0.747
383,1,L,174,85,20,0,0.747
383,2,B,37,52,158,0,0.747
383,3,R,224,99,100,1,0.747
383,4,U,183,179,195,0,0.747
383,5,D,190,163,50,0,0.747
383,6,U,187,192,192,0,0.747
383,7,U,181,188,185,0,0.747
383,8,B,3,39,160,0,0.747
383,9,L,250,162,93,1,0.747
383,10,F,22,119,61,0,0.747
383,11,L,255,159,104,1,0.747
383,12,B,12,57,156,0,0.747
383,13,R,158,20,34,0,0.747
383,14,U,190,182,188,0,0.747
383,15,F,22,114,48,0,0.747
383,16,U,178,179,188,0,0.747
383,17,D,200,166,43,0,0.747
383,18,B,14,55,160,0,0.747
383,19,F,9,125,34,0,0.747
383,20,D,198,167,37,0,0.747
383,21,F,23,113,61,0,0.747
383,22,F,20,127,63,0,0.747
383,23,D,193,160,47,0,0.747
383,24,U,171,183,206,0,0.747
383,25,D,175,156,30,0,0.747
383,26,L,187,77,11,0,0.747
383,27,F,18,125,61,0,0.747
383,28,L,189,78,31,0,0.747
383,29,D,174,172,26,0,0.747
383,30,B,21,48,158,0,0.747
383,31,D,179,174,42,0,0.747
383,32,B,23,52,155,0,0.747
383,33,F,14,118,60,0,0.747
383,34,D,178,156,53,0,0.747
383,35,B,21,49,153,0,0.747
383,36,R,219,93,94,1,0.747
383,37,U,180,183,200,0,0.747
383,38,R,138,32,29,0,0.747
383,39,F,13,116,35,0,0.747
383,40,L,189,98,14,0,0.747
383,41,R,138,18,38,0,0.747
383,42,R,146,22,59,0,0.747
383,43,R,147,13,33,0,0.747
383,44,L,178,85,3,0,0.747
383,45,U,192,186,199,0,0.747
383,46,B,15,52,174,0,0.747
383,47,D,182,170,36,0,0.747
383,48,L,177,84,34,0,0.747
383,49,B,26,47,161,0,0.747
383,50,L,187,61,19,0,0.747
383,51,R,150,26,34,0,0.747
383,52,R,228,91,115,1,0.747
383,53,U,196,186,208,0,0.747
384,0,B,28,72,163,0,0.881
384,1,R,154,20,31,0,0.881
384,2,R,160,27,29,0,0.881
384,3,R,151,18,34,0,0.881
384,4,U,194,199,192,0,0.881
384,5,F,13,128,43,0,0.881
384,6,R,144,25,40,0,0.881
384,7,L,194,99,27,0,0.881
384,8,L,190,96,33,0,0.881
384,9,F,18,133,46,0,0.881
384,10,U,184,201,201,0,0.881
384,11,D,187,196,25,0,0.881
384,12,F,26,128,50,0,0.881
384,13,R,151,21,23,0,0.881
384,14,B,35,63,162,0,0.881
384,15,U,167,213,209,0,0.881
384,16,D,190,181,49,0,0.881
384,17,B,7,67,150,0,0.881
384,18,D,191,197,25,0,0.881
384,19,U,183,198,206,0,0.881
384,20,D,193,195,29,0,0.881
384,21,B,24,65,154,0,0.881
384,22,F,33,111,59,0,0.881
384,23,L,198,93,20,0,0.881
384,24,B,21,43,160,0,0.881
384,25,U,188,209,202,0,0.881
384,26,F,2,130,54,0,0.881
384,27,R,153,36,15,0,0.881
384,28,B,12,62,163,0,0.881
384,29,R,160,31,35,0,0.881
384,30,D,190,192,31,0,0.881
384,31,D,198,188,30,0,0.881
384,32,R,153,34,34,0,0.881
384,33,U,185,201,199,0,0.881
384,34,U,193,209,213,0,0.881
384,35,L,204,114,30,0,0.881
384,36,L,188,92,19,0,0.881
384,37,F,13,114,72,0,0.881
384,38,F,31,140,48,0,0.881
384,39,D,186,205,27,0,0.881
384,40,L,185,102,14,0,0.881
384,41,L,183,85,25,0,0.881
384,42,L,204,101,30,0,0.881
384,43,L,193,89,23,0,0.881
384,44,U,197,210,210,0,0.881
384,45,B,21,46,166,0,0.881
384,46,B,20,68,156,0,0.881
384,47,D,208,200,42,0,0.881
384,48,D,186,182,39,0,0.881
384,49,B,28,69,170,0,0.881
384,50,F,17,135,44,0,0.881
384,51,U,182,204,196,0,0.881
384,52,R,162,30,38,0,0.881
384,53,F,12,117,59,0,0.881
385,0,R,146,35,34,0,0.851
385,1,U,192,163,205,0,0.851
385,2,R,151,25,37,0,0.851
385,3,F,15,112,46,0,0.851
385,4,U,198,186,199,0,0.851
385,5,R,155,30,37,0,0.851
385,6,B,24,44,167,0,0.851
385,7,F,14,104,61,0,0.851
385,8,D,197,176,41,0,0.851
385,9,L,185,88,32,0,0.851
385,10,F,8,113,62,0,0.851
385,11,F,25,109,57,0,0.851
385,12,D,191,175,41,0,0.851
385,13,R,157,19,46,0,0.851
385,14,L,197,65,20,0,0.851
385,15,B,31,62,158,0,0.851
385,16,L,175,80,24,0,0.851
385,17,R,139,16,36,0,0.851
385,18,L,191,75,25,0,0.851
385,19,D,209,152,31,0,0.851
385,20,F,2,110,63,0,0.851
385,21,B,91,107,244,1,0.851
385,22,F,22,117,58,0,0.851
385,23,B,13,58,173,0,0.851
385,24,L,185,82,25,0,0.851
385,25,R,147,26,37,0,0.851
385,26,L,185,73,34,0,0.851
385,27,U,178,176,213,0,0.851
385,28,D,205,171,24,0,0.851
385,29,U,201,181,194,0,0.851
385,30,L,185,76,24,0,0.851
385,31,D,191,150,50,0,0.851
385,32,D,196,168,13,0,0.851
385,33,R,157,37,34,0,0.851
385,34,U,190,156,212,0,0.851
385,35,U,213,191,192,0,0.851
385,36,B,28,49,182,0,0.851
385,37,L,201,83,16,0,0.851
385,38,D,184,169,35,0,0.851
385,39,B,4,50,153,0,0.851
385,40,L,186,103,24,0,0.851
385,41,R,166,35,25,0,0.851
385,42,B,38,51,161,0,0.851
385,43,U,200,179,214,0,0.851
385,44,F,18,123,51,0,0.851
385,45,D,194,156,41,0,0.851
385,46,R,156,30,37,0,0.851
385,47,D,200,161,46,0,0.851
385,48,B,26,62,183,0,0.851
385,49,B,31,59,157,0,0.851
385,50,U,201,172,201,0,0.851
385,51,F,19,106,65,0,0.851
385,52,F,20,117,49,0,0.851
385,53,U,190,159,204,0,0.851
386,0,L,255,111,31,0,1.283
386,1,R,255,34,42,0,1.283
386,2,D,255,221,56,0,1.283
386,3,R,255,39,51,0,1.283
386,4,U,255,255,255,0,1.283
386,5,U,255,243,255,0,1.283
386,6,L,255,119,28,0,1.283
386,7,F,18,172,76,0,1.283
386,8,F,45,156,82,0,1.283
386,9,L,255,201,95,1,1.283
386,10,B,43,74,213,0,1.283
386,11,R,255,32,57,0,1.283
386,12,D,255,235,54,0,1.283
386,13,R,255,24,35,0,1.283
386,14,L,255,123,39,0,1.283
386,15,B,118,151,255,1,1.283
386,16,R,255,31,38,0,1.283
386,17,D,255,224,45,0,1.283
386,18,F,37,164,69,0,1.283
386,19,L,255,133,27,0,1.283
386,20,U,255,242,255,0,1.283
386,21,B,32,64,208,0,1.283
386,22,F,45,166,72,0,1.283
386,23,B,33,72,222,0,1.283
386,24,R,255,35,55,0,1.283
386,25,F,46,171,73,0,1.283
386,26,U,255,253,255,0,1.283
386,27,F,19,154,85,0,1.283
386,28,U,255,252,255,0,1.283
386,29,R,255,31,57,0,1.283
386,30,U,255,255,255,0,1.283
386,31,D,255,234,51,0,1.283
386,32,U,255,255,255,0,1.283
386,33,B,32,56,232,0,1.283
386,34,B,51,83,228,0,1.283
386,35,B,36,78,219,0,1.283
386,36,D,255,241,53,0,1.283
386,37,F,35,145,76,0,1.283
386,38,D,255,245,38,0,1.283
386,39,D,255,231,41,0,1.283
386,40,L,255,119,13,0,1.283
386,41,R,255,22,45,0,1.283
386,42,L,255,119,27,0,1.283
386,43,L,255,124,31,0,1.283
386,44,U,255,255,255,0,1.283
386,45,F,38,169,89,0,1.283
386,46,D,255,240,45,0,1.283
386,47,B,22,76,216,0,1.283
386,48,D,255,239,70,0,1.283
386,49,B,34,65,217,0,1.283
386,50,F,39,159,80,0,1.283
386,51,R,255,25,40,0,1.283
386,52,L,255,126,25,0,1.283
386,53,U,255,255,255,0,1.283
387,0,R,223,37,50,0,1.225
387,1,U,255,250,255,0,1.225
387,2,D,255,224,58,0,1.225
387,3,F,29,156,85,0,1.225
387,4,U,255,245,255,0,1.225
387,5,F,42,160,78,0,1.225
387,6,U,255,255,255,0,1.225
387,7,D,255,244,48,0,1.225
387,8,F,31,166,90,0,1.225
387,9,U,252,255,255,0,1.225
387,10,R,212,22,47,0,1.225
387,11,R,213,33,52,0,1.225
387,12,R,223,23,57,0,1.225
387,13,R,216,39,42,0,1.225
387,14,R,217,33,63,0,1.225
387,15,L,255,196,103,1,1.225
387,16,D,255,231,54,0,1.225
387,17,U,255,231,255,0,1.225
387,18,B,36,80,243,0,1.225
387,19,B,18,82,235,0,1.225
387,20,R,222,35,45,0,1.225
387,21,L,255,114,36,0,1.225
387,22,F,36,157,79,0,1.225
387,23,U,255,250,255,0,1.225
387,24,D,255,246,45,0,1.225
387,25,U,255,255,255,0,1.225
387,26,D,255,222,67,0,1.225
387,27,B,31,77,232,0,1.225
387,28,L,255,109,38,0,1.225
387,29,F,20,158,89,0,1.225
387,30,L,255,103,37,0,1.225
387,31,D,255,225,49,0,1.225
387,32,F,48,160,65,0,1.225
387,33,F,34,181,98,0,1.225
387,34,D,255,226,47,0,1.225
387,35,B,33,69,233,0,1.225
387,36,B,26,69,239,0,1.225
387,37,U,255,248,255,0,1.225
387,38,R,224,48,42,0,1.225
387,39,D,255,233,46,0,1.225
387,40,L,246,115,21,0,1.225
387,41,B,32,73,230,0,1.225
387,42,U,255,254,255,0,1.225
387,43,F,28,159,82,0,1.225
387,44,L,255,121,35,0,1.225
387,45,F,31,158,77,0,1.225
387,46,B,108,147,255,1,1.225
387,47,D,255,224,54,0,1.225
387,48,B,96,134,255,1,1.225
387,49,B,17,64,236,0,1.225
387,50,L,255,111,35,0,1.225
387,51,L,255,112,26,0,1.225
387,52,R,214,29,42,0,1.225
387,53,L,255,112,20,0,1.225
388,0,U,126,162,170,0,0.614
388,1,D,132,132,33,0,0.614
388,2,B,13,52,121,0,0.614
388,3,U,146,163,167,0,0.614
388,4,U,134,150,163,0,0.614
388,5,F,17,94,35,0,0.614
388,6,R,119,31,26,0,0.614
388,7,R,123,10,33,0,0.614
388,8,D,142,154,18,0,0.614
388,9,F,8,104,53,0,0.614
388,10,D,137,147,37,0,0.614
388,11,D,154,151,22,0,0.614
388,12,R,110,24,26,0,0.614
388,13,R,117,21,29,0,0.614
388,14,B,20,37,126,0,0.614
388,15,L,136,66,20,0,0.614
388,16,F,23,103,41,0,0.614
388,17,F,9,85,36,0,0.614
388,18,U,210,222,231,1,0.614
388,19,D,217,211,93,1,0.614
388,20,R,125,9,34,0,0.614
388,21,U,126,169,158,0,0.614
388,22,F,27,100,43,0,0.614
388,23,U,149,167,151,0,0.614
388,24,R,120,11,25,0,0.614
388,25,D,135,140,33,0,0.614
388,26,D,137,158,12,0,0.614
388,27,B,28,60,121,0,0.614
388,28,B,18,51,134,0,0.614
388,29,F,11,104,46,0,0.614
388,30,L,135,68,18,0,0.614
388,31,D,137,145,31,0,0.614
388,32,U,149,165,160,0,0.614
388,33,L,163,81,20,0,0.614
388,34,R,121,20,31,0,0.614
388,35,R,126,24,38,0,0.614
388,36,F,0,106,41,0,0.614
388,37,L,146,86,14,0,0.614
388,38,B,26,46,123,0,0.614
388,39,L,127,66,26,0,0.614
388,40,L,158,74,20,0,0.614
388,41,B,24,57,122,0,0.614
388,42,U,144,169,142,0,0.614
388,43,F,13,92,38,0,0.614
388,44,D,145,147,27,0,0.614
388,45,L,135,88,12,0,0.614
388,46,L,133,57,18,0,0.614
388,47,L,141,60,12,0,0.614
388,48,R,126,36,35,0,0.614
388,49,B,17,44,128,0,0.614
388,50,B,7,49,130,0,0.614
388,51,U,142,161,162,0,0.614
388,52,F,18,105,49,0,0.614
388,53,B,0,66,135,0,0.614
389,0,L,252,83,17,0,0.948
389,1,D,255,191,44,0,0.948
389,2,F,105,176,121,1,0.948
389,3,F,103,198,140,1,0.948
389,4,U,252,208,229,0,0.948
389,5,U,255,214,227,0,0.948
389,6,D,255,255,115,1,0.948
389,7,F,26,134,63,0,0.948
389,8,B,22,87,189,0,0.948
389,9,U,252,223,239,0,0.948
389,10,F,49,127,65,0,0.948
389,11,L,247,86,31,0,0.948
389,12,R,216,14,40,0,0.948
389,13,R,196,37,44,0,0.948
389,14,B,28,62,187,0,0.948
389,15,U,252,219,232,0,0.948
389,16,R,219,26,31,0,0.948
389,17,D,255,187,33,0,0.948
389,18,F,38,137,54,0,0.948
389,19,R,197,30,40,0,0.948
389,20,L,255,98,28,0,0.948
389,21,B,22,72,187,0,0.948
389,22,F,30,135,63,0,0.948
389,23,D,248,191,46,0,0.948
389,24,F,41,146,63,0,0.948
389,25,L,242,108,22,0,0.948
389,26,R,202,35,33,0,0.948
389,27,U,255,197,222,0,0.948
389,28,D,255,255,111,1,0.948
389,29,B,29,58,192,0,0.948
389,30,U,255,214,230,0,0.948
389,31,D,255,200,43,0,0.948
389,32,U,255,220,236,0,0.948
389,33,D,255,188,42,0,0.948
389,34,D,255,194,41,0,0.948
389,35,B,13,70,194,0,0.948
389,36,U,252,199,229,0,0.948
389,37,L,255,84,30,0,0.948
389,38,R,199,28,47,0,0.948
389,39,L,244,102,21,0,0.948
389,40,L,255,111,13,0,0.948
389,41,R,200,40,30,0,0.948
389,42,L,248,98,31,0,0.948
389,43,L,255,95,21,0,0.948
389,44,R,255,84,89,1,0.948
389,45,D,253,195,44,0,0.948
389,46,B,34,49,187,0,0.948
389,47,F,27,135,65,0,0.948
389,48,U,255,206,221,0,0.948
389,49,B,23,70,186,0,0.948
389,50,B,37,57,174,0,0.948
389,51,R,190,44,29,0,0.948
389,52,F,23,151,72,0,0.948
389,53,B,26,77,167,0,0.948
390,0,D,141,111,32,0,0.52
390,1,U,145,94,112,0,0.52
390,2,U,138,118,101,0,0.52
390,3,D,152,110,20,0,0.52
390,4,U,140,115,119,0,0.52
390,5,D,149,96,13,0,0.52
390,6,U,129,104,109,0,0.52
390,7,L,133,51,20,0,0.52
390,8,D,157,103,23,0,0.52
390,9,R,104,17,8,0,0.52
390,10,L,136,56,7,0,0.52
390,11,F,13,62,35,0,0.52
390,12,D,155,117,35,0,0.52
390,13,R,112,13,11,0,0.52
390,14,R,113,17,39,0,0.52
390,15,L,147,44,13,0,0.52
390,16,U,135,115,127,0,0.52
390,17,U,142,115,104,0,0.52
390,18,F,0,77,38,0,0.52
390,19,F,9,71,36,0,0.52
390,20,B,12,26,97,0,0.52
390,21,D,149,92,22,0,0.52
390,22,F,34,70,36,0,0.52
390,23,B,15,40,98,0,0.52
390,24,F,16,63,28,0,0.52
390,25,U,138,116,123,0,0.52
390,26,U,133,122,103,0,0.52
390,27,D,145,97,27,0,0.52
390,28,F,23,82,21,0,0.52
390,29,B,16,16,96,0,0.52
390,30,R,109,12,22,0,0.52
390,31,D,137,126,9,0,0.52
390,32,B,9,30,86,0,0.52
390,33,R,100,13,20,0,0.52
390,34,U,136,119,109,0,0.52
390,35,R,114,19,24,0,0.52
390,36,B,12,34,77,0,0.52
390,37,R,102,20,13,0,0.52
390,38,L,137,47,9,0,0.52
390,39,B,10,30,95,0,0.52
390,40,L,142,51,16,0,0.52
390,41,F,7,65,21,0,0.52
390,42,F,20,67,24,0,0.52
390,43,F,8,74,31,0,0.52
390,44,L,147,45,17,0,0.52
390,45,R,106,13,29,0,0.52
390,46,R,117,13,27,0,0.52
390,47,L,132,52,4,0,0.52
390,48,B,7,38,96,0,0.52
390,49,B,19,30,110,0,0.52
390,50,L,129,60,13,0,0.52
390,51,B,12,24,83,0,0.52
390,52,L,150,46,7,0,0.52
390,53,D,148,99,15,0,0.52
391,0,L,168,76,18,0,0.785
391,1,U,165,168,214,0,0.785
391,2,B,28,53,165,0,0.785
391,3,U,177,181,199,0,0.785
391,4,U,180,181,190,0,0.785
391,5,U,156,184,218,0,0.785
391,6,R,132,25,40,0,0.785
391,7,R,143,22,47,0,0.785
391,8,D,176,181,33,0,0.785
391,9,R,128,32,47,0,0.785
391,10,L,174,95,23,0,0.785
391,11,U,168,185,213,0,0.785
391,12,D,179,179,29,0,0.785
391,13,R,139,20,41,0,0.785
391,14,U,165,186,229,0,0.785
391,15,L,179,90,24,0,0.785
391,16,B,21,54,168,0,0.785
391,17,D,188,167,27,0,0.785
391,18,F,11,126,76,0,0.785
391,19,F,0,113,66,0,0.785
391,20,B,17,55,164,0,0.785
391,21,D,169,171,34,0,0.785
391,22,F,15,121,56,0,0.785
391,23,R,139,38,27,0,0.785
391,24,D,174,167,29,0,0.785
391,25,L,181,91,11,0,0.785
391,26,B,85,124,255,1,0.785
391,27,L,164,95,27,0,0.785
391,28,D,172,170,45,0,0.785
391,29,D,175,176,34,0,0.785
391,30,B,13,56,178,0,0.785
391,31,D,185,172,44,0,0.785
391,32,L,251,160,98,1,0.785
391,33,B,15,67,177,0,0.785
391,34,L,165,83,21,0,0.785
391,35,R,135,21,30,0,0.785
391,36,U,169,196,209,0,0.785
391,37,F,27,121,58,0,0.785
391,38,U,162,191,204,0,0.785
391,39,D,184,178,28,0,0.785
391,40,L,163,81,28,0,0.785
391,41,B,33,58,167,0,0.785
391,42,L,162,82,10,0,0.785
391,43,R,136,16,52,0,0.785
391,44,F,6,126,55,0,0.785
391,45,R,143,16,44,0,0.785
391,46,B,23,69,156,0,0.785
391,47,F,26,125,52,0,0.785
391,48,R,141,32,38,0,0.785
391,49,B,30,56,170,0,0.785
391,50,F,7,93,73,0,0.785
391,51,F,15,134,60,0,0.785
391,52,F,14,108,47,0,0.785
391,53,U,181,191,206,0,0.785
392,0,F,94,232,137,1,1.047
392,1,L,255,117,31,0,1.047
392,2,B,23,84,214,0,1.047
392,3,U,244,255,255,0,1.047
392,4,U,238,249,255,0,1.047
392,5,D,255,241,46,0,1.047
392,6,U,255,255,255,0,1.047
392,7,U,255,255,255,0,1.047
392,8,U,255,255,255,0,1.047
392,9,F,29,172,77,0,1.047
392,10,F,32,166,81,0,1.047
392,11,D,255,233,35,0,1.047
392,12,D,252,253,47,0,1.047
392,13,R,206,35,49,0,1.047
392,14,R,216,53,52,0,1.047
392,15,B,32,72,213,0,1.047
392,16,U,255,255,255,0,1.047
392,17,D,255,255,104,1,1.047
392,18,L,251,115,38,0,1.047
392,19,B,26,76,212,0,1.047
392,20,L,252,126,31,0,1.047
392,21,B,36,81,220,0,1.047
392,22,F,37,156,67,0,1.047
392,23,R,207,34,43,0,1.047
392,24,B,14,75,215,0,1.047
392,25,F,11,160,94,0,1.047
392,26,R,209,34,52,0,1.047
392,27,R,196,31,37,0,1.047
392,28,L,245,115,33,0,1.047
392,29,D,251,249,47,0,1.047
392,30,F,30,161,56,0,1.047
392,31,D,255,247,44,0,1.047
392,32,L,250,130,24,0,1.047
392,33,R,188,47,51,0,1.047
392,34,B,18,71,218,0,1.047
392,35,F,21,166,94,0,1.047
392,36,U,255,255,255,0,1.047
392,37,R,195,27,44,0,1.047
392,38,B,20,84,215,0,1.047
392,39,R,197,30,52,0,1.047
392,40,L,252,126,31,0,1.047
392,41,L,239,133,25,0,1.047
392,42,F,32,149,70,0,1.047
392,43,U,255,255,255,1,1.047
392,44,U,255,254,255,0,1.047
392,45,L,255,125,35,0,1.047
392,46,D,255,226,56,0,1.047
392,47,R,210,44,56,0,1.047
392,48,B,24,67,216,0,1.047
392,49,B,37,77,205,0,1.047
392,50,F,30,175,73,0,1.047
392,51,L,255,122,15,0,1.047
392,52,D,245,224,46,0,1.047
392,53,D,255,232,48,0,1.047
393,0,F,34,185,94,0,1.208
393,1,F,38,188,76,0,1.208
393,2,F,37,180,80,0,1.208
393,3,R,215,47,52,0,1.208
393,4,U,255,255,255,0,1.208
393,5,D,255,255,53,0,1.208
393,6,F,24,192,82,0,1.208
393,7,B,24,92,238,0,1.208
393,8,D,255,255,56,0,1.208
393,9,B,26,91,250,0,1.208
393,10,B,26,85,234,0,1.208
393,11,R,203,57,47,0,1.208
393,12,R,216,36,45,0,1.208
393,13,R,202,41,58,0,1.208
393,14,L,255,120,29,0,1.208
393,15,B,28,78,253,0,1.208
393,16,B,37,83,255,0,1.208
393,17,R,216,43,42,0,1.208
393,18,D,255,255,44,0,1.208
393,19,L,255,138,29,0,1.208
393,20,L,255,129,30,0,1.208
393,21,F,38,196,82,0,1.208
393,22,F,32,190,80,0,1.208
393,23,D,255,255,113,1,1.208
393,24,R,201,23,55,0,1.208
393,25,L,255,135,29,0,1.208
393,26,R,212,32,46,0,1.208
393,27,U,255,255,255,0,1.208
393,28,D,255,255,42,0,1.208
393,29,D,255,255,42,0,1.208
393,30,L,255,153,34,0,1.208
393,31,D,255,255,56,0,1.208
393,32,U,255,255,255,0,1.208
393,33,U,255,255,255,0,1.208
393,34,B,20,84,247,0,1.208
393,35,F,25,180,81,0,1.208
393,36,L,255,129,32,0,1.208
393,37,F,92,255,148,1,1.208
393,38,L,255,127,34,0,1.208
393,39,R,215,56,62,0,1.208
393,40,L,255,143,31,0,1.208
393,41,D,255,255,62,0,1.208
393,42,B,23,102,248,0,1.208
393,43,F,25,189,85,0,1.208
393,44,B,19,85,241,0,1.208
393,45,U,255,255,255,0,1.208
393,46,U,255,255,255,0,1.208
393,47,U,255,255,255,1,1.208
393,48,U,249,255,255,0,1.208
393,49,B,16,83,243,0,1.208
393,50,U,234,255,255,0,1.208
393,51,D,255,255,46,0,1.208
393,52,R,211,36,45,0,1.208
393,53,L,255,137,28,0,1.208
394,0,U,255,252,255,0,1.229
394,1,R,244,40,40,0,1.229
394,2,U,255,255,255,0,1.229
394,3,B,44,81,231,0,1.229
394,4,U,255,255,255,0,1.229
394,5,U,255,255,255,0,1.229
394,6,U,255,255,255,0,1.229
394,7,U,255,255,255,0,1.229
394,8,R,231,38,38,0,1.229
394,9,B,22,79,212,0,1.229
394,10,L,255,115,33,0,1.229
394,11,R,236,25,56,0,1.229
394,12,R,233,31,40,0,1.229
394,13,R,238,42,54,0,1.229
394,14,R,247,36,51,0,1.229
394,15,L,255,125,29,0,1.229
394,16,B,25,77,225,0,1.229
394,17,B,37,87,222,0,1.229
394,18,F,29,181,88,0,1.229
394,19,B,34,84,223,0,1.229
394,20,D,255,243,36,0,1.229
394,21,F,29,186,79,0,1.229
394,22,F,18,176,73,0,1.229
394,23,B,47,90,213,0,1.229
394,24,R,234,37,50,0,1.229
394,25,F,35,167,76,0,1.229
394,26,U,255,255,255,0,1.229
394,27,D,255,248,51,0,1.229
394,28,R,237,47,46,0,1.229
394,29,B,27,85,227,0,1.229
394,30,L,255,136,22,0,1.229
394,31,D,255,237,42,0,1.229
394,32,L,255,121,22,0,1.229
394,33,D,255,230,38,0,1.229
394,34,F,31,153,66,0,1.229
394,35,D,255,254,47,0,1.229
394,36,R,228,32,63,0,1.229
394,37,D,255,244,59,0,1.229
394,38,L,255,123,11,0,1.229
394,39,F,41,175,73,0,1.229
394,40,L,255,125,35,0,1.229
394,41,L,255,120,39,0,1.229
394,42,F,21,168,70,0,1.229
394,43,D,255,255,54,0,1.229
394,44,F,109,232,132,1,1.229
394,45,B,28,86,222,0,1.229
394,46,D,255,245,45,0,1.229
394,47,F,14,173,72,0,1.229
394,48,U,255,255,255,0,1.229
394,49,B,34,82,216,0,1.229
394,50,D,255,247,26,0,1.229
394,51,L,255,131,39,0,1.229
394,52,U,255,255,255,0,1.229
394,53,L,255,121,26,0,1.229
395,0,R,177,39,54,0,0.939
395,1,F,19,155,44,0,0.939
395,2,B,26,63,171,0,0.939
395,3,L,217,108,32,0,0.939
395,4,U,217,226,206,0,0.939
395,5,U,217,238,207,0,0.939
395,6,D,238,234,26,0,0.939
395,7,D,227,237,26,0,0.939
395,8,F,17,142,54,0,0.939
395,9,R,170,24,23,0,0.939
395,10,B,32,70,173,0,0.939
395,11,R,186,28,45,0,0.939
395,12,F,28,149,55,0,0.939
395,13,R,187,18,33,0,0.939
395,14,U,226,238,198,0,0.939
395,15,U,240,223,209,0,0.939
395,16,U,227,247,201,0,0.939
395,17,U,233,237,195,0,0.939
395,18,B,18,70,164,0,0.939
395,19,B,37,55,169,0,0.939
395,20,D,234,210,34,0,0.939
395,21,F,19,145,76,0,0.939
395,22,F,7,158,56,0,0.939
395,23,L,216,120,22,0,0.939
395,24,U,236,249,203,0,0.939
395,25,B,24,74,148,0,0.939
395,26,R,185,30,31,0,0.939
395,27,L,232,120,26,0,0.939
395,28,L,228,113,24,0,0.939
395,29,B,37,78,164,0,0.939
395,30,R,187,32,34,0,0.939
395,31,D,225,227,40,0,0.939
395,32,R,182,36,33,0,0.939
395,33,L,221,104,45,0,0.939
395,34,B,23,76,163,0,0.939
395,35,L,221,97,26,0,0.939
395,36,F,32,161,67,0,0.939
395,37,D,234,222,30,0,0.939
395,38,L,225,122,42,0,0.939
395,39,U,216,243,211,0,0.939
395,40,L,212,110,31,0,0.939
395,41,R,184,35,41,0,0.939
395,42,D,226,219,34,0,0.939
395,43,D,224,227,27,0,0.939
395,44,B,32,71,165,0,0.939
395,45,D,222,219,26,0,0.939
395,46,D,213,217,33,0,0.939
395,47,U,215,239,208,0,0.939
395,48,F,28,150,59,0,0.939
395,49,B,28,71,156,0,0.939
395,50,L,209,125,19,0,0.939
395,51,F,30,138,48,0,0.939
395,52,R,164,35,38,0,0.939
395,53,F,11,152,67,0,0.939
396,0,F,23,134,66,0,0.923
396,1,B,15,58,169,0,0.923
396,2,R,159,33,50,0,0.923
396,3,R,185,33,45,0,0.923
396,4,U,214,188,243,0,0.923
396,5,F,23,113,59,0,0.923
396,6,U,207,199,244,0,0.923
396,7,U,216,183,249,0,0.923
396,8,B,12,60,198,0,0.923
396,9,R,181,33,39,0,0.923
396,10,R,178,15,42,0,0.923
396,11,D,221,169,37,0,0.923
396,12,B,34,42,203,0,0.923
396,13,R,157,21,32,0,0.923
396,14,U,213,192,224,0,0.923
396,15,U,229,177,239,0,0.923
396,16,D,255,247,114,1,0.923
396,17,D,221,169,38,0,0.923
396,18,R,172,15,35,0,0.923
396,19,R,175,42,39,0,0.923
396,20,U,219,171,228,0,0.923
396,21,D,216,181,38,0,0.923
396,22,F,14,118,66,0,0.923
396,23,U,205,174,240,0,0.923
396,24,U,217,181,232,0,0.923
396,25,L,220,94,20,0,0.923
396,26,B,18,48,184,0,0.923
396,27,F,9,116,62,0,0.923
396,28,F,31,95,69,0,0.923
396,29,L,224,91,11,0,0.923
396,30,B,8,50,189,0,0.923
396,31,D,214,174,42,0,0.923
396,32,F,22,110,59,0,0.923
396,33,L,206,81,24,0,0.923
396,34,R,181,28,41,0,0.923
396,35,F,13,115,65,0,0.923
396,36,R,168,17,46,0,0.923
396,37,B,32,49,200,0,0.923
396,38,F,93,175,143,1,0.923
396,39,U,227,187,237,0,0.923
396,40,L,216,93,15,0,0.923
396,41,L,208,91,25,0,0.923
396,42,B,35,66,195,0,0.923
396,43,D,215,168,27,0,0.923
396,44,L,225,72,9,0,0.923
396,45,B,31,47,184,0,0.923
396,46,L,221,87,37,0,0.923
396,47,D,212,166,32,0,0.923
396,48,L,216,95,32,0,0.923
396,49,B,40,67,186,0,0.923
396,50,F,20,125,75,0,0.923
396,51,L,220,94,39,0,0.923
396,52,D,255,242,121,1,0.923
396,53,D,209,160,36,0,0.923
397,0,B,20,60,167,0,0.822
397,1,D,188,164,45,0,0.822
397,2,U,192,208,195,0,0.822
397,3,L,170,79,36,0,0.822
397,4,U,194,188,189,0,0.822
397,5,U,178,211,171,0,0.822
397,6,U,192,196,189,0,0.822
397,7,U,184,193,190,0,0.822
397,8,L,162,94,21,0,0.822
397,9,F,27,127,72,0,0.822
397,10,B,30,72,158,0,0.822
397,11,B,29,63,175,0,0.822
397,12,F,74,209,125,1,0.822
397,13,R,148,15,28,0,0.822
397,14,R,143,39,40,0,0.822
397,15,R,153,25,38,0,0.822
397,16,F,28,128,50,0,0.822
397,17,U,181,198,210,0,0.822
397,18,F,82,209,117,1,0.822
397,19,L,185,95,11,0,0.822
397,20,D,180,184,35,0,0.822
397,21,F,12,126,52,0,0.822
397,22,F,21,129,61,0,0.822
397,23,R,130,23,34,0,0.822
397,24,D,180,185,25,0,0.822
397,25,B,70,130,234,1,0.822
397,26,D,180,186,28,0,0.822
397,27,F,29,119,46,0,0.822
397,28,D,184,185,35,0,0.822
397,29,B,32,58,136,0,0.822
397,30,B,23,54,151,0,0.822
397,31,D,188,178,42,0,0.822
397,32,U,189,202,194,0,0.822
397,33,R,142,28,36,0,0.822
397,34,R,151,28,36,0,0.822
397,35,F,27,123,56,0,0.822
397,36,L,194,75,20,0,0.822
397,37,D,200,178,19,0,0.822
397,38,L,184,95,18,0,0.822
397,39,B,18,65,144,0,0.822
397,40,L,186,84,24,0,0.822
397,41,L,191,99,25,0,0.822
397,42,B,31,60,173,0,0.822
397,43,R,157,17,27,0,0.822
397,44,R,149,35,50,0,0.822
397,45,L,169,89,20,0,0.822
397,46,F,22,121,43,0,0.822
397,47,D,184,186,43,0,0.822
397,48,D,183,164,35,0,0.822
397,49,B,27,65,162,0,0.822
397,50,L,196,87,9,0,0.822
397,51,R,140,36,27,0,0.822
397,52,U,177,185,179,0,0.822
397,53,U,171,201,180,0,0.822
398,0,L,251,122,37,0,1.029
398,1,U,238,251,255,0,1.029
398,2,U,255,250,255,0,1.029
398,3,D,255,223,52,0,1.029
398,4,U,250,252,255,0,1.029
398,5,F,19,160,92,0,1.029
398,6,F,20,153,69,0,1.029
398,7,D,252,229,51,0,1.029
398,8,D,255,234,43,0,1.029
398,9,B,30,79,223,0,1.029
398,10,R,206,22,32,0,1.029
398,11,B,27,79,204,0,1.029
398,12,F,13,174,88,0,1.029
398,13,R,207,33,48,0,1.029
398,14,B,20,74,210,0,1.029
398,15,D,255,227,38,0,1.029
398,16,L,253,116,18,0,1.029
398,17,R,209,33,45,0,1.029
398,18,U,255,237,255,0,1.029
398,19,F,24,157,69,0,1.029
398,20,L,255,121,24,0,1.029
398,21,B,40,75,219,0,1.029
398,22,F,38,162,84,0,1.029
398,23,L,255,131,12,0,1.029
398,24,F,26,145,76,0,1.029
398,25,B,113,153,255,1,1.029
398,26,B,108,144,255,1,1.029
398,27,L,255,118,18,0,1.029
398,28,D,255,232,51,0,1.029
398,29,R,224,37,53,0,1.029
398,30,U,255,255,255,0,1.029
398,31,D,255,225,54,0,1.029
398,32,D,255,234,60,0,1.029
398,33,R,200,31,36,0,1.029
398,34,F,29,169,76,0,1.029
398,35,F,33,168,85,0,1.029
398,36,F,33,164,84,0,1.029
398,37,R,208,31,31,0,1.029
398,38,R,201,42,36,0,1.029
398,39,L,246,112,23,0,1.029
398,40,L,248,108,18,0,1.029
398,41,U,247,254,255,0,1.029
398,42,B,23,72,215,0,1.029
398,43,R,210,32,46,0,1.029
398,44,U,255,243,255,0,1.029
398,45,L,253,115,38,0,1.029
398,46,L,254,116,25,0,1.029
398,47,D,255,237,33,0,1.029
398,48,R,202,50,37,0,1.029
398,49,B,38,70,206,0,1.029
398,50,B,48,63,205,0,1.029
398,51,D,255,229,59,0,1.029
398,52,U,249,255,255,0,1.029
398,53,U,255,254,255,0,1.029
399,0,F,30,166,65,0,1.044
399,1,F,25,180,87,0,1.044
399,2,R,177,44,44,0,1.044
399,3,B,22,87,207,0,1.044
399,4,U,216,254,255,0,1.044
399,5,F,21,139,66,0,1.044
399,6,L,200,133,27,0,1.044
399,7,U,223,255,255,0,1.044
399,8,B,20,76,215,0,1.044
399,9,U,202,255,255,0,1.044
399,10,R,180,48,43,0,1.044
399,11,U,217,255,255,0,1.044
399,12,R,146,22,51,0,1.044
399,13,R,180,56,61,0,1.044
399,14,B,15,74,231,0,1.044
399,15,L,208,109,20,0,1.044
399,16,D,222,238,43,0,1.044
399,17,D,219,234,37,0,1.044
399,18,F,35,193,73,0,1.044
399,19,B,24,76,219,0,1.044
399,20,L,210,116,40,0,1.044
399,21,R,166,38,40,0,1.044
399,22,F,35,166,76,0,1.044
399,23,D,210,255,55,0,1.044
399,24,R,165,15,29,0,1.044
399,25,D,207,236,60,0,1.044
399,26,F,46,179,82,0,1.044
399,27,U,213,255,255,0,1.044
399,28,F,97,238,149,1,1.044
399,29,U,255,255,255,1,1.044
399,30,L,208,123,27,0,1.044
399,31,D,226,255,41,0,1.044
399,32,L,210,114,24,0,1.044
399,33,L,222,119,23,0,1.044
399,34,F,16,167,79,0,1.044
399,35,B,23,92,221,0,1.044
399,36,R,170,43,49,0,1.044
399,37,L,201,121,39,0,1.044
399,38,D,217,245,46,0,1.044
399,39,B,23,86,216,0,1.044
399,40,L,191,113,20,0,1.044
399,41,U,217,255,255,0,1.044
399,42,B,17,82,220,0,1.044
399,43,U,225,255,255,0,1.044
399,44,B,27,73,203,0,1.044
399,45,F,20,163,68,0,1.044
399,46,U,203,255,255,0,1.044
399,47,D,210,237,45,0,1.044
399,48,D,196,242,47,0,1.044
399,49,B,26,75,229,0,1.044
399,50,R,164,33,37,0,1.044
399,51,R,160,20,37,0,1.044
399,52,L,197,116,37,0,1.044
399,53,D,217,241,58,0,1.044
